/* Generated by tools/muse/wardrobe_assets.py from approved user artwork.
 * Mechanical crop/nearest-neighbor conversion only; do not edit pixels here. */
#pragma once
#include <stdint.h>
#define MUSE_WARDROBE_GRID 96
#define MUSE_WARDROBE_ASSET_COUNT 13
typedef struct { const char *id; uint8_t width, height; const uint16_t *pixels; } muse_wardrobe_asset_t;
/* mild-knit.png; source sha256 bf169eeb5891a9104988e7fe30160fa6ea6bc423fb3bcd1bb5540a7babc175ed; crop (363, 467, 879, 1090) */
static const uint16_t muse_wardrobe_pixels_0[] = {
    0x0000,0x0000,0x0000,0x0000,0x0000,0x0000,0x0000,0x0000,0x0000,0x0000,0x0000,0x0000,0x0000,0x0000,0x0000,0x0000,
    0x0000,0x0000,0x0000,0x0000,0x0000,0x0000,0x0000,0x0000,0x0000,0x0000,0x3943,0x4164,0x3943,0x3103,0x4144,0x3923,
    0x28e2,0x4164,0x3944,0x0000,0x0000,0x0000,0x0000,0x0000,0x0000,0x0000,0x0000,0x0000,0x0000,0x0000,0x0000,0x0000,
    0x0000,0x0000,0x0000,0x0000,0x0000,0x0000,0x0000,0x0000,0x0000,0x0000,0x0000,0x0000,0x0000,0x0000,0x0000,0x0000,
    0x0000,0x0000,0x0000,0x0000,0x0000,0x0000,0x0000,0x0000,0x0000,0x0000,0x0000,0x0000,0x0000,0x0000,0x0000,0x0000,
    0x0000,0x0000,0xd5f3,0x30e2,0x3923,0x3103,0xff9b,0xff5a,0xc5d4,0xff9b,0xff5a,0xff7a,0xad31,0xff7b,0xde34,0x3103,
    0x20a2,0x5a25,0x0000,0x0000,0x0000,0x0000,0x0000,0x0000,0x0000,0x0000,0x0000,0x0000,0x0000,0x0000,0x0000,0x0000,
    0x0000,0x0000,0x0000,0x0000,0x0000,0x0000,0x0000,0x0000,0x0000,0x0000,0x0000,0x0000,0x0000,0x0000,0x0000,0x0000,
    0x0000,0x0000,0x0000,0x0000,0x0000,0x0000,0x0000,0x0000,0x0000,0x0000,0x0000,0x1061,0x1881,0x2903,0xff9b,0xf719,
    0xf75a,0xf73a,0xe6d8,0xf739,0xc5b3,0xf719,0xf739,0xf739,0xbd93,0xff7a,0xd614,0xe6d8,0xbd72,0xe697,0x3944,0x7b08,
    0x7ac7,0x0000,0x0000,0x0000,0x0000,0x0000,0x0000,0x0000,0x0000,0x0000,0x0000,0x0000,0x0000,0x0000,0x0000,0x0000,
    0x0000,0x0000,0x0000,0x0000,0x0000,0x0000,0x0000,0x0000,0x0000,0x0000,0x0000,0x0000,0x0000,0x0000,0x0000,0x0000,
    0x0000,0x0000,0x0000,0x0000,0x0000,0x0000,0x3102,0xa44d,0x9c2d,0xc593,0xcdf5,0xcdf4,0xc5b3,0xce15,0xd655,0xcdf4,
    0xc5b3,0xcdd4,0xcdd4,0xcdf4,0xbd72,0xc593,0xd635,0xde97,0xb531,0xc592,0x93ec,0xe696,0xc5b2,0x3923,0x0000,0x0000,
    0x0000,0x0000,0x0000,0x0000,0x0000,0x0000,0x0000,0x0000,0x0000,0x0000,0x0000,0x0000,0x0000,0x0000,0x0000,0x0000,
    0x0000,0x0000,0x0000,0x0000,0x0000,0x0000,0x0000,0x0000,0x0000,0x0000,0x0000,0x0000,0x0000,0x0000,0x0000,0x0000,
    0x0000,0x18a1,0x1060,0xa44d,0xb511,0xff7b,0xf73a,0xf77b,0xcdf4,0xeed8,0xff9c,0xe6d8,0xc5d4,0xf739,0xff7b,0xff5a,
    0xbd52,0xcdd3,0xf6f8,0xf75b,0xbd72,0xde76,0xe696,0xe696,0xbd72,0x3123,0x0000,0x0000,0x0000,0x0000,0x0000,0x0000,
    0x0000,0x0000,0x0000,0x0000,0x0000,0x0000,0x0000,0x0000,0x0000,0x0000,0x0000,0x0000,0x0000,0x0000,0x0000,0x0000,
    0x0000,0x0000,0x0000,0x0000,0x0000,0x0000,0x0000,0x0000,0x0000,0x0000,0x0000,0x0020,0x0000,0xff5a,0xff59,0xe6d8,
    0xc5f5,0xff7b,0xff7a,0xffdd,0xe6b8,0xff5b,0xe6b7,0xff7a,0xbd72,0xe6b7,0xeef8,0xeed7,0xb551,0xef19,0xef19,0xeed7,
    0xb551,0xf739,0xf719,0xde76,0xacf0,0xde75,0x3103,0x1881,0x0020,0x0000,0x0000,0x0000,0x0000,0x0000,0x0000,0x0000,
    0x0000,0x0000,0x0000,0x0000,0x0000,0x0000,0x0000,0x0000,0x0000,0x0000,0x0000,0x0000,0x0000,0x0000,0x0000,0x0000,
    0x0000,0x0000,0x0000,0x0000,0x0000,0x0000,0x0000,0x0000,0x28e2,0xeed8,0xf739,0xd655,0xc5d4,0xff5a,0xff7a,0xffdd,
    0xe697,0xe696,0xf75a,0xf718,0xbd93,0xff7b,0xf719,0xf719,0xb510,0xeef7,0xeeb7,0xff59,0xbd93,0xf718,0xe676,0xde34,
    0xa4cf,0xe696,0xe675,0xcd91,0x1860,0x0020,0x0000,0x0000,0x0000,0x0000,0x0000,0x0000,0x0000,0x0000,0x0000,0x0000,
    0x0000,0x0000,0x0000,0x0000,0x0000,0x0000,0x0000,0x0000,0x0000,0x0000,0x0000,0x0000,0x0000,0x0000,0x0000,0x0000,
    0x0000,0x0000,0x18a1,0x28e2,0xff59,0xd635,0xd635,0xc5b3,0xc5d4,0xde77,0xd635,0xcdf5,0xcdf5,0xc5b3,0xc5b3,0xcdf4,
    0xb551,0xcdf4,0xbd92,0xc5f4,0xc5b3,0xbd72,0xbd72,0xc593,0xbd72,0xc593,0xacef,0xb510,0xacf0,0xb531,0xacef,0xa4ae,
    0x28e2,0x3103,0x0000,0x0000,0x0000,0x0000,0x0000,0x0000,0x0000,0x0000,0x0000,0x0000,0x0000,0x0000,0x0000,0x0000,
    0x0000,0x0000,0x0000,0x0000,0x0000,0x0000,0x0000,0x0000,0x0000,0x0000,0x0000,0x0000,0x0000,0x0000,0x0020,0x1860,
    0xe696,0xff7b,0xeed8,0xe697,0xcdf5,0xff9c,0xffbb,0xffbc,0xef19,0xf719,0xeef8,0xeed7,0xb531,0xf739,0xeeb7,0xf718,
    0xb530,0xeed7,0xf719,0xf719,0xbd72,0xeeb7,0xf719,0xde76,0xa4af,0xeed7,0xd614,0xde55,0xa46d,0xacaf,0x28e3,0x0000,
    0x0000,0x0000,0x0000,0x0000,0x0000,0x0000,0x0000,0x0000,0x0000,0x0000,0x0000,0x0000,0x0000,0x0000,0x0000,0x0000,
    0x0000,0x0000,0x0000,0x0000,0x0000,0x0000,0x0000,0x0000,0x0000,0x3103,0xaccf,0xcdf4,0xffdd,0xe6b7,0xff7b,0xde56,
    0xc5f4,0xff7b,0xeed7,0xffdd,0xe6d9,0xeed8,0xe6d7,0xf739,0xce15,0xff5a,0xf75a,0xeef7,0xb551,0xeef8,0xeed8,0xef19,
    0xb552,0xf739,0xde55,0xd634,0xa4ae,0xe675,0xde75,0xde55,0xa48e,0xbd30,0x4184,0x0000,0x0000,0x0000,0x0000,0x0000,
    0x0000,0x0000,0x0000,0x0000,0x0000,0x0000,0x0000,0x0000,0x0000,0x0000,0x0000,0x0000,0x0000,0x0000,0x0000,0x0000,
    0x0000,0x0000,0x0000,0x0000,0x0000,0x3103,0xbd73,0xd656,0xff9c,0xff9d,0xe676,0xe6b7,0xce15,0xacaf,0xff9d,0x9bec,
    0x8bab,0x836a,0x836a,0x93cb,0x7b49,0x8b8a,0x836a,0x93cb,0x7308,0x93cb,0x836a,0x8b8a,0x7b29,0xacaf,0xef19,0xa48e,
    0x9c2d,0xeeb6,0xd5f3,0xd613,0xa4cf,0xb530,0xc591,0x28c2,0x0000,0x0000,0x0000,0x0000,0x0000,0x0000,0x0000,0x0000,
    0x0000,0x0000,0x0000,0x0000,0x0000,0x0000,0x0000,0x0000,0x0000,0x0000,0x0000,0x0000,0x0000,0x0000,0x0000,0x0000,
    0x3943,0xd635,0xd635,0xc5b3,0xf719,0xb510,0x940c,0xb4ae,0xbd0f,0xd54f,0xe633,0xe612,0xcd50,0xdd91,0xddd2,0xe5d1,
    0xb48d,0xe5f2,0xe5b1,0xe5d2,0xbd0f,0xddd2,0xe5d2,0xddb1,0xcd50,0xe5f2,0xddf2,0xd54f,0xac6d,0x8bab,0xaccf,0xcdf3,
    0xb510,0xc592,0xaccf,0x3103,0x0000,0x0000,0x0000,0x0000,0x0000,0x0000,0x0000,0x0000,0x0000,0x0000,0x0000,0x0000,
    0x0000,0x0000,0x0000,0x0000,0x0000,0x0000,0x0000,0x0000,0x0000,0x0000,0x0000,0x0000,0x3943,0xde56,0xc5d4,0xc5d4,
    0xcdf5,0xa46d,0x836a,0xac8e,0xcd71,0xd5b1,0xcd70,0xd590,0xcd91,0xddd2,0xd591,0xd5b1,0xbcce,0xd590,0xd5d2,0xcd90,
    0xb4ce,0xd5b1,0xd5b1,0xd5d2,0xc550,0xcd70,0xcd50,0xcd70,0xb4ce,0x8baa,0x8bab,0xb531,0xa4ae,0xa4ae,0xa48e,0x3944,
    0x0000,0x0000,0x0000,0x0000,0x0000,0x0000,0x0000,0x0000,0x0000,0x0000,0x0000,0x0000,0x0000,0x0000,0x0000,0x0000,
    0x0000,0x0000,0x0000,0x0000,0x0000,0x0000,0x0000,0x0000,0x51a5,0xf75a,0xd655,0xde97,0xbd51,0x93cb,0xfe94,0xddf1,
    0xd5d2,0xfeb5,0xfe94,0xfe94,0xd5d2,0xfed6,0xf653,0xfef6,0xbd0f,0xf674,0xfef7,0xf674,0xbcee,0xfeb5,0xf653,0xff38,
    0xd5b2,0xf632,0xfeb4,0xf674,0xb510,0xfed5,0x8bcb,0xc5b2,0xa4ae,0xc5b2,0xd634,0x3103,0x0000,0x0000,0x0000,0x0000,
    0x0000,0x0000,0x0000,0x0000,0x0000,0x0000,0x0000,0x0000,0x0000,0x0000,0x0000,0x0000,0x0000,0x0000,0x0000,0x0000,
    0x0000,0x0000,0x0000,0x4984,0xff59,0xf739,0xbd30,0x9c4d,0x83ab,0xfeb5,0xfed5,0xddd1,0xd5d2,0xfef7,0xfe94,0xff37,
    0xe655,0xfe73,0xff39,0xf674,0xbd51,0xff39,0xf632,0xff17,0xc591,0xf653,0xff38,0xfeb5,0xcd70,0xfef7,0xfe95,0xff7a,
    0xbcef,0xfe94,0xf6d6,0x8b8a,0x9c6e,0xcdf3,0xbd51,0x6a87,0x0000,0x0000,0x0000,0x0000,0x0000,0x0000,0x0000,0x0000,
    0x0000,0x0000,0x0000,0x0000,0x0000,0x0000,0x0000,0x0000,0x0000,0x0000,0x0000,0x0000,0x0000,0x0000,0x0000,0x3103,
    0xffbc,0xde55,0xef3a,0xbd52,0x93eb,0xfed5,0xfed5,0xee74,0xd5d2,0xfeb5,0xff17,0xff37,0xde13,0xfed5,0xff59,0xff7a,
    0xbd72,0xff58,0xff38,0xff9a,0xbd51,0xff38,0xff38,0xfef6,0xcdd3,0xff17,0xff38,0xfed6,0xbd30,0xfed5,0xfef7,0x7b4a,
    0x7b6a,0x9c4d,0xd634,0xcdd3,0x51e5,0x2902,0x0000,0x0000,0x0000,0x0000,0x0000,0x0000,0x0000,0x0000,0x0000,0x0000,
    0x0000,0x0000,0x0000,0x0000,0x0000,0x0000,0x0000,0x0000,0x0000,0x0000,0x0000,0x20c2,0xcdf4,0xc5b3,0xcdf5,0xaccf,
    0x838a,0xcdb2,0xcdb2,0xd5d2,0xc550,0xcdb2,0xc570,0xcdb2,0xcdb2,0xd5d3,0xcdb3,0xd615,0xc5b2,0xcdd3,0xce14,0xcdd3,
    0xc572,0xcdb3,0xcdd3,0xcd91,0xcd92,0xcdb2,0xcdb2,0xc591,0xc591,0xcdb2,0xbd0f,0x7b4a,0x83ab,0x9c4d,0xacef,0xa46d,
    0x4164,0x18a1,0x0000,0x0000,0x0000,0x0000,0x0000,0x0000,0x0000,0x0000,0x0000,0x0000,0x0000,0x0000,0x0000,0x0000,
    0x0000,0x0000,0x0000,0x0000,0x0000,0x0000,0x0000,0x8b69,0xf719,0xff5a,0xb4ef,0x942d,0xfef6,0xf6f7,0xfef7,0xe654,
    0xd5f3,0xf6f6,0xff38,0xfef7,0xde55,0xff18,0xff7a,0xff38,0xc5d3,0xff79,0xff59,0xff7a,0xbd51,0xff59,0xf6f7,0xff59,
    0xd613,0xff18,0xfed6,0xff38,0xbd71,0xfed6,0xf6d5,0xff18,0xbd51,0xd634,0xb510,0xc592,0x4184,0x20c2,0x0000,0x0000,
    0x0000,0x0000,0x0000,0x0000,0x0000,0x0000,0x0000,0x0000,0x0000,0x0000,0x0000,0x0000,0x0000,0x0000,0x0000,0x0000,
    0x0000,0x0000,0x4184,0xff7b,0xe675,0xeeb7,0xe6d8,0xc5d3,0xff17,0xf6d6,0xff18,0xe696,0xd5f3,0xff17,0x0000,0x0000,
    0x0000,0xff59,0xff17,0xff7a,0xc5b3,0xff7a,0xff18,0xff38,0xcdf5,0xf6f6,0xff39,0x0020,0x0000,0x0000,0xff37,0xfef6,
    0xbd72,0xfed6,0xff18,0xfef6,0xacae,0x9c4d,0xd634,0xbd30,0x51c5,0x18a2,0x0000,0x0000,0x0000,0x0000,0x0000,0x0000,
    0x0000,0x0000,0x0000,0x0000,0x0000,0x0000,0x0000,0x0000,0x0000,0x0000,0x0000,0x0000,0x0000,0x0000,0x49a5,0xff9c,
    0xeed7,0xff7b,0xacaf,0x8bcb,0xfef6,0xff17,0xff17,0xe654,0xee96,0x0000,0xffdf,0x0000,0x0000,0x0000,0xff3a,0xff59,
    0xc5d4,0xff16,0xff59,0xff39,0xbdb3,0xff5a,0x0000,0xf7be,0xad54,0x0000,0x0000,0xff78,0xc551,0xff17,0xfef7,0xf6d6,
    0xbd71,0xde55,0xb510,0xc571,0x51e5,0x0840,0x0000,0x0000,0x0000,0x0000,0x0000,0x0000,0x0000,0x0000,0x0000,0x0000,
    0x0000,0x0000,0x0000,0x0000,0x0000,0x0000,0x0000,0x0000,0x0000,0x3102,0x49c5,0xd615,0xc5d3,0xbd93,0xaccf,0xb510,
    0xcdd3,0xc571,0xcd91,0xd5f3,0xd5f3,0x0000,0x0841,0x0000,0x0000,0x0000,0xcdf4,0xd635,0xcdf4,0xcdf4,0xcdf4,0xd614,
    0xc5b3,0xcdd3,0x0000,0x0841,0x0861,0x0000,0x0000,0xddd2,0xc592,0xcdb2,0xcdb2,0xd5f3,0xacef,0x940c,0xcdb2,0xacf0,
    0x6287,0x3144,0x28e2,0x0000,0x0000,0x0000,0x0000,0x0000,0x0000,0x0000,0x0000,0x0000,0x0000,0x0000,0x0000,0x0000,
    0x0000,0x0000,0x0000,0x0000,0x0000,0x3963,0x72c8,0xe6b7,0xde76,0xd615,0xe6d8,0xcdd3,0xeeb6,0xee75,0xeeb6,0xd5f3,
    0xe696,0x0820,0x0000,0x0000,0x0000,0x0841,0xff7b,0xf6f8,0xc5b3,0xf739,0xeef8,0xe696,0xcdd4,0xeed8,0x0841,0x0000,
    0x0000,0x0000,0x0841,0xff38,0xbd50,0xe654,0xf6d7,0xeeb6,0xa46d,0x9c6d,0xc592,0xc571,0x940c,0x4185,0x3944,0x0000,
    0x0000,0x0000,0x0000,0x0000,0x0000,0x0000,0x0000,0x0000,0x0000,0x0000,0x0000,0x0000,0x0000,0x0000,0x0000,0x0000,
    0x0000,0x0000,0x4184,0xf739,0xeed8,0xff7b,0xacae,0x8bcb,0xfed6,0xff18,0xfef6,0xe675,0xd5f3,0xff39,0x0000,0x0000,
    0x0000,0xff9b,0xff38,0xff9a,0xc5b3,0xfef7,0xff38,0xff7a,0xc5b3,0xfef7,0xff59,0x0000,0x0000,0x0000,0xff39,0xfef6,
    0xbd0f,0xfef7,0xfef7,0xf6d6,0xbd71,0xd635,0xb510,0xcdf3,0xc5b2,0x8bcb,0x4184,0x0000,0x0000,0x0000,0x0000,0x0000,
    0x0000,0x0000,0x0000,0x0000,0x0000,0x0000,0x0000,0x0000,0x0000,0x0000,0x0000,0x0000,0x0000,0x51e5,0xf759,0xf739,
    0xf718,0xe676,0xeeb7,0xc592,0xfef7,0xfef6,0xf534,0xe674,0xd614,0xfed6,0xff38,0xff37,0xe696,0xfed5,0xff38,0xff59,
    0xc592,0xff38,0xff37,0xff7a,0xc5b3,0xfef7,0xfef7,0xff59,0xd5f3,0xff17,0xff17,0xf533,0xc4d1,0xfed6,0xfef7,0xfef6,
    0xbd30,0x9c4d,0xb4ef,0xb4ef,0xcdd3,0x7b2a,0x28e2,0x0000,0x0000,0x0000,0x0000,0x0000,0x0000,0x0000,0x0000,0x0000,
    0x0000,0x0000,0x0000,0x0000,0x0000,0x0000,0x0000,0x0000,0x0861,0x72c8,0xcdf4,0xc5d3,0xc5b2,0xce15,0xa4af,0x9c4d,
    0xd5d2,0xd4f1,0xddb4,0xd532,0xccd1,0xcdb1,0xcdd2,0xd5d3,0xcdb3,0xcdb2,0xd5f3,0x20c2,0x18a2,0xde55,0xd614,0x1082,
    0x18c2,0xcdd3,0xcdb2,0xd5f4,0xcdb3,0xcdb2,0xdcd1,0xdd52,0xc552,0xd4d1,0xc591,0xd5d3,0xb4ef,0xb531,0x9c4d,0xaccf,
    0x836a,0x7b4a,0x7309,0x20e2,0x0000,0x0000,0x0000,0x0000,0x0000,0x0000,0x0000,0x0000,0x0000,0x0000,0x0000,0x0000,
    0x0000,0x0000,0x0000,0x0000,0x0841,0x7b08,0xeef8,0xd635,0xde55,0xe6d8,0xa48e,0x83ab,0xde33,0xecf3,0xf6b6,0xdd13,
    0xcc4f,0xee96,0xe654,0xe654,0xd614,0xe675,0xeeb6,0x2081,0x0000,0xe654,0xde34,0x0000,0x0000,0xee96,0xe675,0xe654,
    0xd5f3,0xe674,0xe4b1,0xeed6,0xc551,0xdc90,0xe675,0xde34,0xbd51,0xcdd3,0xa4ae,0xc592,0x8baa,0x8bcb,0x7b4a,0x49a5,
    0x0000,0x0000,0x0000,0x0000,0x0000,0x0000,0x0000,0x0000,0x0000,0x0000,0x0000,0x0000,0x0000,0x0000,0x0000,0x0000,
    0x0820,0x51e5,0xf739,0xeeb6,0xeed7,0xeef9,0xde55,0xb510,0x93cb,0xfef6,0xfcf2,0xe633,0xcdd2,0xfef7,0xfef6,0xfef6,
    0xee75,0xff18,0xf6b5,0xff18,0x7b4a,0x20a1,0x20a1,0xff38,0xc5b2,0xf6d6,0xfed6,0xfed6,0xd614,0xf6b6,0xfef6,0xf513,
    0xbc4e,0xfed5,0xfef7,0x8bab,0x7b49,0x9c6d,0xbd30,0xbd51,0xa46d,0x9c6d,0x83ab,0x3964,0x0000,0x0000,0x0000,0x0000,
    0x0000,0x0000,0x0000,0x0000,0x0000,0x0000,0x0000,0x0000,0x0000,0x0000,0x0000,0x0000,0x0000,0x0000,0x3964,0xe676,
    0xf6f8,0xf718,0xb4cf,0x8bec,0x838b,0xfed5,0xfef7,0xe633,0xde14,0xfef7,0xfeb5,0xff17,0xee96,0xfeb5,0xfed6,0xff17,
    0xc571,0xfed5,0xff18,0xfef6,0xcdd3,0xfeb5,0xf6b5,0xff18,0xcd91,0xfef7,0xff17,0xfef6,0xbd50,0xfef7,0xfed5,0x8b8a,
    0x940c,0xc591,0xc591,0xb4ef,0xa48d,0x51e5,0x20a2,0x0000,0x0000,0x0000,0x0000,0x0000,0x0000,0x0000,0x0000,0x0000,
    0x0000,0x0000,0x0000,0x0000,0x0000,0x0000,0x0000,0x0000,0x0000,0x1083,0x2a0b,0x29ea,0xde33,0xeed7,0xc5d3,0xc5b2,
    0xb4ef,0x8bab,0xff17,0xee54,0xd5d3,0xfed6,0xfed6,0xff17,0xf695,0xfed6,0xfe73,0xfeb5,0xbd30,0xff17,0xfef6,0xfef6,
    0xbd2f,0xfef6,0xff17,0xfef6,0xcd91,0xfe94,0xff17,0xff17,0xbd2f,0xff17,0x8bab,0xcdb1,0x9c4d,0xbd71,0xcdf3,0xa44d,
    0x2168,0x1948,0x1948,0x1083,0x0000,0x0000,0x0000,0x0000,0x0000,0x0000,0x0000,0x0000,0x0000,0x0000,0x0000,0x0000,
    0x0000,0x0000,0x0000,0x0000,0x0000,0x1948,0x7c95,0x5371,0x29ca,0xc550,0xbd92,0xc592,0xf739,0xbd30,0x940c,0x8bab,
    0x838a,0xe613,0xe633,0xee54,0xd5d2,0xd5b1,0xcd50,0xd5b2,0xc571,0xcd70,0xc550,0xcd50,0xc550,0xd5d2,0xd5d2,0xcd50,
    0xc530,0xe5f2,0xee53,0x9c0c,0x6ae8,0x9c0c,0xcd92,0xc592,0x9c6d,0xacce,0x9c4e,0x2189,0x322c,0x324c,0x21ca,0x1907,
    0x0000,0x0000,0x0000,0x0000,0x0000,0x0000,0x0000,0x0000,0x0000,0x0000,0x0000,0x0000,0x0000,0x0000,0x0000,0x0000,
    0x18e6,0x63d3,0x2189,0x7454,0x63d3,0x326d,0x21ca,0x1989,0x1948,0xd613,0xa46d,0x940c,0x7b29,0xacae,0xc571,0xa42c,
    0xa48e,0xacad,0xc52f,0xc571,0xb4ce,0xcd71,0xd5b2,0xc52f,0xbd0f,0xbd0f,0xbcee,0xbd30,0xb4ce,0xc592,0xb4ce,0x7329,
    0x836a,0x83ab,0xb50f,0x1969,0x21aa,0x21a9,0x326d,0x42cf,0x4b10,0x1989,0x1948,0x3a6e,0x10e6,0x0000,0x0000,0x0000,
    0x0000,0x0000,0x0000,0x0000,0x0000,0x0000,0x0000,0x0000,0x0000,0x0000,0x0000,0x10e6,0x84f8,0x63f3,0x29ca,0x10c5,
    0x63f3,0x5b92,0x3a8d,0x5330,0x4b10,0x5350,0x21cb,0x21aa,0x1148,0x1947,0xac8e,0x9c2c,0x7b49,0xacae,0x8369,0xcdd3,
    0xaccf,0x942c,0xc592,0x836a,0x836a,0xcd91,0x8b8a,0xa4ae,0x8bcb,0x9c4d,0x2189,0x2188,0x2189,0x29ca,0x42ce,0x4b30,
    0x326d,0x42cf,0x5b92,0x3a8d,0x08a5,0x1927,0x2a0b,0x324d,0x6c15,0x10a4,0x0000,0x0000,0x0000,0x0000,0x0000,0x0000,
    0x0000,0x0000,0x0000,0x0000,0x0000,0x10c5,0x10e6,0xadfa,0x42f0,0x4b10,0x5b71,0x29eb,0x08a4,0x7434,0x42ce,0x322c,
    0x5330,0x4b10,0x63d3,0x6c14,0x3a6c,0x63d3,0x5b72,0x324e,0x2a2d,0x29ec,0x4aee,0x21ca,0x08e6,0x72e8,0x7b49,0x1127,
    0x3a6d,0x5351,0x2a2c,0x29ec,0x1989,0x3af0,0x63d2,0x6c14,0x42ce,0x6c14,0x4b10,0x3a6d,0x2a0b,0x3a6d,0x5350,0x08c5,
    0x21a9,0x3a4c,0x29ea,0x42ae,0x324d,0x7455,0x10a5,0x0000,0x0000,0x0000,0x0000,0x0000,0x0000,0x0000,0x0000,0x0000,
    0x0841,0x426d,0x530f,0x63d2,0x42ae,0x4b10,0x322c,0x322c,0x10a5,0x63b2,0x3a8e,0x3a8d,0x3a8d,0x322c,0x42af,0x3a8e,
    0x29ca,0x3a6d,0x4b10,0x322c,0x3a6d,0x4aef,0x4aef,0x2189,0x1906,0x5289,0x4229,0x1948,0x320b,0x5330,0x42ce,0x3a6d,
    0x29eb,0x3aae,0x42ae,0x3a8d,0x324c,0x42ef,0x3a6d,0x3a8e,0x29eb,0x4aef,0x42ce,0x0884,0x29eb,0x2a0b,0x2a0b,0x4b10,
    0x29eb,0x4b10,0x428d,0x0841,0x0000,0x0000,0x0000,0x0000,0x0000,0x0000,0x0000,0x0841,0x322c,0x5b71,0x6bf3,0x3a6d,
    0x4b0f,0x29ca,0x5b71,0x42ef,0x2169,0x320b,0x4ace,0x5350,0x4af0,0x3a8e,0x4b31,0x3a6d,0x29eb,0x4b10,0x3a6e,0x3a8e,
    0x5371,0x5350,0x10e6,0x0862,0x428d,0xffdb,0xff58,0x324c,0x10c5,0x08c4,0x5b50,0x5b71,0x322c,0x42ae,0x324d,0x322c,
    0x29eb,0x4aef,0x3a4d,0x4b0f,0x3a6d,0x63b2,0x29a9,0x2189,0x3a6d,0x2a0b,0x322c,0x320c,0x42ae,0x3a4d,0x5b92,0x31ea,
    0x0863,0x0000,0x0000,0x0000,0x0000,0x0000,0x1083,0x10e5,0x5350,0x4b0f,0x3aae,0x5330,0x324d,0x5b72,0x322c,0x42ef,
    0x3a6d,0x0863,0x0022,0x2147,0x6c13,0x3a8e,0x4310,0x324d,0x5330,0x320c,0x42cf,0x6c34,0x42ad,0x0042,0x10e6,0x08a4,
    0x5330,0xff7a,0xff9a,0x8410,0x1106,0x1948,0x0862,0x532f,0x4aef,0x5bb2,0x3a6d,0x42cf,0x322c,0x3a8e,0x3a8e,0x7434,
    0x42ad,0x2147,0x08a4,0x29eb,0x42ef,0x322c,0x322c,0x2a0b,0x5b92,0x3a6d,0x322c,0x63d3,0x2189,0x0000,0x0000,0x0000,
    0x0000,0x0000,0x10c5,0x9558,0x5b71,0x42cf,0x42cf,0x42cf,0x5372,0x326e,0x5372,0x29eb,0x4b30,0x324c,0x1947,0x0021,
    0x7454,0x7c75,0x4b10,0x3a8e,0x320c,0x4aef,0x7c55,0x5b71,0x0863,0x1927,0x29eb,0x1927,0x63d2,0xffdc,0xff5a,0x3a6e,
    0x1948,0x3a8e,0x1948,0x0863,0x0884,0x84b6,0x5bb3,0x42af,0x4b30,0x5351,0x7c75,0x322c,0x0001,0x0862,0x326d,0x42cf,
    0x326d,0x29eb,0x3a6d,0x5372,0x324d,0x63d3,0x324d,0x7455,0x5b71,0x0883,0x0000,0x0000,0x0000,0x0000,0x29eb,0x29eb,
    0x1989,0x326d,0x5330,0x5bb2,0x42cf,0x4aef,0x2189,0x5331,0x5b92,0x5b92,0x2a0b,0x320b,0x1106,0x1926,0x7475,0x5b71,
    0x5351,0x7cb6,0x10c4,0x08a4,0x322c,0x3a8e,0x3a8e,0x1948,0x63f3,0x42ad,0x29eb,0x3a8e,0x1968,0x4b10,0x324d,0x2a0c,
    0x10a4,0x0883,0x84d6,0x5bb2,0x4b10,0x7455,0x2168,0x10c5,0x21aa,0x29eb,0x5b92,0x42cf,0x326d,0x21ca,0x2189,0x3a6e,
    0x5b92,0x5b92,0x3a4d,0x322c,0x21aa,0x5351,0x0000,0x0000,0x0000,0x1948,0x7c95,0x6414,0x63d3,0x324d,0x2189,0x3aaf,
    0x5b92,0x29eb,0x0883,0x63d3,0x63b3,0x4b10,0x2a0b,0x5371,0x324c,0x1927,0x10c4,0x7475,0x7cb6,0x10c4,0x2189,0x2a0b,
    0x5351,0x3a8e,0x4b10,0x1106,0x7454,0xffdb,0xff5a,0x5351,0x21a9,0x322c,0x63b2,0x5330,0x29eb,0x29eb,0x0862,0x84d6,
    0x7c75,0x0883,0x1948,0x2a0b,0x3a6d,0x42ce,0x3a8e,0x5331,0x42ae,0x08a5,0x21a9,0x5b92,0x3a6d,0x1969,0x7c95,0x324d,
    0x6c34,0x63f3,0x1948,0x0000,0x0000,0x6a66,0x1905,0x3a8e,0x63d3,0x5330,0x7434,0x2a0c,0x324c,0x1948,0x29ca,0x5b92,
    0x3aae,0x5b92,0x2a0b,0x322c,0x5b71,0x326e,0x29eb,0x0884,0x10a5,0x29eb,0x3a8e,0x5351,0x320c,0x5b92,0x42f0,0x1106,
    0x7475,0xffdd,0xffbc,0x83ef,0x21aa,0x42cf,0x4b10,0x42af,0x324d,0x5b92,0x322c,0x10a4,0x10a4,0x29cb,0x324d,0x4aef,
    0x29eb,0x320c,0x5b91,0x3aaf,0x2a0c,0x1927,0x1968,0x3a6d,0x1948,0x42cf,0x6c34,0x5b71,0x3aae,0x1927,0x7ac7,0x0000,
    0x6a86,0xff39,0xeeb6,0x1947,0x10e5,0x29ca,0x3a8e,0x5350,0x29eb,0x0863,0x42cf,0x3a8e,0x63f3,0x322c,0x324c,0x5350,
    0x324d,0x63f3,0x4b30,0x2a0c,0x322c,0x3a8e,0x5b92,0x3a6d,0x63f3,0x324d,0x5330,0x1947,0x6c14,0xffdb,0xffbb,0x42cf,
    0x2189,0x5331,0x3a6e,0x5b92,0x29eb,0x3a8e,0x5351,0x2a0c,0x3a4d,0x3aae,0x4b10,0x5b92,0x29ca,0x5350,0x42f0,0x4b10,
    0x4b10,0x2189,0x10c5,0x10c5,0x3a8e,0x63f3,0x29cb,0x1107,0x2924,0xeed7,0xf739,0x3923,0x6a66,0xf738,0xff59,0xff18,
    0xb4ef,0x31c7,0x10e6,0x324d,0x4af0,0x0041,0x3a8e,0x5351,0x3a8e,0x5351,0x42ae,0x322c,0x4b10,0x324d,0x4b0f,0x63d3,
    0x324c,0x4b10,0x3aae,0x6c34,0x3a8e,0x5b92,0x324d,0x1968,0x7c75,0x4acf,0x5350,0x63d3,0x21a9,0x3a8e,0x5bb2,0x3a6e,
    0x21a9,0x42f0,0x3a6d,0x4b31,0x5bb2,0x42cf,0x2a0b,0x5bb2,0x29eb,0x29eb,0x4b30,0x322c,0x5351,0x29ea,0x10e5,0x08a4,
    0x4b10,0x21ab,0x10e5,0xcdb2,0xf718,0xf6f7,0xcdb2,0x7b07,0x72a6,0xff5a,0xf6f7,0xf717,0xcdb3,0xaccf,0xcdb2,0x1968,
    0x10c5,0x1106,0x5b92,0x42cf,0x4af0,0x5bb3,0x322c,0x2a0b,0x7454,0x3a8e,0x324d,0x29cb,0x3a4d,0x6bf3,0x42f0,0x29eb,
    0x4b31,0x42cf,0x5bb2,0x1906,0x6c13,0xffdc,0xff7a,0x4b10,0x21aa,0x3acf,0x4af0,0x5351,0x21a9,0x4b10,0x5351,0x4b10,
    0x3a8d,0x5351,0x42ef,0x3a8e,0x29ca,0x4aef,0x4b31,0x42cf,0x3aaf,0x324d,0x1947,0x0862,0x1968,0x1948,0xd614,0xee95,
    0xf718,0xe675,0xff5a,0x8328,0x0000,0x6a46,0xde55,0xde34,0xb510,0xa4ae,0xc570,0xb4cf,0x10a3,0x5bb2,0x3a6d,0x5b92,
    0x5b92,0x5330,0x3a6d,0x2168,0x5352,0x4b10,0x63d3,0x5351,0x4b30,0x324e,0x6bf3,0x5351,0x42cf,0x5371,0x3a6d,0x1947,
    0x6c14,0xff7a,0xf75a,0x7bf0,0x2189,0x3aaf,0x4af0,0x42cf,0x2a0c,0x63d3,0x42cf,0x3a8e,0x29eb,0x5371,0x3aaf,0x5331,
    0x29ca,0x324d,0x42cf,0x4b10,0x324d,0x1989,0x2189,0x1927,0x20a2,0xac8e,0xd634,0xde34,0xde34,0xbd30,0x5a26,0x0000,
    0x0000,0x5a05,0x6246,0xd5f3,0xb4ef,0x7b08,0x5a05,0x5a06,0x0020,0x3a6d,0x5b71,0x3a8e,0x5b71,0x4b10,0x42cf,0x320b,
    0x63d3,0x5371,0x3a8e,0x320c,0x29eb,0x5bb2,0x63b3,0x63b2,0x5bb2,0x3a8e,0x5351,0x1948,0x7454,0x9450,0x942f,0x42cf,
    0x21aa,0x4b10,0x5331,0x4b10,0x2a0b,0x3a8e,0x4b10,0x63d3,0x42ce,0x322d,0x5bb3,0x326d,0x320b,0x5371,0x42f0,0x4b10,
    0x4b30,0x324d,0x21a9,0x1106,0x0020,0x5a25,0x51e5,0xde34,0xd5f3,0x8b69,0x6aa7,0x0000,0x0000,0x0000,0x0000,0x6a66,
    0x49c4,0x1081,0x0000,0x0000,0x1927,0x5bb2,0x3a6d,0x5b71,0x42cf,0x42cf,0x2a0b,0x3a6d,0x5bb2,0x3a6d,0x7454,0x5b92,
    0x3a6d,0x3a8e,0x3a6e,0x3a8e,0x3a6d,0x6c14,0x42cf,0x1927,0x6c34,0x5371,0x63d3,0x5371,0x1968,0x5331,0x42cf,0x5bb2,
    0x3a8d,0x5bb2,0x42ef,0x3a8e,0x324d,0x5b92,0x42f0,0x4b10,0x218a,0x324d,0x4b10,0x4b10,0x324d,0x21ca,0x21a9,0x3a8e,
    0x10c5,0x0000,0x0820,0x5a26,0x5a26,0x0000,0x0000,0x0000,0x0000,0x0000,0x0000,0x0000,0x0000,0x0000,0x0000,0x0000,
    0x2189,0x63f4,0x324d,0x5bb2,0x42af,0x4b10,0x324d,0x5350,0x3aaf,0x5bb3,0x5372,0x324d,0x42ae,0x324d,0x63b3,0x42cf,
    0x324d,0x4b10,0x42af,0x5b51,0x2a0c,0x29ca,0x1989,0x29ca,0x42cf,0x5b72,0x4b31,0x42cf,0x21ca,0x63d3,0x4aef,0x6c14,
    0x3a6d,0x326d,0x5b91,0x3a8e,0x322c,0x5b71,0x5351,0x326d,0x5351,0x21cb,0x322c,0x42cf,0x1927,0x0000,0x0000,0x0000,
    0x0000,0x0000,0x0000,0x0000,0x0000,0x0000,0x0000,0x0000,0x0000,0x0000,0x0000,0x0000,0x21aa,0x324d,0x5b71,0x322c,
    0x5b92,0x5b92,0x322c,0x21ca,0x5b92,0x5331,0x324d,0x5351,0x29eb,0x5330,0x322c,0x42af,0x5bb2,0x5b92,0x4b10,0x3a6e,
    0x5330,0x5b92,0x42ce,0x3aaf,0x5b71,0x322c,0x5351,0x326e,0x2a2c,0x63d3,0x3aaf,0x42f0,0x29eb,0x5b92,0x3a8e,0x63d3,
    0x29eb,0x322c,0x3a8e,0x4b10,0x3a8e,0x21a9,0x21a9,0x3a4d,0x1928,0x0000,0x0000,0x0000,0x0000,0x0000,0x0000,0x0000,
    0x0000,0x0000,0x0000,0x0000,0x0000,0x0000,0x0000,0x0020,0x1083,0x21aa,0x29ca,0x3a6d,0x3a8e,0x42ef,0x320b,0x5330,
    0x322c,0x3a6d,0x29eb,0x5330,0x2a0b,0x3a6e,0x4b10,0x5330,0x29cb,0x3a8e,0x2a0c,0x5351,0x2a0c,0x2a0c,0x322c,0x322c,
    0x2a0c,0x3a6d,0x29eb,0x63d2,0x42ef,0x320c,0x322c,0x4b0f,0x21aa,0x5350,0x2a0c,0x3a6e,0x29ea,0x3a8d,0x5b51,0x2a0b,
    0x29ca,0x2168,0x1106,0x2189,0x10c5,0x0000,0x0000,0x0000,0x0000,0x0000,0x0000,0x0000,0x0000,0x0000,0x0000,0x0000,
    0x0000,0x0000,0x0000,0x0000,0x0863,0x4aef,0x21a9,0x1948,0x21aa,0x29eb,0x21aa,0x3a6d,0x42cf,0x4b10,0x42ae,0x29eb,
    0x29eb,0x29ea,0x320c,0x320b,0x29eb,0x2189,0x3a6d,0x3a8e,0x3a6d,0x29eb,0x29c9,0x21a9,0x2a0c,0x21a9,0x322c,0x29ea,
    0x2a0b,0x322c,0x322c,0x21ca,0x320c,0x322c,0x3a8d,0x3a8e,0x21aa,0x29eb,0x29eb,0x21aa,0x10e6,0x1947,0x29eb,0x324d,
    0x0021,0x0000,0x0000,0x0000,0x0000,0x0000,0x0000,0x0000,0x0000,0x0000,0x0000,0x0000,0x0000,0x0000,0x0000,0x0000,
    0x10a5,0x63d2,0x324d,0x5351,0x322c,0x29ca,0x21aa,0x324d,0x324d,0x4b10,0x5b92,0x4b0f,0x322c,0x4aef,0x3aaf,0x63d3,
    0x3a8e,0x5331,0x63b3,0x326d,0x5351,0x320b,0x3a8e,0x63d3,0x2a0c,0x42cf,0x4b10,0x42ce,0x29ca,0x5351,0x5331,0x320c,
    0x42ce,0x3a6e,0x4b10,0x2a0c,0x322c,0x320c,0x29cb,0x2a0c,0x29ca,0x29eb,0x324d,0x42af,0x0000,0x0000,0x0000,0x0000,
    0x0000,0x0000,0x0000,0x0000,0x0000,0x0000,0x0000,0x0000,0x0000,0x0000,0x0000,0x0000,0x08a4,0x63d2,0x322c,0x42ef,
    0x3a8e,0x5350,0x4aef,0x1127,0x63b3,0x2a0c,0x29eb,0x29ea,0x2189,0x322d,0x3a6e,0x324d,0x3a8e,0x326e,0x3a6e,0x320c,
    0x3a6d,0x3a6d,0x4af0,0x322c,0x4b30,0x324d,0x326d,0x324c,0x1968,0x42ae,0x324d,0x1969,0x21aa,0x29eb,0x322c,0x42ef,
    0x21cb,0x2a0b,0x5371,0x2a0c,0x5351,0x29eb,0x322c,0x3a8e,0x0000,0x0000,0x0000,0x0000,0x0000,0x0000,0x0000,0x0000,
    0x0000,0x0000,0x0000,0x0000,0x0000,0x0000,0x0000,0x0000,0x0020,0x10c5,0x2168,0x42ef,0x3a4c,0x5350,0x42ce,0x29ca,
    0x63d3,0x322d,0x63d3,0x29cb,0x42ce,0x6c34,0x29eb,0x63f3,0x29ec,0x63d3,0x5b92,0x29ca,0x6c34,0x29cb,0x4b10,0x21cb,
    0x6bf3,0x21aa,0x5b92,0x29eb,0x5330,0x324d,0x29ea,0x7454,0x29eb,0x5bb2,0x2a0c,0x63d3,0x2169,0x2a0b,0x63d3,0x21aa,
    0x5372,0x1968,0x1106,0x1106,0x0000,0x0000,0x0000,0x0000,0x0000,0x0000,0x0000,0x0000,0x0000,0x0000,0x0000,0x0000,
    0x0000,0x0000,0x0000,0x0000,0x0000,0x20e3,0x6b4b,0x1927,0x2189,0x3a8d,0x324d,0x2a0b,0x5bb2,0x2a0c,0x63d3,0x2a2d,
    0x3a4d,0x63d3,0x29eb,0x6bf4,0x29ec,0x6bf3,0x4b31,0x322c,0x63d3,0x29eb,0x63d3,0x21ca,0x5b71,0x29ec,0x5b71,0x2a2c,
    0x4b10,0x322c,0x320b,0x63f3,0x29ec,0x5351,0x29eb,0x63f3,0x21a9,0x324d,0x29eb,0x1948,0x1106,0x4228,0x3185,0x18a2,
    0x0000,0x0000,0x0000,0x0000,0x0000,0x0000,0x0000,0x0000,0x0000,0x0000,0x0000,0x0000,0x0000,0x0000,0x0000,0x0000,
    0x0000,0x2903,0x8c4e,0x738c,0x630a,0x5288,0x1106,0x10e6,0x1906,0x1927,0x2189,0x2189,0x1968,0x2a0b,0x21aa,0x63d3,
    0x2a0b,0x324d,0x5bb2,0x29eb,0x63d3,0x320c,0x63d2,0x29eb,0x5b91,0x2a0b,0x63d2,0x320c,0x428d,0x29eb,0x2188,0x31ea,
    0x1927,0x1948,0x1927,0x1948,0x08a4,0x1127,0x4a68,0x5ac9,0x6b4b,0x6b4b,0x4206,0x18a2,0x0000,0x0000,0x0000,0x0000,
    0x0000,0x0000,0x0000,0x0000,0x0000,0x0000,0x0000,0x0000,0x0000,0x0000,0x0000,0x0000,0x0000,0x0000,0x2924,0x94b0,
    0x9490,0x7bac,0x5ae9,0x6b6c,0x5aa9,0x840d,0x73ac,0x630a,0x4247,0x630a,0x6b6c,0x5268,0x4a68,0x1928,0x1927,0x1948,
    0x1968,0x1927,0x10c5,0x10e6,0x1106,0x1947,0x1948,0x1948,0x1946,0x632b,0x632a,0x630a,0x52a9,0x73ac,0x840e,0x5ac9,
    0x5ae9,0x632a,0x7bcd,0x8c4e,0x8c4f,0x20e3,0x0020,0x0000,0x0000,0x0000,0x0000,0x0000,0x0000,0x0000,0x0000,0x0000,
    0x0000,0x0000,0x0000,0x0000,0x0000,0x0000,0x0000,0x0000,0x0000,0x0000,0x3144,0x948f,0x9490,0x9490,0x736b,0x7bed,
    0x632a,0x9cd1,0x94b0,0x73ac,0x6b6b,0x8c6f,0x840e,0x94b0,0x738c,0x738b,0x6b2a,0x738c,0x4207,0x6b6b,0x630a,0x630a,
    0x4a48,0x738c,0x6b4b,0x6b6b,0x632a,0x73ac,0x736b,0x73ac,0x6b4b,0x94b0,0xa512,0x5ac9,0x6b6b,0x7bed,0x8c4f,0x8c4f,
    0x6b4b,0x20c2,0x0820,0x0000,0x0000,0x0000,0x0000,0x0000,0x0000,0x0000,0x0000,0x0000,0x0000,0x0000,0x0000,0x0000,
    0x0000,0x0000,0x0000,0x0000,0x0000,0x0000,0x2103,0x94b0,0x8c6f,0x948f,0x6b4b,0x4a47,0xa4f1,0x5ac9,0x8c6f,0x8c6f,
    0x7bee,0x8c90,0x8c6f,0x8c6f,0x9490,0x8c6f,0x94b0,0x8c6f,0x4a27,0x7bed,0x7bed,0x94b0,0x5268,0x8c6f,0x9490,0x8c6f,
    0x6b6b,0x8c6f,0x8c6f,0x94b1,0x738c,0x8c6f,0x5ae9,0x9cd0,0x6b2a,0x6b6b,0x8c4f,0x840e,0x630a,0x18a2,0x0020,0x0000,
    0x0000,0x0000,0x0000,0x0000,0x0000,0x0000,0x0000,0x0000,0x0000,0x0000,0x0000,0x0000,0x0000,0x0000,0x0000,0x0000,
    0x0000,0x0000,0x0000,0x2103,0x9490,0x5268,0x73cd,0x9cf1,0x5ae9,0x9490,0x94b0,0x9470,0x842e,0x94b0,0x9490,0x94b0,
    0x7bac,0x8c70,0x9490,0x8c4f,0x4a27,0x8c4f,0x7bcd,0x73ac,0x52a9,0x8c6f,0x94b0,0x94b0,0x6b4b,0x94b0,0x9cd1,0x9490,
    0x738c,0x9490,0x9490,0x5ac9,0x9cd1,0x8c6f,0x4a68,0x7bcd,0x18a2,0x0000,0x0000,0x0000,0x0000,0x0000,0x0000,0x0000,
    0x0000,0x0000,0x0000,0x0000,0x0000,0x0000,0x0000,0x0000,0x0000,0x0000,0x0000,0x0000,0x0000,0x0000,0x0000,0x3124,
    0x9cf1,0x94b0,0x632b,0x5289,0x9490,0x8c6f,0x8c6f,0x7bed,0x6b6c,0x94b0,0x9490,0x948f,0x630a,0x8c4f,0x73ac,0x8c4f,
    0x4207,0x7c0e,0x630a,0x52a9,0x8c6f,0x8c4f,0x9490,0x948f,0x73ac,0x94b1,0x9cd0,0x8c6f,0x6b6b,0x94b0,0x9490,0x9cd1,
    0x5ac9,0x5288,0xa532,0x632b,0x18c2,0x0000,0x0000,0x0000,0x0000,0x0000,0x0000,0x0000,0x0000,0x0000,0x0000,0x0000,
    0x0000,0x0000,0x0000,0x0000,0x0000,0x0000,0x0000,0x0000,0x0000,0x0000,0x0000,0x0000,0x3185,0x840e,0x73ac,0x840e,
    0x83ee,0x840e,0x7bcd,0x7bed,0x73ac,0x7bed,0x840e,0x83ee,0x738c,0x6b2a,0x6b6b,0x6b4b,0x5288,0x4227,0x5288,0x7bcd,
    0x630a,0x6b2b,0x73ac,0x7bad,0x738c,0x840e,0x83ee,0x840e,0x7bcd,0x8c4f,0x840e,0x736c,0x632a,0x842e,0x738c,0x2103,
    0x0000,0x0000,0x0000,0x0000,0x0000,0x0000,0x0000,0x0000,0x0000,0x0000,0x0000,0x0000,0x0000,0x0000,0x0000,0x0000,
    0x0000,0x0000,0x0000,0x0000,0x0000,0x0000,0x0000,0x0000,0x2903,0x738c,0x6b4b,0x6b6b,0x840e,0x73ac,0x7bcd,0x73ac,
    0x73ac,0x6b6b,0x73ac,0x738c,0x6b4b,0x630a,0x5aa9,0x4a47,0x5288,0x31a5,0x39c6,0x4a68,0x5288,0x6b4b,0x7bcd,0x6b6b,
    0x6b6b,0x738c,0x6b6c,0x7bcd,0x6b4b,0x73ac,0x6b6b,0x6b6b,0x632a,0x736c,0x632a,0x2903,0x0000,0x0000,0x0000,0x0000,
    0x0000,0x0000,0x0000,0x0000,0x0000,0x0000,0x0000,0x0000,0x0000,0x0000,0x0000,0x0000,0x0000,0x0000,0x0000,0x0000,
    0x0000,0x0000,0x0000,0x0000,0x20e3,0x738c,0x6b6b,0x6b4b,0x9490,0x8c4f,0x8c6f,0x8c2f,0x7bcd,0x842e,0x7bed,0x842e,
    0x6b4b,0x842e,0x73ac,0x632a,0x632a,0x31a5,0x3165,0x62e9,0x736b,0x738c,0x7bcd,0x8c6f,0x632b,0x9470,0x8c6f,0x8c4f,
    0x6b6b,0x8c6f,0x8c4f,0x83ed,0x630a,0x630a,0x630a,0x18c3,0x0000,0x0000,0x0000,0x0000,0x0000,0x0000,0x0000,0x0000,
    0x0000,0x0000,0x0000,0x0000,0x0000,0x0000,0x0000,0x0000,0x0000,0x0000,0x0000,0x0000,0x0000,0x0000,0x0000,0x0000,
    0x0000,0x2103,0x20e3,0x2924,0x7bee,0x5289,0x6b2b,0x52c9,0x4a48,0x632a,0x842e,0x7bcd,0x738c,0x7bcd,0x73ad,0x634b,
    0x4a68,0x18a2,0x20e3,0x6b4b,0x62ea,0x738c,0x7bed,0x840e,0x6b6c,0x7bed,0x630a,0x5ac9,0x4247,0x840e,0x4227,0x6b6b,
    0x39c6,0x2923,0x2923,0x0000,0x0000,0x0000,0x0000,0x0000,0x0000,0x0000,0x0000,0x0000,0x0000,0x0000,0x0000,0x0000,
    0x0000,0x0000,0x0000,0x0000,0x0000,0x0000,0x0000,0x0000,0x0000,0x0000,0x0000,0x0000,0x0000,0x0000,0x0000,0x0000,
    0x4207,0xff9a,0xf738,0xf718,0xcdd3,0xde76,0x39c6,0x39c6,0x2944,0x39c6,0x39a5,0x20e3,0x2924,0x0020,0x0000,0x20e3,
    0x18a2,0x2103,0x41e7,0x39c6,0x2924,0x4a27,0xff7a,0xeed7,0xe6b7,0xd614,0xeef8,0x3185,0x0861,0x0000,0x0000,0x0000,
    0x0000,0x0000,0x0000,0x0000,0x0000,0x0000,0x0000,0x0000,0x0000,0x0000,0x0000,0x0000,0x0000,0x0000,0x0000,0x0000,
    0x0000,0x0000,0x0000,0x0000,0x0000,0x0000,0x0000,0x0000,0x0000,0x0000,0x1061,0x41c6,0xf759,0x8c0e,0x83cd,0x8c0d,
    0xc5b3,0xd635,0xde97,0x738d,0x944f,0x5269,0x5aaa,0x3124,0x0000,0x0000,0x0000,0x0000,0x1061,0x41c6,0x62eb,0x62eb,
    0x9c90,0xf738,0xa4af,0xc5b3,0x83ed,0x736c,0x7bad,0xe696,0x4a06,0x2903,0x0000,0x0000,0x0000,0x0000,0x0000,0x0000,
    0x0000,0x0000,0x0000,0x0000,0x0000,0x0000,0x0000,0x0000,0x0000,0x0000,0x0000,0x0000,0x0000,0x0000,0x0000,0x0000,
    0x0000,0x0000,0x0000,0x0000,0x0000,0x0000,0x18a2,0x6b0a,0xd635,0xff5a,0xff59,0xf738,0x62ca,0x738d,0x7b8d,0xa4b0,
    0xde55,0xcdf3,0xc591,0x3144,0x0000,0x0000,0x0000,0x0000,0x0861,0x5226,0xde34,0xf718,0x9c6e,0x9470,0x8c4f,0x734b,
    0xf718,0xff7a,0xf75a,0xc5b3,0x6ac9,0x39a5,0x0000,0x0000,0x0000,0x0000,0x0000,0x0000,0x0000,0x0000,0x0000,0x0000,
    0x0000,0x0000,0x0000,0x0000,0x0000,0x0000,0x0000,0x0000,0x0000,0x0000,0x0000,0x0000,0x0000,0x0000,0x0000,0x0000,
    0x0000,0x0841,0x18e4,0x41e6,0xeed7,0xf739,0xf718,0xf739,0xcdf5,0xf738,0xf718,0xcdd3,0x5247,0x4a27,0x4a06,0x0000,
    0x0000,0x0021,0x0000,0x0020,0x0000,0x1081,0x5227,0x5248,0xde34,0xf75a,0xf718,0xff5a,0xff5a,0xeed7,0xd635,0xc592,
    0x5aa8,0x39a5,0x0000,0x0000,0x0000,0x0000,0x0000,0x0000,0x0000,0x0000,0x0000,0x0000,0x0000,0x0000,0x0000,0x0000,
    0x0000,0x0000,0x0000,0x0000,0x0000,0x0000,0x0000,0x0000,0x0000,0x0000,0x0000,0x0841,0x0862,0x1082,0x1083,0x0000,
    0x5247,0x4a06,0x4a27,0x4a27,0x3985,0x5247,0x5227,0x4a07,0x0000,0x0000,0x1083,0x0000,0x0862,0x1082,0x0862,0x0862,
    0x0021,0x1083,0x0000,0x0000,0x4a07,0x5227,0x4a06,0x5247,0x4a27,0x4a06,0x5227,0x4a06,0x18c2,0x0000,0x10a3,0x1083,
    0x10a3,0x0000,0x0000,0x0000,0x0000,0x0000,0x0000,0x0000,0x0000,0x0000,0x0000,0x0000,0x0000,0x0000,0x0000,0x0000,
    0x0000,0x0000,0x0000,0x0000,0x0000,0x0000,0x0000,0x0000,0x1062,0x0841,0x0000,0x10a3,0x0000,0x0841,0x0000,0x0000,
    0x0021,0x0841,0x0841,0x0000,0x1083,0x1083,0x1083,0x10a3,0x1083,0x0862,0x0862,0x1062,0x1083,0x10a3,0x1083,0x10a3,
    0x0841,0x0000,0x0842,0x0000,0x0000,0x0021,0x0000,0x0000,0x0020,0x0841,0x10a3,0x10a3,0x0000,0x0000,0x0000,0x0000,
    0x0000,0x0000,0x0000,0x0000,0x0000,0x0000,0x0000,0x0000,0x0000,0x0000,0x0000,0x0000,0x0000,0x0000,0x0000,0x0000,
    0x0000,0x0000,0x0000,0x0000,0x0000,0x0000,0x0000,0x0000,0x1082,0x0000,0x1083,0x0000,0x0862,0x0862,0x0000,0x18a3,
    0x1082,0x0000,0x10a3,0x0000,0x1083,0x1062,0x1082,0x1082,0x0000,0x10a3,0x0000,0x1082,0x0000,0x18c4,0x0000,0x1083,
    0x1083,0x10a3,0x0000,0x1062,0x10a3,0x0000,0x0000,0x0000,0x0000,0x0000,0x0000,0x0000,0x0000,0x0000,0x0000,0x0000,
    0x0000,0x0000,0x0000,0x0000,0x0000,0x0000,0x0000,0x0000,0x0000,0x0000,0x0000,0x0000,0x0000,0x0000,0x0000,0x0000,
    0x0000,0x0000,0x0000,0x0000,0x0000,0x0000,0x0000,0x0000,0x0000,0x0000,0x0000,0x10a3,0x0000,0x0000,0x10a3,0x0000,
    0x10a3,0x1082,0x0000,0x0000,0x1083,0x0000,0x0000,0x0000,0x1083,0x10a3,0x0000,0x0000,0x0000,0x0000,0x0000,0x0000,
    0x0000,0x0000,0x0000,0x0000,0x0000,0x0000,0x0000,0x0000,0x0000,0x0000,0x0000,0x0000,0x0000,0x0000,0x0000,0x0000,
};
/* warm-crochet.png; source sha256 f2452ae3bb2ddcb9fb10c3a10b0bf5b8f3da87c510ac40bf0f2d61fd3700a7f1; crop (327, 411, 927, 1101) */
static const uint16_t muse_wardrobe_pixels_1[] = {
    0x0000,0x0000,0x0000,0x0000,0x0000,0x0000,0x0000,0x0000,0x0000,0x0000,0x0000,0x0000,0x0000,0x0000,0x0000,0x0000,
    0x0000,0x0000,0x0000,0x0000,0x0000,0x0000,0x0000,0x0000,0x0000,0x0000,0x0000,0x4164,0x4985,0x4984,0x4984,0x4984,
    0x4144,0x4164,0x4964,0x4164,0x4984,0x0000,0x0000,0x0000,0x0000,0x0000,0x0000,0x0000,0x0000,0x0000,0x0000,0x0000,
    0x0000,0x0000,0x0000,0x0000,0x0000,0x0000,0x0000,0x0000,0x0000,0x0000,0x0000,0x0000,0x0000,0x0000,0x0000,0x0000,
    0x0000,0x0000,0x0000,0x0000,0x0000,0x0000,0x0000,0x0000,0x0000,0x0000,0x0000,0x0000,0x0000,0x0000,0x0000,0x0000,
    0x0000,0x0000,0x0000,0x0000,0x0000,0x0000,0x5a06,0x5a06,0x4964,0x3923,0xfffe,0xc5b3,0xff9b,0xfffe,0xf77b,0xce16,
    0xf719,0xeeb7,0xf6f8,0xcdb3,0x3923,0x4984,0x28c2,0x0000,0x0000,0x0000,0x0000,0x0000,0x0000,0x0000,0x0000,0x0000,
    0x0000,0x0000,0x0000,0x0000,0x0000,0x0000,0x0000,0x0000,0x0000,0x0000,0x0000,0x0000,0x0000,0x0000,0x0000,0x0000,
    0x0000,0x0000,0x0000,0x0000,0x0000,0x0000,0x0000,0x0000,0x0000,0x0000,0x0000,0x0000,0x0000,0x0000,0x0000,0x0000,
    0x0000,0x0000,0x0000,0x0000,0x0000,0x6a67,0x51c5,0x3923,0x4164,0xe6d8,0xc5f5,0xe6b8,0xde97,0xd677,0xbd93,0xcdd3,
    0xd615,0xcdf4,0xacf0,0x3923,0x4144,0x30e2,0x0000,0x0840,0x0000,0x0000,0x0000,0x0000,0x0000,0x0000,0x0000,0x0000,
    0x0000,0x0000,0x0000,0x0000,0x0000,0x0000,0x0000,0x0000,0x0000,0x0000,0x0000,0x0000,0x0000,0x0000,0x0000,0x0000,
    0x0000,0x0000,0x0000,0x0000,0x0000,0x0000,0x0000,0x0000,0x0000,0x0000,0x0000,0x0000,0x0000,0x0000,0x0000,0x0000,
    0x0000,0x20a1,0x51a5,0x51a5,0xff7b,0xc5f5,0xeed8,0xeeb7,0xeeb7,0xb552,0xe6b7,0xeeb7,0xde76,0xbd52,0xe6b8,0xe696,
    0xe696,0xcdf4,0xe6b7,0xde55,0x5a47,0x4144,0x51c5,0x0000,0x0000,0x0000,0x0000,0x0000,0x0000,0x0000,0x0000,0x0000,
    0x0000,0x0000,0x0000,0x0000,0x0000,0x0000,0x0000,0x0000,0x0000,0x0000,0x0000,0x0000,0x0000,0x0000,0x0000,0x0000,
    0x0000,0x0000,0x0000,0x0000,0x0000,0x0000,0x0000,0x0000,0x0000,0x0000,0x0000,0x0000,0x0000,0x0000,0x0000,0x49a5,
    0x732a,0xff5a,0xff9c,0xeef8,0xb511,0xeeb7,0xe676,0xffdd,0xbd94,0xe696,0xf75a,0xe6b7,0xc593,0xe696,0xe696,0xeed8,
    0xde56,0xeef9,0xd5f3,0xacae,0xeef9,0xde54,0x3923,0x3944,0x0000,0x0000,0x0000,0x0000,0x0000,0x0000,0x0000,0x0000,
    0x0000,0x0000,0x0000,0x0000,0x0000,0x0000,0x0000,0x0000,0x0000,0x0000,0x0000,0x0000,0x0000,0x0000,0x0000,0x0000,
    0x0000,0x0000,0x0000,0x0000,0x0000,0x0000,0x0000,0x0000,0x0000,0x0000,0x0000,0x0000,0x5a06,0x51a5,0xff7b,0xb531,
    0xeeb7,0xe697,0xff7b,0xacf0,0xe696,0xff5a,0xe6b7,0xb552,0xe696,0xde55,0xe697,0xb531,0xe696,0xeeb7,0xeeb7,0xd614,
    0xe676,0xef19,0xc5b3,0xde55,0xde55,0xd5f3,0xc592,0x30e3,0x4164,0x0000,0x0000,0x0000,0x0000,0x0000,0x0000,0x0000,
    0x0000,0x0000,0x0000,0x0000,0x0000,0x0000,0x0000,0x0000,0x0000,0x0000,0x0000,0x0000,0x0000,0x0000,0x0000,0x0000,
    0x0000,0x0000,0x0000,0x0000,0x0000,0x0000,0x0000,0x0000,0x0000,0x0000,0x4984,0xfffd,0xe6d9,0xd636,0xb511,0xc572,
    0xc593,0xc593,0xbd72,0xd616,0xc593,0xb530,0xbd51,0xf75a,0xc5b4,0xb510,0xbd52,0xbd72,0xc572,0xbd72,0xbd52,0xc593,
    0xce16,0xacaf,0xb4f0,0xacf0,0xb510,0xa48e,0xaccf,0xa46e,0x4985,0x0000,0x0000,0x0000,0x0000,0x0000,0x0000,0x0000,
    0x0000,0x0000,0x0000,0x0000,0x0000,0x0000,0x0000,0x0000,0x0000,0x0000,0x0000,0x0000,0x0000,0x0000,0x0000,0x0000,
    0x0000,0x0000,0x0000,0x0000,0x0000,0x0000,0x0000,0x0000,0x0000,0x5a05,0xff9c,0xff5a,0xeed7,0xb510,0xe696,0xe697,
    0xeeb7,0xbd72,0xff7c,0xe697,0xe696,0xb531,0xe6b7,0xff7b,0xe697,0xb511,0xe6b7,0xe697,0xe696,0xe697,0xe6b7,0xe6b7,
    0xbd51,0xd614,0xcdb2,0xd634,0xbd51,0xc5b2,0xc571,0x51c5,0x0000,0x0000,0x0000,0x0000,0x0000,0x0000,0x0000,0x0000,
    0x0000,0x0000,0x0000,0x0000,0x0000,0x0000,0x0000,0x0000,0x0000,0x0000,0x0000,0x0000,0x0000,0x0000,0x0000,0x0000,
    0x0000,0x0000,0x0000,0x0000,0x0000,0x0000,0x0020,0x51c5,0xff5a,0xde97,0xf73a,0xe676,0xad11,0xde75,0xff9c,0xff9c,
    0xb552,0xff7b,0xde55,0xeed8,0xb532,0xe676,0xe697,0xde55,0xb532,0xe676,0xe696,0xf739,0xde97,0xe696,0xe697,0xde76,
    0xe676,0xde55,0xde55,0xc551,0xcdd3,0xcdd3,0xcdb2,0x3923,0x0820,0x0000,0x0000,0x0000,0x0000,0x0000,0x0000,0x0000,
    0x0000,0x0000,0x0000,0x0000,0x0000,0x0000,0x0000,0x0000,0x0000,0x0000,0x0000,0x0000,0x0000,0x0000,0x0000,0x0000,
    0x0000,0x0000,0x0000,0x0000,0x1881,0x4984,0xef3a,0xe6b7,0xd635,0xd615,0xde35,0xb531,0xd615,0xef19,0xde55,0xb511,
    0xf73a,0xde35,0xe697,0xbd52,0xde76,0xf77a,0xde55,0xb4f0,0xde35,0xde56,0xe696,0xd5f4,0xd614,0xd614,0xb510,0xcd92,
    0xcdb2,0xcdf3,0xbd30,0xbd31,0xbd30,0xb510,0x8bab,0x3923,0x3923,0x0000,0x0000,0x0000,0x0000,0x0000,0x0000,0x0000,
    0x0000,0x0000,0x0000,0x0000,0x0000,0x0000,0x0000,0x0000,0x0000,0x0000,0x0000,0x0000,0x0000,0x0000,0x0000,0x0000,
    0x0000,0x0000,0x0000,0x20a1,0x4984,0xff9b,0xeed8,0xd615,0xeed8,0xe676,0xaccf,0xe6b7,0xffbd,0xeed8,0xaccf,0xffdd,
    0xeed8,0xeed8,0xbd52,0xeef8,0xff9b,0xe6b7,0xb552,0xe6b7,0xe696,0xe697,0xe696,0xeef8,0xe697,0xb4f0,0xcdd2,0xde55,
    0xde35,0xbd51,0xcdd3,0xd5f3,0xbd30,0xacae,0x3103,0x3944,0x0000,0x0000,0x0000,0x0000,0x0000,0x0000,0x0000,0x0000,
    0x0000,0x0000,0x0000,0x0000,0x0000,0x0000,0x0000,0x0000,0x0000,0x0000,0x0000,0x0000,0x0000,0x0000,0x0000,0x0000,
    0x0000,0x0000,0x20c2,0x51c5,0xff7b,0xe696,0xf75b,0xeef9,0xe697,0xacaf,0xf73b,0xacaf,0xff7b,0xbd72,0x8bab,0x836a,
    0x8b8b,0x7b29,0x8b8b,0x93cb,0x8b8a,0x6ac8,0x836a,0x8bab,0x93cb,0x836a,0x93cc,0xac8e,0xcdb3,0xeed8,0xaccf,0xde76,
    0xbd52,0xde55,0xd5f4,0xc550,0xc571,0x3903,0x4144,0x0000,0x0000,0x0000,0x0000,0x0000,0x0000,0x0000,0x0000,0x0000,
    0x0000,0x0000,0x0000,0x0000,0x0000,0x0000,0x0000,0x0000,0x0000,0x0000,0x0000,0x0000,0x0000,0x0000,0x0000,0x0000,
    0x4164,0x6288,0xffbc,0xe697,0xeef8,0xeef9,0xbd30,0x93cb,0x49e5,0xee33,0xf612,0xf674,0xb4ad,0xee12,0xee54,0xf654,
    0xbcce,0xf633,0xf632,0xddb1,0xcd50,0xee33,0xf654,0xf632,0xe5d1,0xf633,0xf654,0xddb1,0xf654,0xee11,0x7b49,0x93ec,
    0xb4cf,0xde35,0xcdb2,0xd5d3,0xa48e,0x72a8,0x0000,0x0000,0x0000,0x0000,0x0000,0x0000,0x0000,0x0000,0x0000,0x0000,
    0x0000,0x0000,0x0000,0x0000,0x0000,0x0000,0x0000,0x0000,0x0000,0x0000,0x0000,0x0000,0x0000,0x0000,0x0000,0x49a5,
    0x62a9,0xf79c,0xc573,0xb531,0xbd72,0x5206,0x93aa,0x8bab,0xbcce,0xbcad,0xbcae,0xbcef,0xbcee,0xbcce,0xbcce,0xbcce,
    0xb48d,0xbcce,0xbd0f,0xb48d,0xbcae,0xb48d,0xc4ee,0xb48d,0xbcce,0xc4ce,0xbcad,0xb48d,0xbcae,0xa42c,0x62a8,0x6267,
    0xaccf,0xa46e,0xa46e,0x940c,0xa48e,0x3944,0x0000,0x0000,0x0000,0x0000,0x0000,0x0000,0x0000,0x0000,0x0000,0x0000,
    0x0000,0x0000,0x0000,0x0000,0x0000,0x0000,0x0000,0x0000,0x0000,0x0000,0x0000,0x0000,0x0000,0x0000,0xffbd,0xc5b4,
    0xe6b7,0xf73a,0xcdb2,0xaccf,0x6a88,0xfed6,0xb48c,0xee33,0xf654,0xfeb5,0xbccd,0xf6b6,0xf695,0xf653,0xbcce,0xf653,
    0xf695,0xee34,0xc50f,0xf612,0xf674,0xfe95,0xee74,0xf674,0xf612,0xd570,0xfe95,0xf654,0xf653,0x8329,0x8bab,0xd5f3,
    0xd5f3,0xcdb2,0x9c2d,0xb510,0x4164,0x0000,0x0000,0x0000,0x0000,0x0000,0x0000,0x0000,0x0000,0x0000,0x0000,0x0000,
    0x0000,0x0000,0x0000,0x0000,0x0000,0x0000,0x0000,0x0000,0x0000,0x0000,0x0000,0x0000,0x51c5,0xf75a,0xb510,0xe655,
    0xde76,0x9c2c,0x838a,0xf694,0xfeb6,0xb48c,0xf695,0xfef7,0xfeb5,0xbcee,0xf694,0xf6b6,0xfed6,0xcd50,0xfed6,0xfeb5,
    0xee54,0xcd71,0xff18,0xfe74,0xfed6,0xfed6,0xf695,0xfe74,0xddd2,0xfeb6,0xf674,0xf675,0xddd2,0xfeb5,0x9c2d,0xd5f3,
    0xc592,0x940c,0xb510,0x4144,0x0000,0x0000,0x0000,0x0000,0x0000,0x0000,0x0000,0x0000,0x0000,0x0000,0x0000,0x0000,
    0x0000,0x0000,0x0000,0x0000,0x0000,0x0000,0x0000,0x0000,0x0000,0x0000,0x0000,0x4984,0xff7b,0xaccf,0xeeb7,0xeef9,
    0x72e8,0x7b29,0xf6b5,0xf695,0xbcef,0xf6d7,0xf674,0xfef7,0xc550,0xf6b6,0xf6b5,0xff7a,0xc5b3,0xff38,0xff39,0xee96,
    0xcdb2,0xfef8,0xff18,0xfef7,0xf6b6,0xfef7,0xf6d7,0xde13,0xf695,0xfef7,0xfeb6,0xddd2,0xfef7,0x9c0c,0xb4ef,0xbd50,
    0x942d,0xbd30,0x4184,0x0000,0x0000,0x0000,0x0000,0x0000,0x0000,0x0000,0x0000,0x0000,0x0000,0x0000,0x0000,0x0000,
    0x0000,0x0000,0x0000,0x0000,0x0000,0x0000,0x0000,0x0000,0x0000,0x0000,0x4985,0xcdb3,0xbd32,0xc592,0xb4ef,0x93ab,
    0x9c0c,0xcd91,0xcd50,0xc550,0xcd71,0xcd50,0xcd91,0xcd71,0xcd50,0xd5d3,0xde13,0xcdd3,0xcdb2,0xd5d3,0xd5f3,0xc571,
    0xd5f4,0xd5f4,0xd5d3,0xcd92,0xcdb2,0xcdb2,0xc52f,0xcd91,0xd5d3,0xcd91,0xcd71,0xd5d3,0xb48e,0x9c4d,0x9c2c,0x8bec,
    0x9c4d,0x9c4d,0x3103,0x0000,0x0000,0x0000,0x0000,0x0000,0x0000,0x0000,0x0000,0x0000,0x0000,0x0000,0x0000,0x0000,
    0x0000,0x0000,0x0000,0x0000,0x0000,0x0000,0x0000,0x0000,0x4984,0xf77c,0xe676,0xacf0,0xde56,0x9c4d,0xee54,0xee95,
    0xf675,0xff18,0xbcef,0xf695,0xf6d7,0xf6d7,0xc530,0xf6f7,0xf6f7,0xf75a,0xc572,0xf6f7,0xf718,0xe676,0xd5d3,0xeed8,
    0xf6f8,0xf6f7,0xf6d6,0xf6d7,0xf6d6,0xddf3,0xf6f7,0xf695,0xf6b6,0xde13,0xee74,0xf6b6,0xbd10,0xaccf,0x93ec,0xb530,
    0xbd51,0x3923,0x0000,0x0000,0x0000,0x0000,0x0000,0x0000,0x0000,0x0000,0x0000,0x0000,0x0000,0x0000,0x0000,0x0000,
    0x0000,0x0000,0x0000,0x0000,0x0000,0x0000,0x0020,0x49a5,0xff7b,0xe697,0xacf0,0xe6b7,0xff5a,0xf6d7,0xff39,0xf6b5,
    0xff18,0xbd0f,0xf695,0xf6d6,0x0000,0x0000,0x0000,0xff38,0xff38,0xc5b3,0xfef7,0xff7c,0xf6d6,0xd5f4,0xf75a,0xfef7,
    0xff18,0xf6f7,0x0000,0x0000,0xb4cf,0xff16,0xf6b6,0xff18,0xe634,0xfed6,0xfed5,0xb4cf,0xde55,0x940c,0xbd30,0xbd30,
    0x3923,0x0000,0x0000,0x0000,0x0000,0x0000,0x0000,0x0000,0x0000,0x0000,0x0000,0x0000,0x0000,0x0000,0x0000,0x0000,
    0x0000,0x0000,0x0000,0x0000,0x0000,0x0000,0x59e5,0xff5a,0xde55,0xb511,0xf739,0xb4ef,0xf6d6,0xfed6,0xfef7,0xfef7,
    0xbcef,0xf6d7,0x0000,0xf7be,0x9cd2,0x0000,0x0000,0xff39,0xc551,0xff5a,0xff18,0xf719,0xcdb2,0xfef7,0xff38,0x0020,
    0x0820,0xf7be,0x0000,0x0000,0x0000,0xfed6,0xf6d6,0xddf3,0xff18,0xfed6,0xd614,0xaccf,0x8bec,0xb4ef,0xbd30,0x3923,
    0x0000,0x0000,0x0000,0x0000,0x0000,0x0000,0x0000,0x0000,0x0000,0x0000,0x0000,0x0000,0x0000,0x0000,0x0000,0x0000,
    0x0000,0x0000,0x0000,0x0000,0x0000,0x49a5,0xef19,0xd635,0xb510,0xc592,0xeeb7,0xee95,0xee95,0xee95,0xe634,0xbd0f,
    0xee75,0x0000,0x0020,0x0020,0x0000,0x0000,0xe675,0xcdb3,0xeeb7,0xeed7,0xe676,0xcdb3,0xeed7,0xe696,0x0000,0x0000,
    0x0000,0x0000,0x0000,0x0000,0xee96,0xe613,0xd5f2,0xe634,0xee75,0xa44d,0xc551,0x940c,0xb531,0xaccf,0x30e3,0x0000,
    0x0000,0x0000,0x0000,0x0000,0x0000,0x0000,0x0000,0x0000,0x0000,0x0000,0x0000,0x0000,0x0000,0x0000,0x0000,0x0000,
    0x0000,0x0000,0x0000,0x0020,0x51c5,0xff9c,0xe676,0xa4af,0xde14,0xff9b,0xf6d6,0xff38,0xfef6,0xfef7,0xbd0f,0xfed6,
    0x0000,0x0000,0x0000,0x0000,0x0000,0xff7a,0xc571,0xff37,0xff9b,0xf6d7,0xd5f4,0xff38,0xff38,0x0020,0x0000,0x0000,
    0x0000,0x0000,0x0000,0xfed6,0xf6b5,0xe655,0xfed6,0xff17,0xac8e,0xcdd2,0x9c4d,0xc5b2,0xbd50,0x49c5,0x0820,0x0000,
    0x0000,0x0000,0x0000,0x0000,0x0000,0x0000,0x0000,0x0000,0x0000,0x0000,0x0000,0x0000,0x0000,0x0000,0x0000,0x0000,
    0x0000,0x20a2,0x4164,0xf77b,0xe676,0xde76,0xacaf,0xff7b,0xb4cf,0xfef7,0xfed6,0xfed6,0xfed6,0xbd30,0xf6d6,0xf6f7,
    0x0000,0x0000,0x0000,0xff39,0xff39,0xc572,0xff5a,0xfed7,0xf6f8,0xcd92,0xf739,0xfef8,0xfef7,0xf6b7,0x0000,0x0000,
    0xb4cf,0xfef6,0xf6b5,0xf6f8,0xe613,0xff18,0xfed6,0xd5d3,0xacae,0x83ab,0xc551,0xbd30,0xb510,0x3923,0x3923,0x0000,
    0x0000,0x0000,0x0000,0x0000,0x0000,0x0000,0x0000,0x0000,0x0000,0x0000,0x0000,0x0000,0x0000,0x0000,0x0000,0x0000,
    0x1881,0x49a5,0xff7b,0xde55,0xde76,0xaccf,0xd635,0xff38,0xff18,0xfed7,0xfed6,0xf533,0xc3ee,0xfed6,0xfed6,0xff18,
    0xbcef,0xf718,0xf6d6,0xff59,0xbd51,0xff17,0xff38,0xee96,0xcd92,0xf6f8,0xfef7,0xff18,0xf6d6,0xf6d7,0xf6d6,0xcd92,
    0xff38,0xf4f2,0xfed7,0xe613,0xfef7,0xfed6,0xbd0f,0xbd0f,0x838b,0xb510,0xb4ef,0xbd30,0x28e3,0x28e2,0x0000,0x0000,
    0x0000,0x0000,0x0000,0x0000,0x0000,0x0000,0x0000,0x0000,0x0000,0x0000,0x0000,0x0000,0x0000,0x0000,0x0000,0x0820,
    0x1881,0x5a26,0xb531,0xc593,0xacd0,0x9c4d,0xac6d,0xcd70,0xc571,0xd46f,0xd4b0,0xbc2d,0xdc70,0xcd91,0xd5b2,0xcd92,
    0xcd71,0xd5b2,0xd5d3,0xbd11,0x28c2,0xcdd3,0xd5f3,0xcd91,0x3903,0xcd91,0xcdb2,0xcdb3,0xcdb2,0xcd92,0xc48f,0xcc0e,
    0xc511,0xcc4f,0xc4d0,0xcd71,0xd5b2,0xac8e,0x93ec,0x8bcc,0x940c,0x9c4d,0x4184,0x3923,0x3103,0x0000,0x0000,0x0000,
    0x0000,0x0000,0x0000,0x0000,0x0000,0x0000,0x0000,0x0000,0x0000,0x0000,0x0000,0x0000,0x0000,0x0000,0x0000,0x18a2,
    0x59e5,0xeef8,0xde76,0x9c6e,0xe675,0xc530,0xff17,0xff18,0xf491,0xf6d6,0xc4af,0xf491,0xff17,0xfef7,0xbd2f,0xf6b5,
    0xf6b6,0xff17,0xb4cf,0x28c2,0xfed6,0xeeb6,0xd5b3,0x28e3,0xfef7,0xfef7,0xf6b6,0xfed6,0xfef7,0xd40e,0xf4d2,0xf6d6,
    0xf430,0xdcf1,0xff38,0xfeb5,0xd5b1,0x940c,0x7b8b,0xbd31,0xbd51,0x4164,0x3924,0x3103,0x0000,0x0000,0x0000,0x0000,
    0x0000,0x0000,0x0000,0x0000,0x0000,0x0000,0x0000,0x0000,0x0000,0x0000,0x0000,0x0000,0x0000,0x4984,0xef5b,0x3103,
    0xd635,0xff7b,0x9c4d,0xde55,0xcdd3,0xc50f,0xe613,0xf6d6,0xf4d2,0xcbce,0xfeb5,0xf6b5,0xfed6,0xc550,0xf6b6,0xf6b6,
    0xf6b5,0xcd71,0xf6d6,0x30e2,0x28c2,0x1861,0xfef7,0xf6b5,0xfef7,0xee75,0xf6d6,0xf695,0xe634,0xff17,0xf4d2,0xfed7,
    0xee34,0xfef7,0xbccf,0xb4cf,0xb4ef,0x8bab,0xe6d8,0xc571,0x3924,0xe6b7,0xcdb4,0x3103,0x0000,0x0000,0x0000,0x0000,
    0x0000,0x0000,0x0000,0x0000,0x0000,0x0000,0x0000,0x0000,0x0000,0x0000,0x0000,0x51a5,0xf75b,0xeef9,0xff7b,0x4164,
    0xff7b,0xef1a,0xd5d2,0xcdb2,0x9c4d,0x838a,0xfed6,0xf695,0xbcef,0xfed7,0xf695,0xf6b6,0xbd50,0xfed7,0xf695,0xfeb5,
    0xc571,0xf6b5,0xf6f7,0xee54,0xcdb2,0xf6d7,0xf6d7,0xf6b5,0xeeb6,0xf6b6,0xfe95,0xee54,0xff18,0xf6f7,0xf6b6,0xee54,
    0xf6d7,0x9c2c,0xc571,0xbd10,0xd615,0xde55,0x4144,0xef19,0xef19,0xf719,0xf75b,0x3903,0x0000,0x0000,0x0000,0x0000,
    0x0000,0x0000,0x0000,0x0000,0x0000,0x0000,0x0000,0x0000,0x0000,0x0820,0xcd93,0xf719,0xef1a,0xeef9,0x7b0a,0xe697,
    0xef19,0xeef8,0xa44e,0x7164,0x6163,0xac2c,0xbcee,0xbcef,0xbd0f,0xbd30,0xbd30,0xc550,0xc550,0xbcef,0xc530,0xc50f,
    0xb4ae,0xbd10,0xc550,0xbd0f,0xbcef,0xbcef,0xc530,0xc530,0xbd30,0xc530,0xbcee,0xbcee,0xc531,0xb48d,0xa34a,0xa329,
    0x7984,0x99e6,0xd615,0xc593,0xb551,0x6288,0xde76,0xf73a,0xf73a,0xf73a,0xc593,0x0840,0x0000,0x0000,0x0000,0x0000,
    0x0000,0x0000,0x0000,0x0000,0x0000,0x0000,0x0000,0x0000,0x0000,0xff7b,0xf75b,0xef19,0xff7b,0xff9c,0xc551,0xef1a,
    0xf75a,0xf75a,0xff9b,0x8820,0xa8a2,0xd4af,0xc4ce,0xf674,0xfed7,0xfef7,0xbccd,0xfeb5,0xff17,0xff17,0xc52f,0xfed6,
    0xfed6,0xf6d7,0xcd50,0xfed5,0xff17,0xff17,0xf6b5,0xfed6,0xff17,0xee13,0xfeb4,0xf654,0xc2c9,0xb0c3,0x90a3,0xef18,
    0xef19,0xd615,0xde56,0x9c4d,0xd635,0xff7b,0xf73a,0xf73a,0xff7b,0xff7b,0x18c2,0x0000,0x0000,0x0000,0x0000,0x0000,
    0x0000,0x0000,0x0000,0x0000,0x0000,0x0000,0xa904,0xb0c3,0xff5a,0xf77b,0xef1a,0xff7b,0xf73a,0xff7b,0xbd31,0xf73a,
    0xe6d8,0xf75b,0xeed8,0xed53,0xa8e3,0xa227,0xf739,0xeeb6,0xedd1,0xb4ad,0xf654,0xf654,0xf695,0xbcef,0xfeb6,0xf695,
    0xf654,0xc50f,0xf695,0xf674,0xf695,0xee33,0xedd1,0xe613,0xff7a,0xef39,0xd42f,0xa8c3,0xba28,0xeef8,0xf739,0xcdb3,
    0xd635,0xc593,0xaccf,0xeef9,0xf75a,0xf73a,0xf73a,0xf75b,0xf75a,0xb0a3,0xb904,0x0000,0x0000,0x0000,0x0000,0x0000,
    0x0000,0x0000,0x0000,0x0000,0xf73a,0xcc4f,0xee16,0xb8c3,0xff7c,0xeef9,0xff7b,0xff7b,0xff7b,0xc572,0xce15,0x7b09,
    0xf75a,0xff5a,0xf77b,0xffbd,0x9000,0x98a3,0xf79c,0xff7b,0xd5f4,0xb4ef,0xc550,0xacce,0x940c,0xe676,0xacce,0xde55,
    0xc551,0xacae,0xde55,0xac8e,0xa46d,0xff7b,0xf739,0xb103,0x98c3,0xa8e3,0xf73a,0xf75b,0xde56,0xe696,0x6ac8,0xa46e,
    0xde77,0xacaf,0xeef9,0xf77b,0xef19,0xf73a,0xf77c,0xb0e3,0xa0c3,0xee16,0xf77b,0x0000,0x0000,0x0000,0x0000,0x0000,
    0x0000,0x1061,0x9881,0xd4b1,0xeeb8,0xf739,0x8800,0x98a3,0x90e3,0xf73a,0xeed8,0xd636,0xc572,0xff7b,0xffdd,0xff9b,
    0xf719,0xf75a,0xeef8,0xe6d8,0xddd4,0x9861,0x90a3,0x80e3,0xeed7,0xef19,0xc571,0xb4f0,0xaccf,0xcdd3,0xb50f,0xacae,
    0xbd30,0xcd91,0xef19,0xf73a,0xe636,0x9882,0x8861,0x9800,0xe6b7,0xde77,0xe697,0xe6b7,0xf77b,0xff9b,0xf73a,0xd636,
    0xa46e,0xd615,0xeef8,0xeef8,0xab2a,0xa8c4,0x9000,0xde76,0xeeb8,0xef3a,0x9041,0x1081,0x0000,0x0000,0x0000,0x0000,
    0x2123,0xf77b,0xb0a3,0xffbd,0xffbc,0xff5a,0xb0a3,0x7020,0xffbb,0xef19,0xe6b8,0xbd72,0xff5a,0xfffd,0xf75a,0xff7b,
    0xf739,0xff9c,0xeed8,0xff5a,0xf73a,0xb0c3,0x7021,0xb0e3,0xffbd,0xf75a,0xc5b3,0xe654,0xe655,0xde14,0xac8e,0xff38,
    0xf75b,0xff9c,0xb9a5,0xb8e3,0xf73a,0xef19,0xff9b,0xf75a,0xe6b7,0xffbd,0xf73a,0xf75a,0xffbc,0xeed8,0xde56,0xacaf,
    0xcdf4,0xff7b,0xf75b,0x90e2,0xb0a3,0xff9c,0xf739,0xff9b,0xb0e3,0xeef9,0x18e3,0x0000,0x0000,0x0000,0x6226,0x5a26,
    0xf739,0xff9c,0xb8e3,0xa882,0xff7b,0xff7a,0xaa88,0xa8a3,0xde77,0xbd31,0xf719,0xff9c,0x6ac8,0xfffe,0xf77b,0x6a66,
    0x9c4d,0xf75b,0xd636,0xf73a,0xff5a,0xcdb3,0xd3ad,0xb8e4,0xa8a3,0x99a5,0xff5a,0xf718,0xe676,0xe6f9,0xff59,0xb904,
    0xb0a3,0xa882,0xe553,0xff5a,0xf739,0xe6b8,0x8bec,0x6aa8,0xc593,0xf718,0xff9c,0x7309,0x8bab,0xd635,0xde97,0xa46e,
    0xde76,0xa082,0xa0a2,0xf75a,0xff5b,0xb0c2,0xa8c3,0xff9b,0xf75a,0x49a5,0x5a06,0x0000,0x59e6,0xff59,0xde35,0xe634,
    0xe696,0xd533,0xcc91,0xb0c3,0xf73a,0xe6d8,0xf75a,0x9082,0xbd72,0xf73a,0xff5b,0x93ec,0xffbd,0xf75b,0xde98,0xe697,
    0xf73a,0xcdd4,0x942d,0xffdd,0xe697,0xf79c,0xff9c,0xb0c3,0x7861,0xb8e3,0xff9d,0xff7a,0x99a5,0xa8c3,0xb0c3,0xff7a,
    0xff7b,0xffbd,0xa4b0,0xff9b,0xff7a,0xde77,0xbd52,0xde76,0xeef8,0xffbc,0x9c4d,0x9c4e,0xde97,0xe6b7,0x9c2d,0x9082,
    0xeef8,0xef19,0xff7b,0xb0a3,0xaa27,0xd4d1,0xff7a,0xc551,0xcd91,0xe675,0x4164,0x5a06,0xcd92,0xcdb3,0xbcef,0xaccf,
    0xcdf4,0xd5d4,0x9882,0x8000,0xa227,0xde76,0x9a68,0xa48e,0xf75b,0xf77b,0xf719,0xff7b,0xf73a,0xff7b,0xf739,0xeef8,
    0xff7b,0xeef9,0xf73a,0xde97,0xef1a,0xe6b8,0xeef8,0xb44e,0x8821,0x8061,0x7061,0x7841,0x9861,0xeed8,0xe6b8,0xde56,
    0xeed8,0xf719,0xff7b,0xff7b,0xf739,0xf718,0xf718,0xf73a,0xf75b,0xf719,0xe6b7,0xe698,0xd655,0x8bcb,0xa38b,0xde76,
    0xe5d3,0x9001,0x9862,0xc46f,0xde76,0xbd30,0xa46d,0xbd51,0xbd30,0x4164,0x59e5,0xff18,0xe655,0xfed7,0xd5d2,0xde55,
    0xcdd3,0xf73a,0xa082,0x8020,0xe719,0xde76,0xb4f0,0xf75b,0xffdd,0x7309,0xffdc,0xf77b,0x72e8,0xacaf,0xef1a,0xbd31,
    0x0a87,0xa572,0x63ed,0xa553,0x9d32,0xdf5b,0xe6b8,0xff5a,0xfffe,0xfffe,0xf739,0xf75a,0x836a,0xfffd,0xf75a,0xacd0,
    0x7309,0xfffe,0xff7b,0xb511,0x6aa8,0xeef9,0xf73a,0xff9b,0x8bab,0x8bab,0xe697,0xe6b8,0x9c2d,0xef19,0xde96,0x8881,
    0xa082,0xff7c,0xeef9,0xff39,0xc551,0xf6b6,0xddd2,0xfed6,0x4984,0x6226,0xfef7,0xe634,0xf695,0xf6d7,0xcdb2,0xd5b2,
    0xde35,0xf77b,0x9288,0xa0c3,0x5a06,0xff7b,0xf739,0xe697,0x836a,0xff9b,0xff9c,0x7b08,0x940d,0xf73a,0xbd73,0x8bac,
    0x0aa7,0x746f,0x2b29,0x9d73,0x9d32,0x01a4,0x838a,0x8349,0xf75a,0x742e,0x0205,0x0266,0xffdc,0xf75b,0xacaf,0x93cc,
    0xff9c,0xff59,0x9c2d,0x8bcb,0xe6d8,0xeed8,0xf73a,0x7309,0x7b09,0xde97,0xe697,0xd635,0x4964,0x8861,0x9061,0xff5a,
    0xf73a,0xa46d,0xc550,0xfed7,0xf695,0xddf3,0xf674,0x4984,0x0000,0x5a06,0x6a87,0xff17,0xfeb5,0xfeb5,0xee33,0xacce,
    0xb50f,0xd635,0xd635,0xff7a,0xffdd,0xf75b,0xf75a,0xffdd,0xffbd,0xff5a,0xfffd,0xffdc,0xe6b7,0xff9c,0xffdd,0xf739,
    0x6c4e,0x9d32,0xa5b3,0x0206,0x8510,0x4b6b,0xf75b,0x0a26,0x8490,0x9d52,0xf79c,0xf75a,0xf77b,0xffbc,0xff7a,0xf77b,
    0xf73a,0xffbc,0xffdc,0xff9b,0xeef8,0xff7b,0xff9b,0xf77b,0xde56,0xe6d8,0xde76,0x6ac8,0xc592,0xf718,0xd635,0xb4ef,
    0xee54,0xff17,0xfeb5,0xfed6,0x51e5,0x59e6,0x0000,0x0000,0x5a26,0x6226,0xfef7,0xf6b6,0xe613,0xe5f2,0xaccf,0x836a,
    0xcdd4,0xd614,0xef1a,0xff9b,0xf77c,0xf75b,0xffbc,0xff9c,0xff7b,0xffff,0xff9b,0xeef8,0xffbc,0xfffe,0xf719,0xde97,
    0x0245,0x0a06,0x9511,0x2226,0x01a5,0xb5b4,0xadb4,0x2b0a,0x09c5,0xfffd,0xf73a,0xf73a,0xff9d,0x7000,0xb32b,0xf75b,
    0xffdd,0xffbb,0xff7b,0xef1a,0xff7a,0xfffd,0xff7b,0xe696,0xf73a,0xe6b7,0x7309,0xd635,0xe696,0xa46d,0xb4ef,0xee54,
    0xfed6,0xf6b5,0xf6d6,0x51e5,0x51e5,0x0000,0x0000,0x0000,0x1040,0x51e5,0xf654,0xe613,0xd5b1,0xc50f,0x4164,0x4143,
    0x3923,0xf75b,0x7309,0xf739,0xffdd,0x836a,0xff9b,0xff9c,0x72c7,0x8bab,0xdeb8,0x0164,0xa573,0xb5d4,0x2288,0x09e5,
    0x842e,0xbdf4,0x9881,0xf77c,0x2309,0x432b,0x22a8,0xe696,0x32a8,0xef39,0xce96,0x63cb,0xe617,0xf75b,0x88a3,0x9c2d,
    0x6aa7,0xd635,0xeef8,0xffdc,0x834a,0x72c8,0xeef9,0xef19,0x7309,0xcdf4,0x3924,0x3923,0x3924,0xd5b1,0xddb1,0xf654,
    0xee34,0x51c5,0x0840,0x0000,0x0000,0x0000,0x0000,0x0000,0x0000,0x30e2,0x4123,0x3903,0x4164,0x0000,0xd5d4,0xff7b,
    0x7b28,0xacd0,0xf75b,0xf77b,0x6aa8,0xffbc,0xf73a,0xef1a,0x8cb0,0x43ac,0x9d73,0x63ed,0x0a87,0x434b,0x3b8b,0xeeb8,
    0xe677,0xe6b8,0xf75a,0xce36,0xf73a,0xe6b7,0x22e9,0xeed7,0xd9e6,0xb904,0x9082,0xef1b,0xf75b,0x7841,0x9082,0xa0e3,
    0xf73a,0xef1a,0xffbc,0x6aa7,0x7309,0xef1a,0xef19,0x7b2a,0x838b,0xd614,0x9c4e,0x3103,0x30e2,0x3902,0x4143,0x30e3,
    0x0000,0x0000,0x0000,0x0000,0x0000,0x0000,0x0000,0x0000,0x4164,0x4144,0x4144,0x3923,0x3923,0x7b2a,0xde97,0xef1a,
    0xef19,0xef1a,0xeef9,0xe6b8,0xef19,0xe6d8,0x22a8,0x3b4b,0x3b4a,0x3329,0x9531,0x9551,0x6c0b,0xb1c5,0xa206,0x8903,
    0x91c5,0xffde,0x7861,0x88c1,0x01e5,0x12c9,0x0a26,0x6082,0xd5d4,0xe657,0xeed9,0xc364,0xe677,0xe6b8,0xe676,0xeef9,
    0xeed8,0xeef8,0xef1a,0xe6b7,0xe697,0xef1a,0xe697,0xcdb3,0xb531,0x7b2a,0x3923,0x4144,0x4144,0x3923,0x4164,0x0000,
    0x0000,0x0000,0x0000,0x0000,0x0000,0x0000,0x0000,0x0000,0x0000,0x0000,0x0000,0x59e5,0x836b,0xff9b,0xffdd,0xff9b,
    0xf75a,0xffbd,0xff7b,0xff7b,0xf77c,0x0a46,0x0a67,0x0a06,0x0a86,0x09a5,0xe716,0xd525,0xb2cc,0xaa04,0xffbd,0xd3c8,
    0xc2e3,0x8040,0xdd32,0x7062,0x5caf,0x01c5,0xf75c,0x8862,0x6841,0xf79c,0xa0e2,0x7061,0x7862,0x8861,0xff9c,0xeed8,
    0xff9c,0xff9c,0xf75a,0xeed8,0xf75a,0xf75a,0xde76,0xc5b3,0x83ac,0x3923,0x0000,0x0000,0x0000,0x0000,0x0000,0x0000,
    0x0000,0x0000,0x0000,0x0000,0x0000,0x0000,0x0000,0x0000,0x0000,0x0000,0x49a5,0x838c,0xff7b,0x6aa7,0x8b8b,0xf719,
    0xff9b,0x8bab,0xff9b,0xff9c,0x6aa7,0x83ab,0xeef9,0xa46e,0xd4e5,0xf68c,0xe5a6,0x98a2,0xff9b,0xd4f2,0xef5a,0x7820,
    0xeed8,0xcc2f,0x6bad,0x9532,0xa572,0x0246,0x01c5,0xf75b,0xf73a,0xf75b,0xf75b,0x88a1,0x7b09,0xd655,0xef19,0xffbc,
    0x7b09,0x834a,0xeef9,0xf739,0x7b4a,0x7b4a,0xc5b2,0x942d,0x3923,0x0000,0x0000,0x0000,0x0000,0x0000,0x0000,0x0000,
    0x0000,0x0000,0x0000,0x0000,0x0000,0x0000,0x0000,0x0000,0x0000,0x0000,0x51c6,0xf739,0x6aa7,0x72e9,0xf77b,0xffbc,
    0x72e8,0xfffd,0xf77b,0x6287,0x8bab,0xeef9,0xf79c,0xee6d,0xffff,0xe5ea,0xfecc,0xcc24,0xa082,0xeef8,0x8841,0xffff,
    0xef5b,0x9965,0x01e5,0x9512,0x640d,0x9511,0xf79d,0x7801,0x88a2,0xeed8,0x8061,0x7b09,0xcdf4,0xef19,0xff9b,0x7b29,
    0x7b29,0xeef8,0xf75b,0x7b2a,0x6ac8,0xc5b3,0x5a27,0x0000,0x0000,0x0000,0x0000,0x0000,0x0000,0x0000,0x0000,0x0000,
    0x0000,0x0000,0x0000,0x0000,0x0000,0x0000,0x0000,0x0000,0x28c2,0xc594,0xeef9,0xeef8,0xff7c,0xf75b,0xf73a,0xf719,
    0xf73a,0xf77b,0xf75b,0xf75b,0xe633,0xe5a4,0xe64f,0xee4c,0xdd8a,0xe5c8,0xe5c7,0x7821,0xe6d8,0x88a1,0xb38c,0x3984,
    0xf6d8,0x2a68,0x9d31,0x9511,0x4bcc,0x5185,0x0a27,0x0965,0xab8b,0xf77a,0xf73a,0xef19,0xeef9,0xf73a,0xf71a,0xe6b7,
    0xe697,0xeef9,0xe6d9,0xd5f4,0xbd31,0x93ec,0x3103,0x0000,0x0000,0x0000,0x0000,0x0000,0x0000,0x0000,0x0000,0x0000,
    0x0000,0x0000,0x0000,0x0000,0x0000,0x0000,0x0000,0x5a06,0xff7a,0xf739,0xfffd,0xf79c,0xf77b,0xf75a,0xf75a,0xffbc,
    0xf73a,0xf79b,0xff9b,0xe62f,0xf6ad,0xf7bc,0xffff,0xe609,0xf689,0xf689,0xee47,0xa902,0xdce2,0xde96,0x43eb,0xeef8,
    0xf77c,0x01e6,0x9d32,0x8d11,0x1a27,0xf5c5,0x6c2d,0x1206,0xff7b,0xf739,0xffbc,0xeef9,0xff9c,0xff9b,0xff7a,0xeef9,
    0xff7c,0xf75a,0xe697,0xcdd4,0xd635,0x49a4,0x0000,0x0000,0x0000,0x0000,0x0000,0x0000,0x0000,0x0000,0x0000,0x0000,
    0x0000,0x0000,0x0000,0x0000,0x0000,0x0000,0x59e6,0xffbd,0xf75b,0x93ec,0x6aa8,0xf739,0xff9b,0x836a,0xff9b,0xf75a,
    0x72e8,0x940d,0xe610,0xf6ad,0xc4aa,0xf68b,0xdd83,0xf689,0xee2b,0xf607,0xe5e8,0xcc22,0x746f,0xf77c,0xf6f7,0xf77c,
    0xf668,0xe5c6,0x9c86,0x0a26,0xf629,0xe542,0x7cd1,0x1247,0x7329,0xb531,0xeef8,0xfffe,0x7b29,0x7b09,0xef19,0xf75b,
    0x838a,0x7329,0xd635,0xde76,0x49a5,0x0000,0x0000,0x0000,0x0000,0x0000,0x0000,0x0000,0x0000,0x0000,0x0000,0x0000,
    0x0000,0x0000,0x0000,0x0000,0x0000,0x6226,0xff7b,0xf75a,0xbd10,0xc593,0xef3a,0xff7b,0xcdf4,0xff9b,0xff7b,0xff9c,
    0xff9b,0xe633,0xf6f3,0xffd7,0xffb7,0xdd66,0xff0d,0xf689,0xfeee,0xccc5,0xfffe,0xf79c,0xef19,0xee50,0xf75a,0xfecc,
    0xff10,0xee4b,0xfeaa,0xfe69,0xdd22,0x84d0,0x0aa7,0xffbc,0xf75a,0xf73a,0xff9b,0xde77,0xb552,0xeef9,0xef19,0xb510,
    0xeef8,0xde56,0xde55,0x51c5,0x0000,0x0000,0x0000,0x0000,0x0000,0x0000,0x0000,0x0000,0x0000,0x0000,0x0000,0x0000,
    0x0000,0x0000,0x0000,0x0000,0x28e2,0xa48f,0xacf0,0xeef9,0xe6d8,0xde97,0xde56,0xe697,0xf719,0xeef8,0xef19,0xef1a,
    0xeeb7,0xe5c8,0xee08,0xe60a,0xcd48,0xdd66,0xd4e3,0xdd4a,0xe696,0xeef9,0xe696,0xeed8,0xddf0,0xdda7,0xddc8,0xddc8,
    0xdde9,0xd5a6,0xcd67,0xd523,0x11e6,0x0a46,0xef18,0xeef8,0xeef9,0xf719,0xeed8,0xeef9,0xde35,0xde77,0xde97,0xcdb3,
    0xa46e,0x9c4e,0x1881,0x0000,0x0000,0x0000,0x0000,0x0000,0x0000,0x0000,0x0000,0x0000,0x0000,0x0000,0x0000,0x0000,
    0x0000,0x0000,0x0000,0x0000,0x4984,0x4964,0xcdb3,0xff9c,0xf75b,0xf77a,0x83ab,0xffbd,0xff9c,0x8bed,0xb511,0xeef8,
    0xf73a,0xdd04,0xd4e5,0xb3e4,0xdce4,0xc4a9,0xff9b,0xeed8,0x940d,0xa48f,0xffbd,0xeed7,0xe587,0xfecb,0xfeaa,0xee07,
    0xfeab,0xf68a,0xfe28,0xf75a,0x440c,0x7b6a,0xf77b,0xeef9,0xffbc,0x9c4e,0xc592,0xeeb8,0xf75a,0xe6b8,0xb4ef,0x3944,
    0x4164,0x0000,0x0000,0x0000,0x0000,0x0000,0x0000,0x0000,0x0000,0x0000,0x0000,0x0000,0x0000,0x0000,0x0000,0x0000,
    0x0000,0x0000,0x0000,0x0000,0x0000,0x6a46,0x8b6a,0xde55,0xe696,0xff9b,0xf77b,0xde56,0x836a,0x8bcb,0xeed8,0xd635,
    0x93aa,0xde97,0xeed8,0x942d,0x93eb,0xff9b,0xeed8,0x836a,0x838b,0xff7a,0xef19,0xe698,0xdd24,0xfe88,0xf64a,0xf669,
    0xf606,0xeef8,0xf79c,0x942d,0x7309,0xd676,0xf73a,0xff7b,0xf75a,0xf75b,0xbd51,0xaccf,0x7b09,0x82e8,0x1881,0x0000,
    0x0000,0x0000,0x0000,0x0000,0x0000,0x0000,0x0000,0x0000,0x0000,0x0000,0x0000,0x0000,0x0000,0x0000,0x0000,0x0000,
    0x0000,0x0000,0x0000,0x0000,0xa3cb,0xc4ce,0xb531,0x9308,0x8ae8,0x82a7,0xcdd4,0xff9c,0xff9b,0xe6b8,0xffbd,0xf75b,
    0xff7a,0xe6d9,0xff9c,0xff9b,0xffbc,0xf719,0xffbc,0xffbc,0xff7b,0xe6b8,0xff9b,0xff9b,0xf584,0xcc63,0xdd03,0xdd04,
    0xff9c,0xf75a,0xff9c,0xff7b,0xffbd,0xc592,0xd614,0x82a8,0x82e8,0x93cb,0xc572,0xcd92,0x8b29,0x1061,0x0000,0x0000,
    0x0000,0x0000,0x0000,0x0000,0x0000,0x0000,0x0000,0x0000,0x0000,0x0000,0x0000,0x0000,0x0000,0x0000,0x0000,0x0000,
    0x0000,0x0000,0x0020,0x8329,0xd5b3,0xe697,0xa3aa,0x9b6a,0x9308,0x9c4d,0x9c4d,0xacaf,0xa46e,0xb510,0xacf0,0xaccf,
    0xa4af,0xacaf,0xaccf,0xb4f0,0x9c4d,0xb4ef,0xb4ef,0xb511,0xaccf,0xacf0,0xacd0,0xb510,0xb50f,0xbcca,0xbd51,0xb531,
    0xacd0,0xb511,0xa48e,0xa48f,0x9c6e,0xa48f,0x8b08,0x9b8a,0xac4d,0xde57,0xbd51,0x72a8,0x20a2,0x0000,0x0000,0x0000,
    0x0000,0x0000,0x0000,0x0000,0x0000,0x0000,0x0000,0x0000,0x0000,0x0000,0x0000,0x0000,0x0000,0x0000,0x0000,0x0000,
    0x0000,0x0000,0x9baa,0xf71a,0xff5b,0xccef,0xd530,0xd50f,0xe697,0xeef8,0xac0c,0x936a,0xcdd3,0xcdf4,0x8b08,0x72a7,
    0xc593,0xbd51,0x8b29,0x8309,0xbc49,0xbc6b,0x72e8,0xb3e8,0x8b69,0x9349,0xbd31,0xacd0,0x9b8a,0x7ac8,0x9329,0xbd72,
    0xc592,0xb42c,0xbc6d,0xd615,0xde56,0xd50f,0xcd0f,0xcd72,0xe6b8,0xd614,0x7aa8,0x20a2,0x0000,0x0000,0x0000,0x0000,
    0x0000,0x0000,0x0000,0x0000,0x0000,0x0000,0x0000,0x0000,0x0000,0x0000,0x0000,0x0000,0x0000,0x0000,0x0000,0x0000,
    0x0000,0x936a,0xe655,0xff7b,0xc4ef,0xd530,0xdd71,0xe6f8,0xff5b,0xcd0f,0xcd10,0xff7b,0xf75a,0xccef,0xc4ef,0xff7b,
    0xf75a,0xd530,0x9b69,0xe676,0xbd31,0xac4d,0xef1a,0xac4c,0xc4ae,0xff9c,0xde97,0xc4ce,0xcd10,0xccef,0xff7b,0xf75a,
    0xccef,0xcd0f,0xe6d9,0xf719,0xf6f7,0xccef,0xac6e,0xeed8,0xd5f4,0x7aa8,0x1081,0x0000,0x0000,0x0000,0x0000,0x0000,
    0x0000,0x0000,0x0000,0x0000,0x0000,0x0000,0x0000,0x0000,0x0000,0x0000,0x0000,0x0000,0x0000,0x0000,0x0000,0x0000,
    0x8309,0xeeb7,0xff7b,0xcd10,0xcd30,0xd550,0xef19,0xff5a,0xcccf,0xc4cf,0xff7b,0xff9c,0xd510,0xc4ef,0xff9c,0xff7b,
    0xcd30,0xa3cb,0xde15,0xcd92,0xb48e,0xeef8,0x8b28,0xccef,0xff7b,0xef3a,0xd530,0xc4f0,0xcd10,0xff5a,0xf75a,0xccef,
    0xcccf,0xeef9,0xf75a,0xddb2,0xccae,0xac6d,0xde97,0xde55,0x6a67,0x18a1,0x0000,0x0000,0x0000,0x0000,0x0000,0x0000,
    0x0000,0x0000,0x0000,0x0000,0x0000,0x0000,0x0000,0x0000,0x0000,0x0000,0x0000,0x0000,0x0000,0x0000,0x0000,0x0000,
    0x6a67,0xff9c,0xc48d,0xccef,0xc4ce,0xef1a,0xf77c,0xcd0f,0xcd10,0xff7a,0xf75b,0xcd0f,0xc4ce,0xffbc,0xff5b,0xc4ce,
    0x9b6a,0xde55,0xc572,0x6205,0xf719,0x8b29,0xccef,0xf75a,0xe6b7,0xcd0f,0xc4cf,0xccae,0xf75a,0xf77b,0xcd10,0xccef,
    0xe6b7,0xf75b,0xdd91,0xbc4d,0xac6e,0xde76,0x5a26,0x0000,0x0000,0x0000,0x0000,0x0000,0x0000,0x0000,0x0000,0x0000,
    0x0000,0x0000,0x0000,0x0000,0x0000,0x0000,0x0000,0x0000,0x0000,0x0000,0x0000,0x0000,0x0000,0x0000,0x0000,0x0020,
    0x6226,0x938a,0xd50f,0xcd30,0xc5b3,0xf73a,0xccef,0xc4ae,0xff7b,0xff7b,0xccef,0xc4ef,0xff7b,0xff7b,0xbc6d,0x8b08,
    0xcdf3,0x51a5,0x0000,0x49a5,0xc592,0xc46d,0xff7b,0xdeb8,0xc4ce,0xcd0f,0xc48d,0xff9c,0xff7b,0xc4ae,0xc4ae,0xde76,
    0xf73a,0xc4ce,0xbc6d,0x6a66,0x51e6,0x0000,0x0000,0x0000,0x0000,0x0000,0x0000,0x0000,0x0000,0x0000,0x0000,0x0000,
    0x0000,0x0000,0x0000,0x0000,0x0000,0x0000,0x0000,0x0000,0x0000,0x0000,0x0000,0x0000,0x0000,0x0000,0x0000,0x3943,
    0x3102,0x8b09,0x9bcb,0xcdf4,0xcdd3,0xabeb,0x9baa,0xde76,0xd635,0xa3eb,0xa3eb,0xde55,0xd635,0x9bcb,0x8b29,0xbd91,
    0x4964,0x0000,0x3103,0xc592,0xa3cb,0xde97,0xde57,0xac0c,0xa3cb,0xb44d,0xce15,0xd635,0x9349,0xa3cb,0xcdd3,0xcdb3,
    0xa38a,0x7aa7,0x59e5,0x3923,0x0000,0x0000,0x0000,0x0000,0x0000,0x0000,0x0000,0x0000,0x0000,0x0000,0x0000,0x0000,
    0x0000,0x0000,0x0000,0x0000,0x0000,0x0000,0x0000,0x0000,0x0000,0x0000,0x0000,0x0000,0x0000,0x0000,0x0000,0x0000,
    0x3923,0x51e6,0x4184,0x49c5,0x49a5,0x3943,0xc572,0xe6d8,0xd530,0xa3eb,0xeef9,0xde76,0xac0b,0x9329,0xce14,0x5184,
    0x0000,0x4164,0xde76,0xc48e,0xf75b,0xe6b8,0xc48d,0xbc8d,0xbc6d,0xd615,0xd635,0x4164,0x3944,0x4984,0x4164,0x4185,
    0x3923,0x0000,0x0000,0x0000,0x0000,0x0000,0x0000,0x0000,0x0000,0x0000,0x0000,0x0000,0x0000,0x0000,0x0000,0x0000,
    0x0000,0x0000,0x0000,0x0000,0x0000,0x0000,0x0000,0x0000,0x0000,0x0000,0x0000,0x0000,0x0000,0x0000,0x0000,0x51c5,
    0xfef7,0xc50e,0xf6b6,0xee32,0xccee,0xac0c,0x6a47,0x4164,0x3943,0x4184,0x4984,0x4164,0x3103,0x4984,0x0000,0x0000,
    0x0000,0x4985,0x51a5,0x4164,0x4144,0x4164,0x51a5,0x4984,0x4984,0x7ae9,0xf675,0xf695,0xddb1,0xcd30,0xe5f2,0x4984,
    0x0000,0x0000,0x0000,0x0000,0x0000,0x0000,0x0000,0x0000,0x0000,0x0000,0x0000,0x0000,0x0000,0x0000,0x0000,0x0000,
    0x0000,0x0000,0x0000,0x0000,0x0000,0x0000,0x0000,0x0000,0x0000,0x0000,0x0000,0x0000,0x0000,0x0000,0xcd0e,0x7244,
    0x6204,0x6a24,0x6a24,0x59c4,0xf674,0xf695,0xe590,0xb48d,0x59e5,0x0820,0x0000,0x0000,0x0000,0x0000,0x0000,0x0000,
    0x0000,0x0000,0x0000,0x4144,0xdd90,0xf674,0xe5f2,0xe5f3,0x5183,0x6a24,0x7224,0x4142,0x6204,0x61e4,0xe5d2,0x0000,
    0x0000,0x0000,0x0000,0x0000,0x0000,0x0000,0x0000,0x0000,0x0000,0x0000,0x0000,0x0000,0x0000,0x0000,0x0000,0x0000,
    0x0000,0x0000,0x0000,0x0000,0x0000,0x0000,0x0000,0x0000,0x0000,0x0000,0x0000,0x0000,0x7286,0x59c4,0xff18,0xf718,
    0xabca,0xff17,0xee54,0x6204,0xf6b5,0xedf2,0x4963,0x59c4,0x0840,0x0000,0x0000,0x0000,0x0000,0x0000,0x0000,0x0000,
    0x0000,0x0000,0x3923,0x59c3,0xedd0,0xf695,0x6225,0x59c3,0xfed7,0xff18,0xa3ca,0xff18,0xee12,0x61e4,0x6a26,0x0000,
    0x0000,0x0000,0x0000,0x0000,0x0000,0x0000,0x0000,0x0000,0x0000,0x0000,0x0000,0x0000,0x0000,0x0000,0x0000,0x0000,
    0x0000,0x0000,0x0000,0x0000,0x0000,0x0000,0x0000,0x0000,0x0000,0x0000,0x0000,0x59e5,0xccca,0x51a3,0x59c3,0x7245,
    0x6a24,0x5183,0x6a24,0x51a3,0x5183,0xa386,0x8b07,0x1082,0x1082,0x0841,0x0000,0x1083,0x1062,0x0841,0x1083,0x0000,
    0x0000,0x3944,0xcccb,0x6204,0x61e4,0x6a24,0x6a24,0x61c3,0x4982,0x59e4,0x59a3,0x4983,0xc46a,0x51a4,0x0000,0x0000,
    0x0000,0x0000,0x0000,0x0000,0x0000,0x0000,0x0000,0x0000,0x0000,0x0000,0x0000,0x0000,0x0000,0x0000,0x0000,0x0000,
    0x0000,0x0000,0x0000,0x0000,0x0000,0x0000,0x0000,0x0000,0x0000,0x0000,0x51a4,0xdd6d,0xe5ad,0xd52c,0xe5ce,0xe58d,
    0xdd8e,0xe58d,0xdd2c,0xbc29,0x6224,0x61e4,0x1082,0x0862,0x0862,0x0000,0x1062,0x1062,0x0841,0x1062,0x0000,0x1062,
    0x4144,0x82c6,0xd54c,0xdd4c,0xe58e,0xe58d,0xdd4c,0xdd6d,0xedef,0xdd6d,0xe56c,0xbc8b,0x3923,0x0000,0x0000,0x0000,
    0x0000,0x0000,0x0000,0x0000,0x0000,0x0000,0x0000,0x0000,0x0000,0x0000,0x0000,0x0000,0x0000,0x0000,0x0000,0x0000,
    0x0000,0x0000,0x0000,0x0000,0x0000,0x0000,0x0000,0x0862,0x0842,0x1082,0x3943,0x8b27,0x82e7,0x8307,0x9348,0x82e7,
    0x7ac7,0x7a86,0x51c4,0x1082,0x1082,0x1082,0x1082,0x0862,0x1062,0x1082,0x1082,0x0862,0x1062,0x1062,0x1082,0x1062,
    0x1082,0x51c5,0x8b27,0x8b27,0x8307,0x9348,0x9347,0x82e6,0x8b07,0x82e7,0x3944,0x1062,0x0862,0x1082,0x0000,0x0000,
    0x0000,0x0000,0x0000,0x0000,0x0000,0x0000,0x0000,0x0000,0x0000,0x0000,0x0000,0x0000,0x0000,0x0000,0x0000,0x0000,
    0x0000,0x0000,0x0000,0x0000,0x0000,0x0000,0x0000,0x0862,0x0821,0x1062,0x28c2,0x28e2,0x20a2,0x28c2,0x28e3,0x28e3,
    0x20a2,0x1082,0x0842,0x0862,0x1062,0x0862,0x1062,0x1062,0x0862,0x1062,0x0862,0x1082,0x1062,0x0862,0x0862,0x0862,
    0x1082,0x28e3,0x20a2,0x28c3,0x28e3,0x30e3,0x20a2,0x28e3,0x20a2,0x1062,0x0841,0x1062,0x0000,0x0000,0x0000,0x0000,
    0x0000,0x0000,0x0000,0x0000,0x0000,0x0000,0x0000,0x0000,0x0000,0x0000,0x0000,0x0000,0x0000,0x0000,0x0000,0x0000,
    0x0000,0x0000,0x0000,0x0000,0x0000,0x0000,0x0000,0x0000,0x0000,0x0000,0x0000,0x0000,0x1082,0x0000,0x0000,0x0000,
    0x0000,0x1062,0x1082,0x0000,0x1062,0x1062,0x1083,0x1083,0x1082,0x0000,0x0000,0x1082,0x0000,0x0000,0x1082,0x0000,
    0x1062,0x1062,0x1083,0x0000,0x0842,0x0842,0x1083,0x0000,0x0000,0x0000,0x0000,0x0000,0x0000,0x0000,0x0000,0x0000,
    0x0000,0x0000,0x0000,0x0000,0x0000,0x0000,0x0000,0x0000,
};
/* cool-suede.png; source sha256 ac1e2e2fcec7c16fd44bfb7cda156dec7a429bd974586a577a6d458e5de7adf0; crop (365, 443, 888, 1091) */
static const uint16_t muse_wardrobe_pixels_2[] = {
    0x0000,0x0000,0x0000,0x0000,0x0000,0x0000,0x0000,0x0000,0x0000,0x0000,0x0000,0x0000,0x0000,0x0000,0x0000,0x0000,
    0x0000,0x0000,0x0000,0x0000,0x0000,0x0000,0x0000,0x0000,0x3102,0x2903,0x4163,0x3963,0x1060,0x28e2,0x3103,0x3964,
    0x3923,0x4184,0x0000,0x0000,0x3123,0x0000,0x0000,0x0000,0x0000,0x0000,0x0000,0x0000,0x0000,0x0000,0x0000,0x0000,
    0x0000,0x0000,0x0000,0x0000,0x0000,0x0000,0x0000,0x0000,0x0000,0x0000,0x0000,0x0000,0x0000,0x0000,0x0000,0x0000,
    0x0000,0x0000,0x0000,0x0000,0x0000,0x0000,0x0000,0x0000,0x0000,0x0000,0x0000,0x0000,0x28e1,0x1061,0x0000,0xef3a,
    0x28e2,0x3963,0x20e2,0xff7b,0xff7b,0xb531,0xf79c,0xff7b,0xf73a,0xacf1,0xeefa,0xe697,0x3123,0x28e2,0x3123,0x1881,
    0x28e2,0x3943,0x0000,0x0000,0x0000,0x0000,0x0000,0x0000,0x0000,0x0000,0x0000,0x0000,0x0000,0x0000,0x0000,0x0000,
    0x0000,0x0000,0x0000,0x0000,0x0000,0x0000,0x0000,0x0000,0x0000,0x0000,0x0000,0x0000,0x0000,0x0000,0x0000,0x0000,
    0x0000,0x0000,0x0000,0x0000,0x0000,0x0000,0x0000,0x0820,0x0000,0xb553,0x0840,0x1060,0x1061,0xbd73,0xb553,0xb532,
    0xb553,0xad11,0xad12,0xb532,0xacd0,0xacf1,0x1060,0x1081,0x20c2,0x0840,0x1061,0x0820,0x0000,0x0000,0x0000,0x0000,
    0x0000,0x0000,0x0000,0x0000,0x0000,0x0000,0x0000,0x0000,0x0000,0x0000,0x0000,0x0000,0x0000,0x0000,0x0000,0x0000,
    0x0000,0x0000,0x0000,0x0000,0x0000,0x0000,0x0000,0x0000,0x0000,0x0000,0x0000,0x0000,0x0000,0x0000,0x0000,0x0020,
    0x0000,0x3123,0xcdb2,0xf719,0xfffc,0xad32,0xf75a,0xeef8,0xf75a,0xad31,0xeef8,0xf6f8,0xff9c,0xb531,0xf719,0xd634,
    0xf75a,0xa48e,0xbd72,0x28e2,0xd655,0x28c2,0x1881,0x0000,0x0000,0x0000,0x0000,0x0000,0x0000,0x0000,0x0000,0x0000,
    0x0000,0x0000,0x0000,0x0000,0x0000,0x0000,0x0000,0x0000,0x0000,0x0000,0x0000,0x0000,0x0000,0x0000,0x0000,0x0000,
    0x0000,0x0000,0x0000,0x0000,0x0000,0x0000,0x0000,0x0000,0x3123,0x3103,0x1881,0xbd94,0xffbd,0xff7b,0xffbc,0xc5b4,
    0xeef8,0xff9c,0xe6b7,0xad11,0xce15,0xf73a,0xeef8,0xb531,0xcdb2,0xeef9,0xf739,0xad10,0xc592,0xd634,0xd634,0x1881,
    0x18a2,0x3102,0x0000,0x0000,0x0000,0x0000,0x0000,0x0000,0x0000,0x0000,0x0000,0x0000,0x0000,0x0000,0x0000,0x0000,
    0x0000,0x0000,0x0000,0x0000,0x0000,0x0000,0x0000,0x0000,0x0000,0x0000,0x0000,0x0000,0x0000,0x0000,0x0000,0x0000,
    0x0000,0x4984,0xf77c,0xeef8,0xcdd4,0xb573,0xff7b,0xff9b,0xfffd,0xbd73,0xffdd,0xe6b7,0xf73a,0xad11,0xde77,0xf739,
    0xeed8,0xacf1,0xef19,0xeed8,0xeeb7,0xc5b3,0xad11,0xeed8,0xde76,0xd655,0x5226,0x3123,0x28c2,0x0000,0x0000,0x0000,
    0x0000,0x0000,0x0000,0x0000,0x0000,0x0000,0x0000,0x0000,0x0000,0x0000,0x0000,0x0000,0x0000,0x0000,0x0000,0x0000,
    0x0000,0x0000,0x0000,0x0000,0x0000,0x0000,0x0000,0x0000,0x0000,0x0000,0x20c2,0xef3a,0xd657,0xad11,0xb552,0xbdb4,
    0xad11,0xad32,0xbd94,0xbd94,0xbd93,0xad31,0xad31,0xb552,0xde98,0xad31,0xacf1,0xb552,0xb573,0xb552,0xbd93,0xb552,
    0x9c8f,0xbd72,0xbd51,0xc5b2,0xa48e,0xacd0,0xb4f0,0x28e2,0x0000,0x0000,0x0000,0x0000,0x0000,0x0000,0x0000,0x0000,
    0x0000,0x0000,0x0000,0x0000,0x0000,0x0000,0x0000,0x0000,0x0000,0x0000,0x0000,0x0000,0x0000,0x0000,0x0000,0x0000,
    0x0000,0x0000,0x0000,0x0020,0x0840,0xacd0,0xb532,0xbd73,0xad11,0xad11,0xde98,0xd657,0xe6b7,0xb532,0xbdb3,0xc5f5,
    0xbd94,0xb511,0xbd93,0xbd73,0xbd93,0xb552,0xacf1,0xbd72,0xc5b4,0xacf1,0xa4d0,0x944e,0x944e,0x942e,0x942d,0x940d,
    0x8bcb,0x3964,0x1060,0x0000,0x0000,0x0000,0x0000,0x0000,0x0000,0x0000,0x0000,0x0000,0x0000,0x0000,0x0000,0x0000,
    0x0000,0x0000,0x0000,0x0000,0x0000,0x0000,0x0000,0x0000,0x0000,0x0000,0x0000,0x0000,0x0000,0x0000,0x18a1,0xbd94,
    0xb532,0xb511,0xbd93,0xad12,0xf73a,0xeed7,0xeed8,0xb553,0xb532,0xad11,0xa4d0,0xad12,0xb532,0xb552,0xc5b4,0xad11,
    0xb532,0xbd73,0xb511,0xad11,0xa4b0,0xce15,0x9c8f,0xa4cf,0x9c6e,0x9c8f,0x944e,0x8bcc,0x1881,0x0000,0x0000,0x0000,
    0x0000,0x0000,0x0000,0x0000,0x0000,0x0000,0x0000,0x0000,0x0000,0x0000,0x0000,0x0000,0x0000,0x0000,0x0000,0x0000,
    0x0000,0x0000,0x0000,0x0000,0x0000,0x0000,0x1060,0x1061,0xff5a,0xfffe,0xe6b7,0xd615,0xbd73,0xb553,0xce36,0xbd73,
    0xeef9,0xbd73,0xde55,0xde76,0xd635,0xa4f1,0xffdd,0xeed7,0xeef8,0xb531,0xd635,0xeef8,0xeef8,0xd655,0x9c8f,0xc592,
    0xd5f2,0xde95,0xa4af,0xb510,0xd613,0xb50f,0x3103,0x20a1,0x0000,0x0000,0x0000,0x0000,0x0000,0x0000,0x0000,0x0000,
    0x0000,0x0000,0x0000,0x0000,0x0000,0x0000,0x0000,0x0000,0x0000,0x0000,0x0000,0x0000,0x0000,0x0000,0x0000,0x0000,
    0x1061,0x1041,0xff7b,0xff9c,0xff9c,0xf739,0xe6d8,0xc5b4,0xa48e,0xffdd,0x8bab,0x838b,0x834a,0x8b8b,0x93ed,0x6288,
    0x8bcc,0x93cc,0x8bac,0x62a8,0x93ab,0x8b8b,0x72e9,0x9c4d,0x9c4e,0xf719,0xb510,0xde76,0xb552,0xbd51,0xd654,0xbd51,
    0xb50f,0x20c2,0x0000,0x0000,0x0000,0x0000,0x0000,0x0000,0x0000,0x0000,0x0000,0x0000,0x0000,0x0000,0x0000,0x0000,
    0x0000,0x0000,0x0000,0x0000,0x0000,0x0000,0x0000,0x0000,0x0000,0x3123,0x20e3,0xd677,0xe697,0xff9b,0xb510,0x93ed,
    0x8349,0xbcef,0xe613,0xe613,0xd571,0xedf2,0xf653,0xfe95,0xfe73,0xac8e,0xfe95,0xf653,0xfe94,0xc530,0xddd2,0xf632,
    0xf633,0xf674,0xaccf,0xf654,0xf633,0x7b29,0x942d,0xa48e,0xde34,0xde34,0xb50f,0x20c2,0x20a1,0x1061,0x0000,0x0000,
    0x0000,0x0000,0x0000,0x0000,0x0000,0x0000,0x0000,0x0000,0x0000,0x0000,0x0000,0x0000,0x0000,0x0000,0x0000,0x0000,
    0x0000,0x0000,0x0000,0x1881,0x39a6,0xb553,0xad11,0xbd93,0x7b6b,0x732a,0x5a67,0xbcef,0xb4af,0xbccf,0xb4cf,0xacaf,
    0xac8d,0xb4af,0xac8e,0xac8e,0xacae,0xb4ce,0xb4cf,0xb4ae,0xb48e,0xb4ce,0xb4cf,0xb4cf,0xb4cf,0xb48e,0xbcaf,0x6ae8,
    0x6b09,0x7b6a,0x944d,0x9c6e,0x8bec,0x1061,0x20c2,0x0000,0x0000,0x0000,0x0000,0x0000,0x0000,0x0000,0x0000,0x0000,
    0x0000,0x0000,0x0000,0x0000,0x0000,0x0000,0x0000,0x0000,0x0000,0x0000,0x0000,0x0000,0x3943,0xd615,0xa4f2,0xd656,
    0xf77b,0xbd50,0x9bcc,0x8329,0xbd30,0xee95,0xee33,0xf695,0xbd51,0xf6b5,0xf6f7,0xedf2,0xf6b6,0xb4f0,0xf694,0xff17,
    0xf674,0xc530,0xcd50,0xfeb6,0xf6d6,0xee33,0xacaf,0xf6d6,0xf6d6,0xf6d5,0x6ac8,0x7309,0xcdd2,0xcdf3,0xd614,0x28e2,
    0x20a2,0x0000,0x0000,0x0000,0x0000,0x0000,0x0000,0x0000,0x0000,0x0000,0x0000,0x0000,0x0000,0x0000,0x0000,0x0000,
    0x0000,0x0000,0x0000,0x0000,0x0000,0x0000,0x3943,0xeef9,0x9caf,0xbd73,0xbd30,0x93cc,0xfe53,0xbd0f,0xbd30,0xfeb5,
    0xfef7,0xee53,0xbd51,0xff17,0xfe74,0xff18,0xee33,0xbd31,0xff9a,0xfe94,0xff5a,0xc551,0xcd92,0xff7b,0xfeb5,0xf6d5,
    0xbd10,0xfed6,0xff18,0xfe94,0xe633,0x9c0c,0x9c0c,0xd655,0xbd30,0x3943,0x28e2,0x0000,0x0000,0x0000,0x0000,0x0000,
    0x0000,0x0000,0x0000,0x0000,0x0000,0x0000,0x0000,0x0000,0x0000,0x0000,0x0000,0x0000,0x0000,0x0000,0x0000,0x0000,
    0x4184,0xde77,0x946f,0xc5b4,0xf77c,0xa40c,0xff18,0xbd30,0xe654,0xfed7,0xff18,0xde14,0xbd72,0xfef7,0xfed6,0xf77c,
    0xeeb7,0xad31,0xffde,0xff39,0xff9c,0xd5d3,0xde77,0xfed5,0xfef7,0xf6d7,0xbd52,0xf6d7,0xfeb5,0xfe95,0xddf3,0x93ec,
    0x8b8a,0xb4f0,0xcdd3,0x7b8b,0xb530,0x28e2,0x0000,0x0000,0x0000,0x0000,0x0000,0x0000,0x0000,0x0000,0x0000,0x0000,
    0x0000,0x0000,0x0000,0x0000,0x0000,0x0000,0x0000,0x0000,0x0000,0x28e2,0x3123,0xc5b3,0xa4f1,0xce36,0x940d,0xe634,
    0xee75,0xbd51,0xde35,0xe655,0xe654,0xcdd4,0xbd52,0xe655,0xf75a,0xef19,0xe6b8,0xbd73,0xff18,0xff9c,0xf75a,0xc5b4,
    0xde35,0xeef8,0xf6d7,0xe675,0xbd72,0xf6d6,0xeeb7,0xee75,0xd5d3,0xcd92,0xff18,0xcdf3,0x9c4d,0x83ac,0xbd51,0x2902,
    0x0000,0x0000,0x0000,0x0000,0x0000,0x0000,0x0000,0x0000,0x0000,0x0000,0x0000,0x0000,0x0000,0x0000,0x0000,0x0000,
    0x0000,0x0000,0x0000,0x1040,0x28e2,0xacf0,0xad11,0xad32,0x83ab,0xb4f0,0xb4f0,0xbd31,0xbd72,0xc572,0xbd52,0xb4f0,
    0xbd10,0xb510,0xc5b4,0xc573,0xbd72,0xcdd5,0xc5b4,0xc593,0xbd93,0xbd72,0xcdb3,0xc5b4,0xbd31,0xb510,0xacf0,0xc572,
    0xbd51,0xc572,0xbd31,0xbd31,0xbd52,0x7b8b,0x83cc,0x8bec,0x8bec,0x1040,0x0000,0x0000,0x0000,0x0000,0x0000,0x0000,
    0x0000,0x0000,0x0000,0x0000,0x0000,0x0000,0x0000,0x0000,0x0000,0x0000,0x0000,0x0000,0x0000,0x2903,0xf719,0xde75,
    0x9c90,0xc5d5,0xff9b,0xff38,0xff16,0xbd51,0xf718,0xff16,0xff16,0x0000,0x0000,0x0000,0xff38,0xff59,0xd635,0xb552,
    0xffff,0xff38,0xff9b,0xc593,0xcdb3,0xff79,0x0000,0x0000,0x5247,0xff17,0xff37,0xff17,0xe675,0xbd31,0xff17,0xaccf,
    0xde75,0x8bcc,0xb510,0x3102,0x0000,0x0000,0x0000,0x0000,0x0000,0x0000,0x0000,0x0000,0x0000,0x0000,0x0000,0x0000,
    0x0000,0x0000,0x0000,0x0000,0x0000,0x0000,0x0000,0x4164,0xffbe,0xe697,0x9c6f,0xd657,0xacae,0xfed6,0xfed6,0xbd31,
    0xf6d6,0xff18,0x0000,0xef7d,0xc618,0x0000,0x0000,0xf75a,0xde36,0xb553,0xff59,0xff7c,0xff39,0xc5b4,0xe655,0x0000,
    0xf7be,0x0841,0x0000,0x0020,0xfef7,0xfeb5,0xe675,0xbd72,0xfed6,0xd5f3,0xbd51,0x8bcc,0xa4ae,0x2903,0x3102,0x0000,
    0x0000,0x0000,0x0000,0x0000,0x0000,0x0000,0x0000,0x0000,0x0000,0x0000,0x0000,0x0000,0x0000,0x0000,0x0000,0x0000,
    0x0000,0x3944,0xff59,0xd5f4,0x9cb0,0xbdb4,0xffdd,0xfed6,0xff18,0xb510,0xf6b5,0xfed6,0x0000,0x0000,0x0000,0x0000,
    0x0000,0xffbd,0xe676,0xb573,0xff9c,0xff38,0xff7a,0xbd72,0xde34,0x0000,0x0000,0x0000,0x0000,0x0020,0xff17,0xfeb5,
    0xe676,0xbd31,0xff17,0xa48e,0xcdb2,0x940d,0xc5d3,0x4984,0x0000,0x0000,0x0000,0x0000,0x0000,0x0000,0x0000,0x0000,
    0x0000,0x0000,0x0000,0x0000,0x0000,0x0000,0x0000,0x0000,0x0000,0x0000,0x0000,0x0840,0x0000,0xbd52,0xad12,0xc5b5,
    0x8bec,0xddd2,0xd5f3,0xaccf,0xd5d3,0xcdd3,0xcd92,0x0000,0x0000,0x0000,0xe697,0xde56,0xce15,0xbd72,0xd615,0xc5d4,
    0xde56,0xc593,0xcdd4,0xddf3,0x0000,0x0000,0x732a,0xde35,0xd614,0xd5f3,0xd5f3,0xbd31,0xde35,0xb510,0x8c0c,0x940d,
    0xbd51,0x940c,0x20c2,0x0000,0x0000,0x0000,0x0000,0x0000,0x0000,0x0000,0x0000,0x0000,0x0000,0x0000,0x0000,0x0000,
    0x0000,0x0000,0x0000,0x0000,0x0000,0x0840,0x0840,0xad11,0xb532,0xbd73,0x7b8b,0xbd30,0xbd31,0xb4f0,0xbd52,0xc551,
    0xc571,0x0000,0x0000,0x0000,0xc5f5,0xc593,0xbd73,0xc593,0xbd72,0xc5d4,0xc5d4,0xbd93,0xc572,0xc5b3,0x0000,0x0000,
    0x6aea,0xbd51,0xbd51,0xc592,0xbd31,0xbd51,0xc592,0x93ec,0x8bcc,0x8bec,0x8bec,0x7b6a,0x1061,0x0000,0x0000,0x0000,
    0x0000,0x0000,0x0000,0x0000,0x0000,0x0000,0x0000,0x0000,0x0000,0x0000,0x0000,0x0000,0x0000,0x0000,0x0000,0x2903,
    0xffbc,0xd614,0xad32,0xc5b4,0xeed7,0xfef8,0xfed5,0xc4f1,0xe451,0xff17,0xf695,0xd5d3,0xbd72,0xff7b,0xf6b5,0xff7b,
    0xcd91,0xbd72,0xff39,0xff17,0xff59,0xc593,0xd5f4,0xfed6,0xfef7,0xfef6,0xb511,0xf6f7,0xfc51,0xff38,0xe675,0xb510,
    0xfef7,0xa46d,0xbd71,0x83ab,0xa48e,0xbd50,0x9c0c,0x0000,0x0000,0x0000,0x0000,0x0000,0x0000,0x0000,0x0000,0x0000,
    0x0000,0x0000,0x0000,0x0000,0x0000,0x0000,0x0000,0x0000,0x0000,0x3923,0xe6b7,0xd635,0xad11,0xd677,0xb4ef,0xfef7,
    0xf430,0xbbce,0xf6f7,0xfc31,0xff18,0xd5d3,0xbd51,0xff17,0xfef7,0xff18,0x0020,0x0841,0xff38,0xff59,0x0020,0xb511,
    0xde35,0xfed6,0xfef7,0xff38,0xb46f,0xf451,0xff17,0xfcb2,0xf696,0xbd31,0xfed7,0xcdd3,0xb50f,0x8bab,0xc5b2,0xacef,
    0x3123,0x0000,0x0000,0x0000,0x0000,0x0000,0x0000,0x0000,0x0000,0x0000,0x0000,0x0000,0x0000,0x0000,0x0000,0x0000,
    0x0000,0x0000,0x0000,0x3944,0xe697,0xde76,0x9c90,0xc5b4,0xe6f9,0x8bab,0xff18,0xb4f0,0xec71,0xff17,0xfed6,0xde35,
    0xbd10,0xfed5,0xff18,0xfeb5,0xd592,0x8bcc,0x0000,0x0000,0xff18,0xbd51,0xd5f4,0xfef7,0xfeb5,0xfeb6,0xc552,0xf6f7,
    0xfc10,0xfed6,0xe675,0xac6e,0x8bab,0xb50f,0xacae,0x83cc,0x9c4d,0xb50f,0x28e2,0x0000,0x0000,0x0000,0x0000,0x0000,
    0x0000,0x0000,0x0000,0x0000,0x0000,0x0000,0x0000,0x0000,0x0000,0x0000,0x0000,0x0000,0x0000,0x0820,0x2081,0x9c6e,
    0x9c8f,0xc5d5,0xa48f,0x72e9,0x72c8,0xac8f,0xc551,0xd5f3,0xd5f4,0xbd31,0xb531,0xd5f3,0xddf3,0xd5d3,0xc592,0xb511,
    0xe614,0xddd3,0xde14,0xbd72,0xc551,0xddf3,0xde34,0xde13,0xbd51,0xd5f4,0xd5b2,0xd5b2,0xddf2,0x6268,0x6ac8,0xbd92,
    0x940c,0x7b4a,0x8bec,0x1881,0x1040,0x0000,0x0000,0x0000,0x0000,0x0000,0x0000,0x0000,0x0000,0x0000,0x0000,0x0000,
    0x0000,0x0000,0x0000,0x0000,0x0000,0x0000,0x0000,0x0000,0x30c3,0x6268,0x62a8,0xb573,0x7b8b,0x7b6b,0x834a,0xac8e,
    0xbd52,0xbd10,0xbd51,0xbd51,0xc572,0xbd72,0xbd30,0xc572,0xbd31,0xbd10,0xb4f0,0xbd52,0xbd31,0xbd31,0xbd30,0xc592,
    0xcdb3,0xbd51,0xb510,0xbd31,0xc552,0xbd31,0xbcae,0x5a47,0x7b4a,0x8c2d,0x83ab,0x5247,0x5a67,0x40e4,0x0000,0x0000,
    0x0000,0x0000,0x0000,0x0000,0x0000,0x0000,0x0000,0x0000,0x0000,0x0000,0x0000,0x0000,0x0000,0x0000,0x0000,0x0000,
    0x0000,0x1041,0x8167,0x1821,0x1020,0xc5b3,0xeef9,0xbd71,0x836a,0x6267,0xee94,0xf695,0xfed5,0xd5d2,0xbd31,0xfef6,
    0xfef6,0xf695,0xd5d2,0xb531,0xff17,0xff17,0xfed6,0xb4f0,0xde14,0xfef6,0xff17,0xfe95,0xb4ef,0xfed5,0xf6d6,0xe634,
    0x6287,0x7329,0xd634,0xcdb2,0xbd31,0x3144,0x1841,0x6906,0x0820,0x0000,0x0000,0x0000,0x0000,0x0000,0x0000,0x0000,
    0x0000,0x0000,0x0000,0x0000,0x0000,0x0000,0x0000,0x0000,0x0000,0x0000,0x0000,0xb28c,0x68e6,0x48a4,0x6926,0x3083,
    0xcdd3,0xeef9,0xc593,0x8bcc,0x7b2a,0x8b8b,0xfe95,0xd5b2,0xaccf,0xfef6,0xfeb6,0xfeb6,0xd5b1,0xacae,0xff59,0xfeb6,
    0xfeb5,0xc552,0xd5d2,0xff18,0xfe53,0xfed6,0xaccf,0xbcae,0x93ab,0x938b,0xcdb2,0xd634,0xcdf3,0xa44d,0x3062,0x6106,
    0x40a4,0x58c5,0x7947,0x0000,0x0000,0x0000,0x0000,0x0000,0x0000,0x0000,0x0000,0x0000,0x0000,0x0000,0x0000,0x0000,
    0x0000,0x0000,0x0000,0x0000,0xa22b,0x1841,0x6906,0x48a4,0x50a4,0x58e5,0x7106,0x1021,0xde36,0xd635,0xde97,0xde75,
    0xc5b2,0xaccf,0x942d,0xa44d,0xf6f8,0xb4ef,0xf6d7,0x944e,0xa44d,0xf6d7,0xb4ef,0xacd0,0xbd10,0xac8d,0xfed7,0xc571,
    0x8bec,0x9c6e,0xcdb2,0xcdf4,0xcdd3,0xacaf,0x1821,0x7107,0x58e5,0x48a4,0x4083,0x58c5,0x0821,0x8168,0x0000,0x0000,
    0x0000,0x0000,0x0000,0x0000,0x0000,0x0000,0x0000,0x0000,0x0000,0x0000,0x0000,0x0000,0xb22b,0x91a9,0x7947,0x60e6,
    0x0820,0x2842,0x58c5,0x60e5,0x50c5,0x50c5,0x7126,0x7947,0x5a07,0x6288,0x49e6,0x41c6,0xbd51,0xc5b2,0xbd50,0xbd71,
    0xbd92,0x9c8f,0xc592,0xbd71,0xbd51,0x944e,0xbd51,0xb4ef,0xb510,0xb550,0x41a5,0x49e6,0x51e6,0x5a27,0x7147,0x7927,
    0x48a4,0x48c5,0x58e5,0x48a4,0x3883,0x0820,0x7127,0x60e6,0x7148,0x7947,0x0000,0x0000,0x0000,0x0000,0x0000,0x0000,
    0x0000,0x0000,0x0000,0x0000,0x0000,0x0000,0x91c9,0x6906,0x50a4,0x48a4,0x0800,0x1021,0x1000,0x40a4,0x7947,0x58c5,
    0x50a4,0x48a4,0x6926,0x8168,0x58e5,0x48c5,0x93cc,0x83ab,0x83ab,0x7b4a,0x7b8b,0x7b6b,0x7b4a,0x7b8b,0x7309,0x7b6b,
    0x730a,0x7b6b,0x838c,0x7b6a,0x40a4,0x6106,0x60c5,0x68e5,0x48a4,0x48c4,0x48a4,0x58c5,0x3883,0x2041,0x2862,0x2042,
    0x58e5,0x4084,0x6906,0x6906,0x0000,0x0000,0x0000,0x0000,0x0000,0x0000,0x0000,0x0000,0x0000,0x0000,0x0000,0xaa2b,
    0x60e5,0x58e5,0x3063,0x7107,0x0800,0x0800,0x1021,0x50c5,0x2842,0x6926,0x48a4,0x50a4,0x48a4,0x50c4,0x40a4,0x48c4,
    0x50a4,0x40a4,0x4083,0x2842,0x89c8,0x6966,0x7987,0x6926,0x7947,0x7947,0x2042,0x4084,0x4083,0x4084,0x2862,0x48a4,
    0x50c4,0x50c5,0x50a5,0x58c5,0x6927,0x1841,0x48c4,0x1841,0x0000,0x1021,0x6906,0x3063,0x48a4,0x48a4,0x48a4,0x3062,
    0x0000,0x0000,0x0000,0x0000,0x0000,0x0000,0x0000,0x6946,0x6927,0x6106,0x50a4,0x68e6,0x6906,0x3063,0x48a4,0x0000,
    0x2021,0x6906,0x58e5,0x40a4,0x58a5,0x7106,0x58c5,0x60e6,0x4884,0x48a4,0x50a4,0x50c5,0x58c5,0x2842,0x58e6,0x3043,
    0x4083,0x3883,0x50a4,0x50c5,0x2862,0x58c5,0x50a5,0x50a5,0x2862,0x48a4,0x58c5,0x68e6,0x6926,0x50a4,0x48a4,0x58c5,
    0x60e5,0x2862,0x0000,0x58c5,0x2021,0x60e6,0x58c5,0x48a4,0x6926,0x58e5,0x7967,0x0000,0x0000,0x0000,0x0000,0x0000,
    0x0000,0x48c4,0x3062,0x2842,0x7127,0x68e6,0x2842,0x4084,0x1021,0x1861,0x60c5,0x6906,0x6906,0x6906,0x2842,0x50a4,
    0x4083,0x3883,0x2842,0x2842,0x68e6,0x58c5,0x50c5,0x1021,0x48a5,0x3063,0x58a4,0x4083,0x3863,0x48a4,0x2042,0x58c5,
    0x58c5,0x68e6,0x2842,0x3883,0x3883,0x4084,0x48a4,0x3883,0x7968,0x60e6,0x60e6,0x50c5,0x38a3,0x2021,0x4884,0x3062,
    0x60e6,0x7127,0x2042,0x2842,0x58c5,0x0000,0x0000,0x0000,0x0000,0x0000,0x8167,0x58e5,0x60e6,0x60e5,0x2842,0x3042,
    0x60e6,0x50c5,0x0000,0x3083,0x50a5,0x60c5,0x7947,0x2842,0x60c5,0x60c6,0x58e6,0x58c5,0x48a4,0x40a4,0x4084,0x3883,
    0x3883,0x1841,0x7127,0x4884,0x3863,0x3063,0x58c5,0x58c5,0x2862,0x3083,0x3063,0x3063,0x4084,0x48a4,0x58e5,0x58e6,
    0x60e6,0x58e5,0x2041,0x7127,0x50c5,0x40a4,0x40a3,0x0000,0x4884,0x68e6,0x2842,0x3042,0x48a4,0x48a4,0x50c4,0x60e6,
    0x0000,0x0000,0x0000,0x2862,0xa1ea,0x5906,0x6927,0x48a4,0x7106,0x68e6,0x60e6,0x1841,0x3042,0x4084,0x48a4,0x8989,
    0x1841,0x60e6,0x60e6,0x58e5,0x60e6,0x68e6,0x40a4,0x50c5,0x60c6,0x50c5,0x58c5,0x2042,0x2062,0x1021,0x1861,0x1041,
    0x1841,0x2062,0x2041,0x58c5,0x50c5,0x58c5,0x3883,0x48a4,0x60e6,0x6906,0x60e6,0x58c5,0x60e5,0x2041,0x7127,0x58c5,
    0x48a4,0x50c4,0x1841,0x68e6,0x58c5,0x60e6,0x48a4,0x50e5,0x50e5,0x8968,0x2842,0x0000,0x0000,0x2882,0x1021,0x5905,
    0x7927,0x99a9,0x3883,0x60e5,0x58c5,0x0000,0x3062,0x7106,0x99a9,0x0800,0x58e5,0x7106,0x6906,0x7106,0x68e6,0x6106,
    0x48c4,0x58e5,0x58c5,0x6906,0x68e6,0x60e6,0x48a4,0x40a4,0xe6fb,0xbdd6,0x2842,0x50a4,0x68c6,0x6906,0x6906,0x6906,
    0x40c4,0x50c5,0x68e6,0x6906,0x6906,0x60e5,0x7126,0x58c5,0x0800,0x7106,0x58e5,0x4083,0x0000,0x50a5,0x68e6,0x3063,
    0x8968,0x6906,0x6106,0x2041,0x2082,0x0000,0x1041,0x5226,0x5247,0x4104,0x3884,0x60e6,0x2842,0x40a4,0x48a4,0x0000,
    0x3884,0x48a4,0x38c4,0x4083,0x58e5,0x6926,0x6106,0x58e5,0x58e5,0x50c5,0x50c4,0x48c5,0x50c5,0x50c5,0x50c5,0x4083,
    0x40a4,0x40a4,0x8c71,0x8450,0x2042,0x48a4,0x4083,0x50c5,0x48a4,0x50c5,0x48c4,0x50c5,0x58c5,0x68e6,0x58c5,0x60e5,
    0x60e6,0x50c5,0x40a4,0x40a3,0x3883,0x50a4,0x0000,0x4084,0x40a4,0x4083,0x50a5,0x4083,0x38a4,0x41a5,0x5226,0x0840,
    0x20c2,0xde14,0xcdb3,0x5227,0x1041,0x48a5,0x60e6,0x2042,0x2842,0x2062,0x58e6,0x2062,0x2862,0x60e6,0x58e5,0x48c5,
    0x48a4,0x50a4,0x48a4,0x38a3,0x2862,0x3883,0x3883,0x3883,0x58c5,0x58e5,0x58c5,0x50a5,0xbdd6,0x8c91,0x2042,0x58e5,
    0x50c5,0x48c4,0x3863,0x40a3,0x3883,0x2862,0x4083,0x3883,0x48a4,0x50c5,0x48a4,0x48a4,0x58c5,0x3883,0x1021,0x50c5,
    0x3062,0x3063,0x2842,0x60e6,0x48c4,0x1041,0x0821,0xb4cf,0xd5b2,0x20c2,0x3123,0xff18,0xe633,0xacaf,0xac8e,0x1861,
    0x60e6,0x60e5,0x1821,0x4083,0x58e5,0x7127,0x6906,0x60e6,0x6906,0x48c4,0x7127,0x6906,0x6906,0x6926,0x60e5,0x58c5,
    0x7127,0x7948,0x4083,0x60e6,0x68e6,0x48a4,0xc617,0x9491,0x1821,0x6906,0x60e5,0x48a4,0x7947,0x7127,0x50c5,0x6906,
    0x6927,0x7127,0x6906,0x58e5,0x2042,0x60e6,0x58e5,0x50c5,0x6906,0x50a4,0x5084,0x1021,0x6906,0x50c5,0x1041,0x6b09,
    0xacce,0xee33,0xee33,0x3943,0x3943,0xff39,0xd5b2,0xa4af,0xc550,0xd5f3,0x1041,0x58c5,0x1021,0x3063,0x7948,0x3883,
    0x7927,0x58e6,0x60e6,0x2042,0x6106,0x60e5,0x60e6,0x58e5,0x48a4,0x58c5,0x60e6,0x60e6,0x7947,0x3062,0x60e6,0x58e5,
    0x50c5,0x60e6,0x3883,0x6106,0x3863,0x8168,0x58e6,0x68e6,0x50e5,0x48c4,0x6106,0x60e6,0x58e5,0x7107,0x1841,0x58e5,
    0x60e6,0x58c5,0x48a4,0x58c5,0x4083,0x1020,0x6907,0x1841,0xcd50,0x9c2c,0xbd10,0xc530,0xddd2,0x3103,0x0000,0x3102,
    0xddd2,0xacaf,0xb4f0,0xd591,0x93cb,0x2041,0x0000,0x7106,0x6906,0x40a4,0x6906,0x7947,0x58c5,0x48a4,0x7968,0x6906,
    0x60e6,0x60e6,0x40a4,0x50c5,0x60e6,0x60e6,0x6106,0x3062,0x60e6,0x40a4,0x6126,0x6926,0x1021,0x7927,0x3884,0x6927,
    0x60e6,0x58e5,0x50e5,0x48c5,0x50c5,0x60e6,0x6906,0x7147,0x40a4,0x58e5,0x6906,0x8168,0x40a4,0x50c5,0x60e5,0x0000,
    0x2041,0x8b8b,0xc550,0xa48e,0xbcef,0xbcef,0x2902,0x0000,0x0000,0x4163,0xddd1,0xa46e,0xb4ef,0xbcce,0x836a,0x0000,
    0x1821,0x8168,0x58c5,0x48a4,0x2842,0x7127,0x68e6,0x60c5,0x3863,0x6906,0x50a5,0x50c5,0x50a5,0x50a4,0x58c5,0x60c5,
    0x6906,0x2842,0x50c5,0x48a4,0x5905,0x7127,0x1021,0x6106,0x4084,0x6926,0x60c5,0x50a5,0x48a4,0x50c4,0x60e5,0x50c5,
    0x58e6,0x3883,0x58c5,0x6906,0x60e6,0x2042,0x48a4,0x58c5,0x7106,0x1841,0x1041,0x7b2a,0xc50f,0x940c,0xa44d,0xcd50,
    0x3943,0x0000,0x0000,0x0000,0x3123,0x5206,0xb4ce,0x93cb,0x20a1,0x0000,0x8148,0x7127,0x58e6,0x48a4,0x3063,0x6106,
    0x7927,0x60e5,0x4084,0x7127,0x60c5,0x60c5,0x50a4,0x50c5,0x58c5,0x60e6,0x6106,0x2021,0x60e6,0x50c5,0x50e5,0x6906,
    0x2842,0x6906,0x3883,0x7127,0x58c5,0x58c5,0x50a4,0x50c4,0x58c5,0x58e5,0x7127,0x4084,0x60c6,0x7127,0x7107,0x2022,
    0x50a4,0x58c5,0x60e6,0x7106,0x0000,0x20a2,0x72e8,0x93cb,0x9beb,0x3102,0x0000,0x0000,0x0000,0x0000,0x0000,0x1061,
    0x20c2,0x28c1,0x0000,0x1021,0x91a9,0x68e6,0x6906,0x40a4,0x48a4,0x2062,0x7127,0x58c5,0x50c5,0x4083,0x6906,0x50c5,
    0x50a4,0x50c5,0x60c5,0x60c5,0x6906,0x2842,0x58c5,0x48a4,0x6106,0x6907,0x2042,0x6906,0x3063,0x7927,0x58c5,0x58c5,
    0x50c4,0x48a4,0x58c5,0x60e5,0x50c5,0x58c5,0x60c5,0x6906,0x4084,0x48a4,0x50c5,0x50c5,0x68e6,0x7106,0x1842,0x0000,
    0x20a1,0x1861,0x20c2,0x0000,0x0000,0x0000,0x0000,0x0000,0x0000,0x0000,0x0000,0x0000,0x0000,0x1841,0x99ea,0x60e6,
    0x58e5,0x48c4,0x50c5,0x38a3,0x60e6,0x8968,0x58e5,0x2862,0x8168,0x48c4,0x48c4,0x50c5,0x58e5,0x58e5,0x6906,0x2862,
    0x50c5,0x48c4,0x6105,0x7127,0x1821,0x6906,0x3863,0x7147,0x58c5,0x58c5,0x50c4,0x48a4,0x50c5,0x8988,0x2042,0x58c5,
    0x8168,0x60e6,0x3883,0x50c5,0x48a4,0x50c5,0x58e5,0x8168,0x2062,0x0000,0x0000,0x0000,0x0000,0x0000,0x0000,0x0000,
    0x0000,0x0000,0x0000,0x0000,0x0000,0x0000,0x0000,0x1841,0x4084,0x68e6,0x58e5,0x40a4,0x40a4,0x40a4,0x3063,0x60e6,
    0x48a4,0x3883,0x6927,0x48a4,0x48c4,0x48c4,0x40a4,0x48a4,0x60e6,0x2862,0x48a4,0x3883,0x50e5,0x60e6,0x1021,0x58c5,
    0x3062,0x5906,0x50a4,0x50c4,0x48a4,0x48a4,0x50c5,0x6927,0x3884,0x4884,0x58e5,0x3883,0x3883,0x48a4,0x48a4,0x48c4,
    0x48c4,0x50a4,0x1841,0x0000,0x0000,0x0000,0x0000,0x0000,0x0000,0x0000,0x0000,0x0000,0x0000,0x0000,0x0000,0x0000,
    0x0000,0x1021,0x3083,0x7947,0x7927,0x48a4,0x4083,0x58c5,0x3062,0x58c5,0x48a4,0x48a4,0x60e5,0x6906,0x50c5,0x48a4,
    0x50c5,0x58e5,0x60e6,0x2862,0x58c5,0x48c4,0x50e5,0x7127,0x1021,0x60e5,0x3883,0x5905,0x58c5,0x60e6,0x48c4,0x48c4,
    0x58e5,0x48a4,0x48a4,0x48a4,0x58c5,0x3063,0x58c5,0x4083,0x3883,0x6906,0x7927,0x2062,0x1041,0x0000,0x0000,0x0000,
    0x0000,0x0000,0x0000,0x0000,0x0000,0x0000,0x0000,0x0000,0x0000,0x0000,0x0000,0x0000,0x1881,0x0820,0x0820,0x1021,
    0x6906,0x7127,0x58c5,0x8148,0x7127,0x60e5,0x3883,0x8188,0x50c5,0x6906,0x60e6,0x7947,0x1841,0x58c5,0x58c5,0x48a4,
    0x7126,0x7947,0x0800,0x7106,0x50c5,0x2862,0x6926,0x60e6,0x60e5,0x50c5,0x7147,0x3883,0x60e5,0x68e6,0x91a9,0x58c5,
    0x7127,0x4083,0x2862,0x1040,0x0821,0x1881,0x0000,0x0000,0x0000,0x0000,0x0000,0x0000,0x0000,0x0000,0x0000,0x0000,
    0x0000,0x0000,0x0000,0x0000,0x0000,0x0000,0x0000,0x3965,0x3124,0x1882,0x1061,0x0841,0x1021,0x2062,0x2863,0x7927,
    0x58c5,0x48c4,0x3083,0x40a4,0x50c5,0x40a4,0x58c5,0x60e5,0x68e6,0x48a4,0x6105,0x6926,0x2042,0x7126,0x58c5,0x60c6,
    0x40a4,0x48a4,0x3883,0x3063,0x4084,0x60e5,0x6906,0x2862,0x1841,0x1041,0x1061,0x1041,0x1061,0x3124,0x3944,0x0000,
    0x0000,0x0000,0x0000,0x0000,0x0000,0x0000,0x0000,0x0000,0x0000,0x0000,0x0000,0x0000,0x0000,0x0000,0x0000,0x0000,
    0x1861,0x28e3,0x3965,0x20c3,0x28c3,0x3124,0x3124,0x3965,0x4165,0x1881,0x1841,0x1021,0x1020,0x2062,0x2062,0x2042,
    0x1841,0x2062,0x2062,0x0820,0x6106,0x8167,0x1021,0x2042,0x2862,0x1861,0x2082,0x2062,0x0820,0x0820,0x2062,0x2082,
    0x1861,0x4165,0x3124,0x3944,0x28e3,0x20c2,0x28e3,0x3124,0x3924,0x0000,0x0000,0x0000,0x0000,0x0000,0x0000,0x0000,
    0x0000,0x0000,0x0000,0x0000,0x0000,0x0000,0x0000,0x0000,0x0000,0x0000,0x28e3,0x51e7,0x4186,0x3104,0x3924,0x4165,
    0x1881,0x3924,0x3965,0x28e3,0x4165,0x28e3,0x20a2,0x3104,0x30e3,0x3924,0x3104,0x3924,0x3104,0x1061,0x18a2,0x20c2,
    0x1861,0x4186,0x3124,0x3124,0x3104,0x3104,0x28e3,0x28e3,0x2904,0x3124,0x3104,0x4165,0x3104,0x1881,0x3124,0x4186,
    0x3945,0x3945,0x4186,0x28e3,0x0000,0x0000,0x0000,0x0000,0x0000,0x0000,0x0000,0x0000,0x0000,0x0000,0x0000,0x0000,
    0x0000,0x0000,0x0000,0x0000,0x1882,0x41a6,0x3104,0x3945,0x51c6,0x1061,0x3945,0x28e3,0x3104,0x1881,0x20c3,0x28e3,
    0x20c2,0x20a2,0x20c3,0x18a2,0x28e3,0x20c2,0x18a2,0x1061,0x28e3,0x3103,0x20a2,0x3124,0x20c2,0x28e3,0x18a2,0x20a2,
    0x20e3,0x20c3,0x20c2,0x18a2,0x1861,0x3124,0x28e3,0x3965,0x1061,0x5a07,0x3124,0x3124,0x3965,0x20a2,0x0000,0x0000,
    0x0000,0x0000,0x0000,0x0000,0x0000,0x0000,0x0000,0x0000,0x0000,0x0000,0x0000,0x0000,0x0000,0x0000,0x28e2,0x2904,
    0x4986,0x49a6,0x49a6,0x0840,0x20a2,0x20a2,0x3124,0x1041,0x2903,0x20e3,0x20a2,0x20c2,0x20c3,0x28e3,0x20c3,0x28e3,
    0x28e3,0x0840,0x18a2,0x28e3,0x20a2,0x20a2,0x28e3,0x20c3,0x20e3,0x20c2,0x20c2,0x20c2,0x20e3,0x20e3,0x1881,0x3124,
    0x28e3,0x20a2,0x0000,0x5207,0x49a6,0x3944,0x2903,0x20a2,0x0000,0x0000,0x0000,0x0000,0x0000,0x0000,0x0000,0x0000,
    0x0000,0x0000,0x0000,0x0000,0x0000,0x0000,0x0000,0x0000,0x0000,0x18a1,0x0841,0x0820,0x0000,0x1861,0x3104,0x3103,
    0x4185,0x1882,0x3124,0x20c2,0x20c2,0x3104,0x28e3,0x20a2,0x20a2,0x28e3,0x3103,0x1041,0x3124,0x28e3,0x20a2,0x3104,
    0x3104,0x28e3,0x28e3,0x3124,0x20a2,0x20c2,0x30e3,0x3945,0x1881,0x3945,0x28c3,0x3945,0x0820,0x0820,0x0820,0x0840,
    0x1881,0x0000,0x0000,0x0000,0x0000,0x0000,0x0000,0x0000,0x0000,0x0000,0x0000,0x0000,0x0000,0x0000,0x0000,0x0000,
    0x0000,0x0000,0x0000,0x28c2,0x4186,0x28e3,0x20a2,0x3945,0x3124,0x28e3,0x49a6,0x1881,0x3124,0x20c2,0x20c2,0x3103,
    0x28e3,0x3124,0x3124,0x20c2,0x3104,0x1881,0x0820,0x1881,0x3104,0x3124,0x20a2,0x3104,0x3103,0x28e3,0x28c3,0x20c2,
    0x3104,0x3924,0x1061,0x3965,0x2082,0x3944,0x3944,0x20c2,0x28e3,0x3945,0x1881,0x0000,0x0000,0x0000,0x0000,0x0000,
    0x0000,0x0000,0x0000,0x0000,0x0000,0x0000,0x0000,0x0000,0x0000,0x0000,0x0000,0x0000,0x0000,0x1061,0x51e7,0x3945,
    0x2903,0x3124,0x49c6,0x1061,0x3945,0x1882,0x3945,0x2903,0x20c2,0x28c3,0x3924,0x3945,0x3104,0x3945,0x3124,0x1861,
    0x1041,0x1881,0x28e3,0x20c2,0x28e3,0x3103,0x28c3,0x3124,0x20c2,0x20c2,0x28e3,0x3944,0x1881,0x3965,0x1881,0x6249,
    0x3924,0x20c3,0x3124,0x4185,0x1861,0x0000,0x0000,0x0000,0x0000,0x0000,0x0000,0x0000,0x0000,0x0000,0x0000,0x0000,
    0x0000,0x0000,0x0000,0x0000,0x0000,0x0000,0x0000,0x1861,0x5a48,0x3945,0x28e3,0x28e3,0x3965,0x0000,0x3104,0x1881,
    0x3945,0x28e3,0x20a2,0x28e3,0x3103,0x28c3,0x3924,0x28e3,0x3124,0x20c2,0x1061,0x0820,0x3104,0x3104,0x3124,0x30e3,
    0x3924,0x3104,0x20a2,0x20c2,0x3104,0x3124,0x1881,0x3104,0x1041,0x5a28,0x20c3,0x28e3,0x3124,0x49a6,0x20a2,0x0000,
    0x0000,0x0000,0x0000,0x0000,0x0000,0x0000,0x0000,0x0000,0x0000,0x0000,0x0000,0x0000,0x0000,0x0000,0x0000,0x0000,
    0x0000,0x20a2,0x1041,0x5207,0x3124,0x3945,0x49c6,0x1061,0x28c3,0x2903,0x20a2,0x3104,0x20c2,0x28c3,0x28e3,0x3924,
    0x28e3,0x1882,0x1881,0x1061,0x1061,0x0840,0x1882,0x28e3,0x1882,0x3924,0x28e3,0x28c3,0x20a2,0x20c2,0x3924,0x1882,
    0x3104,0x28e3,0x1041,0x51e7,0x3945,0x3124,0x4165,0x20c2,0x20a1,0x0000,0x0000,0x0000,0x0000,0x0000,0x0000,0x0000,
    0x0000,0x0000,0x0000,0x0000,0x0000,0x0000,0x0000,0x0000,0x0000,0x0000,0x0000,0x0000,0x0840,0x0000,0x1041,0x0820,
    0x1041,0x1061,0x28c3,0x28e3,0x0841,0x28e3,0x20c2,0x28e3,0x28e3,0x28e3,0x28e3,0x28c3,0x1041,0x0840,0x0840,0x0000,
    0x1041,0x1061,0x28c3,0x2903,0x28e3,0x28e3,0x28c2,0x20a2,0x3104,0x1061,0x2903,0x28c3,0x1061,0x1040,0x0820,0x0820,
    0x0020,0x1061,0x0000,0x0000,0x0000,0x0000,0x0000,0x0000,0x0000,0x0000,0x0000,0x0000,0x0000,0x0000,0x0000,0x0000,
    0x0000,0x0000,0x0000,0x0000,0x0000,0x0000,0x0000,0x0820,0x3103,0x20c2,0x20a2,0x18a2,0x20a2,0x3104,0x0841,0x28e3,
    0x20c2,0x28e3,0x20c3,0x28c3,0x20c3,0x20c2,0x1882,0x0820,0x0000,0x0000,0x0020,0x20a2,0x20c2,0x20c3,0x20c3,0x20a2,
    0x28c3,0x18a2,0x28c3,0x1041,0x3124,0x20a2,0x1882,0x20a2,0x20a2,0x20a2,0x0840,0x0820,0x0000,0x0000,0x0000,0x0000,
    0x0000,0x0000,0x0000,0x0000,0x0000,0x0000,0x0000,0x0000,0x0000,0x0000,0x0000,0x0000,0x0000,0x0000,0x0000,0x0000,
    0x0000,0x0000,0x2903,0x2903,0x20a2,0x1882,0x1882,0x20a2,0x0820,0x2903,0x18a2,0x20c3,0x30e3,0x20a2,0x20a2,0x28e3,
    0x1882,0x0020,0x0000,0x0000,0x0000,0x20a2,0x28c2,0x20c2,0x18a2,0x3104,0x20a2,0x1882,0x3104,0x1061,0x20a2,0x1882,
    0x1061,0x1882,0x28e3,0x20c2,0x0820,0x0000,0x0000,0x0000,0x0000,0x0000,0x0000,0x0000,0x0000,0x0000,0x0000,0x0000,
    0x0000,0x0000,0x0000,0x0000,0x0000,0x0000,0x0000,0x0000,0x0000,0x0000,0x0000,0x0000,0x0000,0x0840,0x28c3,0x49a6,
    0x3965,0x3944,0x4165,0x3944,0x20a2,0x28e3,0x4165,0x4186,0x3124,0x4185,0x0000,0x0000,0x0000,0x0000,0x0000,0x0000,
    0x49a6,0x3945,0x4165,0x3944,0x28c2,0x18a2,0x4165,0x4165,0x3104,0x4185,0x4985,0x3124,0x1040,0x0000,0x0000,0x0000,
    0x0000,0x0000,0x0000,0x0000,0x0000,0x0000,0x0000,0x0000,0x0000,0x0000,0x0000,0x0000,0x0000,0x0000,0x0000,0x0000,
    0x0000,0x0000,0x0000,0x0000,0x0000,0x0000,0x0000,0x0820,0x1061,0x1061,0x0840,0x1881,0x0820,0x0820,0x0820,0x1881,
    0x0841,0x1881,0x0841,0x1041,0x0000,0x0000,0x0000,0x0000,0x0000,0x0000,0x1061,0x1061,0x1861,0x0820,0x0840,0x0820,
    0x1061,0x1040,0x1061,0x1881,0x0840,0x0820,0x1881,0x0000,0x0000,0x0000,0x0000,0x0000,0x0000,0x0000,0x0000,0x0000,
    0x0000,0x0000,0x0000,0x0000,0x0000,0x0000,0x0000,0x0000,0x0000,0x0000,0x0000,0x0000,0x0000,0x0000,0x0000,0x0000,
    0x0000,0x0000,0x0000,0x1040,0x72a7,0xa40c,0xa3eb,0x93aa,0x6246,0x936a,0x49a4,0x1881,0x1881,0x0000,0x0000,0x0000,
    0x0000,0x0000,0x0000,0x0000,0x0000,0x1881,0x20c2,0x49a5,0x7b08,0x72e8,0x93aa,0xa40b,0xac2c,0x5a26,0x1061,0x0000,
    0x0000,0x0000,0x0000,0x0000,0x0000,0x0000,0x0000,0x0000,0x0000,0x0000,0x0000,0x0000,0x0000,0x0000,0x0000,0x0000,
    0x0000,0x0000,0x0000,0x0000,0x0000,0x0000,0x0000,0x0000,0x0000,0x0000,0x0000,0x0000,0x0000,0x3923,0xac2c,0x8b49,
    0x8b6a,0x72c8,0x6267,0x72c8,0x9baa,0x9bcb,0x20c2,0x0000,0x0000,0x0000,0x0000,0x0000,0x0000,0x0000,0x0000,0x28e2,
    0xa40b,0x8b49,0x6246,0x51e5,0x8329,0x9369,0x8329,0x8329,0x3102,0x0000,0x0000,0x0000,0x0000,0x0000,0x0000,0x0000,
    0x0000,0x0000,0x0000,0x0000,0x0000,0x0000,0x0000,0x0000,0x0000,0x0000,0x0000,0x0000,0x0000,0x0000,0x0000,0x0000,
    0x0000,0x0000,0x0000,0x0000,0x18c3,0x1083,0x10a3,0x28e2,0xc50f,0xcd2f,0xcd2f,0x8b6a,0x72c7,0xac6d,0xb46c,0xac4d,
    0x3103,0x0000,0x0000,0x0862,0x1082,0x10a3,0x0862,0x10a3,0x0862,0x3943,0xb48d,0xbcce,0x8b8a,0x8b8a,0xb48d,0xb48d,
    0xbcce,0xbcce,0x28e2,0x0000,0x10a3,0x18a3,0x0000,0x0000,0x0000,0x0000,0x0000,0x0000,0x0000,0x0000,0x0000,0x0000,
    0x0000,0x0000,0x0000,0x0000,0x0000,0x0000,0x0000,0x0000,0x0000,0x0000,0x0000,0x0000,0x0000,0x0862,0x0000,0x1082,
    0x0862,0x0000,0x4143,0x3943,0x18a1,0x3102,0x18a1,0x3923,0x3102,0x3923,0x0000,0x0841,0x1083,0x0862,0x0000,0x0862,
    0x0862,0x18a3,0x1083,0x0000,0x3103,0x28e2,0x20c2,0x1061,0x3102,0x3922,0x4143,0x4184,0x0000,0x0862,0x0862,0x0000,
    0x0862,0x0862,0x18c4,0x0000,0x0000,0x0000,0x0000,0x0000,0x0000,0x0000,0x0000,0x0000,0x0000,0x0000,0x0000,0x0000,
    0x0000,0x0000,0x0000,0x0000,0x0000,0x0000,0x0000,0x0000,0x10a3,0x10a3,0x1082,0x10a3,0x0041,0x0861,0x0841,0x0841,
    0x0841,0x0000,0x0862,0x0841,0x1083,0x10a3,0x1062,0x1062,0x1082,0x10a3,0x0842,0x10a3,0x1083,0x1083,0x0021,0x0861,
    0x0020,0x0021,0x0862,0x0841,0x1061,0x0841,0x1082,0x10a3,0x1082,0x10a3,0x0020,0x0000,0x0000,0x0000,0x0000,0x0000,
    0x0000,0x0000,0x0000,0x0000,0x0000,0x0000,0x0000,0x0000,0x0000,0x0000,0x0000,0x0000,0x0000,0x0000,0x0000,0x0000,
    0x0000,0x0000,0x0000,0x0000,0x0000,0x1083,0x0000,0x0000,0x0000,0x0000,0x0000,0x10a3,0x0000,0x0000,0x10a3,0x0000,
    0x0000,0x0842,0x0861,0x0000,0x1083,0x0000,0x0000,0x18a3,0x0000,0x0000,0x0000,0x0000,0x0000,0x0000,0x10a3,0x0000,
    0x18a4,0x0000,0x0000,0x0000,0x0000,0x0000,0x0000,0x0000,0x0000,0x0000,0x0000,0x0000,0x0000,0x0000,0x0000,0x0000,
};
/* cold-layers.png; source sha256 0ce9aaf91cb6080971bb8ee558aaa72926878286c003abd1a12b2eb9015e742a; crop (364, 453, 892, 1121) */
static const uint16_t muse_wardrobe_pixels_3[] = {
    0x0000,0x0000,0x0000,0x0000,0x0000,0x0000,0x0000,0x0000,0x0000,0x0000,0x0000,0x0000,0x0000,0x0000,0x0000,0x0000,
    0x0000,0x0000,0x0000,0x0000,0x0000,0x0000,0x0000,0x0000,0x0000,0x0000,0x0000,0x9329,0x82c8,0x8ac8,0x8ae8,0x7a87,
    0x7247,0x7267,0x0000,0x0000,0x0000,0x0000,0x0000,0x0000,0x0000,0x0000,0x0000,0x0000,0x0000,0x0000,0x0000,0x0000,
    0x0000,0x0000,0x0000,0x0000,0x0000,0x0000,0x0000,0x0000,0x0000,0x0000,0x0000,0x0000,0x0000,0x0000,0x0000,0x0000,
    0x0000,0x0000,0x0000,0x0000,0x0000,0x0000,0x0000,0x0000,0x0000,0x0000,0x0000,0x0000,0x0000,0x0000,0x0000,0x0000,
    0x3923,0x6a46,0x7a87,0x59c5,0x7a67,0x6a26,0x51a5,0x59c5,0x59e5,0x7a67,0x59e5,0x51a4,0x6a06,0x6a26,0x0000,0x0000,
    0x0000,0x0000,0x0000,0x0000,0x0000,0x0000,0x0000,0x0000,0x0000,0x0000,0x0000,0x0000,0x0000,0x0000,0x0000,0x0000,
    0x0000,0x0000,0x0000,0x0000,0x0000,0x0000,0x0000,0x0000,0x0000,0x0000,0x0000,0x0000,0x0000,0x0000,0x0000,0x0000,
    0x0000,0x0000,0x0000,0x0000,0x0000,0x0000,0x0000,0x28e2,0x3923,0x59e5,0x82a7,0x7267,0x3123,0x7246,0x3923,0x3924,
    0x6206,0x4144,0x3923,0x30e3,0x4144,0x49a4,0x6206,0x28e2,0x0000,0x0000,0x0000,0x0000,0x0000,0x0000,0x0000,0x0000,
    0x0000,0x0000,0x0000,0x0000,0x0000,0x0000,0x0000,0x0000,0x0000,0x0000,0x0000,0x0000,0x0000,0x0000,0x0000,0x0000,
    0x0000,0x0000,0x0000,0x0000,0x0000,0x0000,0x0000,0x0000,0x0000,0x0000,0x0000,0x0000,0x0000,0x0000,0x0000,0x0000,
    0x7a67,0x7a87,0x7287,0x8ae8,0x59e5,0x6a26,0x8ae8,0x51a5,0x4123,0x82a7,0x49a4,0x6206,0x4984,0x4164,0x4164,0x6a26,
    0x61e5,0x0020,0x0000,0x0000,0x0000,0x0000,0x0000,0x0000,0x0000,0x0000,0x0000,0x0000,0x0000,0x0000,0x0000,0x0000,
    0x0000,0x0000,0x0000,0x0000,0x0000,0x0000,0x0000,0x0000,0x0000,0x0000,0x0000,0x0000,0x0000,0x0000,0x0000,0x0000,
    0x0000,0x0000,0x0000,0x0000,0x0000,0x0000,0x0000,0x61e5,0x8ac8,0x6a26,0x82c8,0x7267,0x4164,0x82a7,0x6206,0x7266,
    0x51a5,0x7246,0x6a06,0x3944,0x6a26,0x4985,0x7246,0x6a26,0x3103,0x6206,0x6a26,0x51a4,0x30e2,0x0000,0x0000,0x0000,
    0x0000,0x0000,0x0000,0x0000,0x0000,0x0000,0x0000,0x0000,0x0000,0x0000,0x0000,0x0000,0x0000,0x0000,0x0000,0x0000,
    0x0000,0x0000,0x0000,0x0000,0x0000,0x0000,0x0000,0x0000,0x0000,0x0000,0x0000,0x0000,0x0000,0x0000,0x0000,0x59c5,
    0x8ae8,0x51a4,0x82a7,0x51c5,0x4984,0x51c5,0x6a26,0x4984,0x6a26,0x4984,0x59c5,0x61e5,0x4964,0x6a26,0x4964,0x59c5,
    0x6206,0x61e6,0x4164,0x59c5,0x4163,0x7246,0x28c2,0x0000,0x0000,0x0000,0x0000,0x0000,0x0000,0x0000,0x0000,0x0000,
    0x0000,0x0000,0x0000,0x0000,0x0000,0x0000,0x0000,0x0000,0x0000,0x0000,0x0000,0x0000,0x0000,0x0000,0x0000,0x0000,
    0x0000,0x0000,0x0000,0x0000,0x0000,0x0000,0x0000,0x3924,0x82c8,0x6206,0x4984,0x4143,0x4144,0x28e3,0x4164,0x4164,
    0x3923,0x4144,0x3103,0x4984,0x59c5,0x3903,0x4984,0x3943,0x51a4,0x59c5,0x61e5,0x6a06,0x5184,0x3923,0x4984,0x30e3,
    0x0000,0x0000,0x0000,0x0000,0x0000,0x0000,0x0000,0x0000,0x0000,0x0000,0x0000,0x0000,0x0000,0x0000,0x0000,0x0000,
    0x0000,0x0000,0x0000,0x0000,0x0000,0x0000,0x0000,0x0000,0x0000,0x0000,0x0000,0x0000,0x0000,0x0000,0x0000,0x0000,
    0x59c5,0x4984,0x30e2,0x20c2,0x28c2,0x28c2,0x20a2,0x4164,0x3103,0x59c5,0x3923,0x5184,0x4984,0x3103,0x30e2,0x3103,
    0x3103,0x20a2,0x3924,0x3103,0x3943,0x4164,0x3923,0x4144,0x61e6,0x1881,0x0000,0x0000,0x0000,0x0000,0x0000,0x0000,
    0x0000,0x0000,0x0000,0x0000,0x0000,0x0000,0x0000,0x0000,0x0000,0x0000,0x0000,0x0000,0x0000,0x0000,0x0000,0x0000,
    0x0000,0x0000,0x0000,0x0000,0x0000,0x0000,0x0000,0x0000,0x0000,0x4164,0x4144,0x3923,0x51c5,0x9329,0x82c8,0x59c5,
    0x9309,0x59c5,0x9308,0x4984,0x8ae8,0x82a7,0x59e5,0x7a87,0x49a4,0x6a06,0x3103,0x4143,0x28e2,0x3923,0x4964,0x4184,
    0x49a5,0x59c5,0x20a2,0x0000,0x0000,0x0000,0x0000,0x0000,0x0000,0x0000,0x0000,0x0000,0x0000,0x0000,0x0000,0x0000,
    0x0000,0x0000,0x0000,0x0000,0x0000,0x0000,0x0000,0x0000,0x0000,0x0000,0x0000,0x0000,0x0000,0x0000,0x0000,0x0000,
    0x3923,0x3903,0x8ae8,0x59c5,0x9329,0x59c5,0x9308,0x7267,0x4984,0x8ae8,0x4984,0x7a87,0x4964,0x82a7,0x6226,0x4984,
    0x82a7,0x4964,0x7a87,0x4984,0x7266,0x7a87,0x51c5,0x5184,0x28c2,0x28e2,0x3923,0x4964,0x0000,0x0000,0x0000,0x0000,
    0x0000,0x0000,0x0000,0x0000,0x0000,0x0000,0x0000,0x0000,0x0000,0x0000,0x0000,0x0000,0x0000,0x0000,0x0000,0x0000,
    0x0000,0x0000,0x0000,0x0000,0x0000,0x0000,0x0000,0x0000,0x9309,0x7246,0x7247,0x8ae8,0x4964,0x82a7,0x4143,0x7a87,
    0x6a26,0x4144,0x7a67,0x4164,0x7a67,0x4164,0x7247,0x6206,0x4984,0x6a26,0x4144,0x7246,0x4164,0x59c5,0x6206,0x3944,
    0x82a7,0x51c5,0x6a26,0x3103,0x3103,0x2081,0x0000,0x0000,0x0000,0x0000,0x0000,0x0000,0x0000,0x0000,0x0000,0x0000,
    0x0000,0x0000,0x0000,0x0000,0x0000,0x0000,0x0000,0x0000,0x0000,0x0000,0x0000,0x0000,0x0000,0x0000,0x0000,0x0000,
    0x6a46,0x82c8,0x51c5,0x4144,0x7a66,0x4144,0x7246,0x4164,0x8287,0x6a26,0x3923,0x6a26,0x4164,0x7246,0x4144,0x7246,
    0x6206,0x4164,0x6a26,0x4144,0x7226,0x3943,0x5184,0x59c5,0x3924,0x6a05,0x3943,0x6205,0x4144,0x4164,0x6a06,0x1040,
    0x0000,0x0000,0x0000,0x0000,0x0000,0x0000,0x0000,0x0000,0x0000,0x0000,0x0000,0x0000,0x0000,0x0000,0x0000,0x0000,
    0x0000,0x0000,0x0000,0x0000,0x0000,0x0000,0x0000,0x0000,0x2081,0x7a87,0x6206,0x4984,0x3923,0x6205,0x3923,0x59e5,
    0x3943,0x6a26,0x4964,0x3103,0x61e5,0x3923,0x6206,0x3923,0x6205,0x4984,0x3103,0x59c5,0x3923,0x59c5,0x3103,0x4964,
    0x51a5,0x3103,0x59c5,0x3923,0x61e5,0x28e2,0x28e2,0x51c5,0x3943,0x0000,0x0000,0x0000,0x0000,0x0000,0x0000,0x0000,
    0x0000,0x0000,0x0000,0x0000,0x0000,0x0000,0x0000,0x0000,0x0000,0x0000,0x0000,0x0000,0x0000,0x0000,0x0000,0x0000,
    0x0000,0x3923,0x8ae8,0x59e5,0x51a5,0x3103,0x59c5,0x3923,0x7226,0x4164,0x61e5,0x51a5,0x28c2,0x61e5,0x3103,0x59c5,
    0x4164,0x59c5,0x3923,0x28e2,0x6206,0x3943,0x59e5,0x28e3,0x59e5,0x4984,0x30e3,0x51a5,0x3903,0x59c5,0x28e2,0x3103,
    0x5184,0x3923,0x0020,0x0000,0x0000,0x0000,0x0000,0x0000,0x0000,0x0000,0x0000,0x0000,0x0000,0x0000,0x0000,0x0000,
    0x0000,0x0000,0x0000,0x0000,0x0000,0x0000,0x0000,0x0000,0x0000,0x0000,0x8ae8,0x6a26,0x6a26,0x59c5,0x4144,0x6205,
    0x4964,0x51a5,0x28c2,0x3103,0x28c2,0x28c2,0x28c2,0x28e2,0x28c2,0x28e2,0x28c2,0x20c2,0x3103,0x28e2,0x20a2,0x3103,
    0x28e2,0x4164,0x4143,0x3103,0x6a26,0x4164,0x61e5,0x4164,0x4144,0x59c5,0x4144,0x30e3,0x0000,0x0000,0x0000,0x0000,
    0x0000,0x0000,0x0000,0x0000,0x0000,0x0000,0x0000,0x0000,0x0000,0x0000,0x0000,0x0000,0x0000,0x0000,0x0000,0x0000,
    0x0000,0x0000,0x0000,0x82a7,0x59c5,0x51a5,0x20a2,0x30e2,0x28e2,0x28c2,0x28e2,0xc5b2,0xc572,0xf73a,0xd634,0x83cc,
    0xde75,0xe697,0xe696,0xeeb7,0xa48f,0xe675,0xde55,0xde55,0xcdb3,0xacf0,0xbd51,0x1861,0x20a2,0x3103,0x30e2,0x59e5,
    0x4164,0x4984,0x6206,0x3943,0x51a5,0x28c2,0x0000,0x0000,0x0000,0x0000,0x0000,0x0000,0x0000,0x0000,0x0000,0x0000,
    0x0000,0x0000,0x0000,0x0000,0x0000,0x0000,0x0000,0x0000,0x0000,0x0000,0x0000,0x0000,0x59c5,0x28c2,0x20a2,0x5a47,
    0xcdb3,0xe675,0xff9b,0xa46e,0x8bcb,0xffde,0x836a,0x838b,0x5267,0x8b8b,0x836a,0x8b8b,0x836a,0x6287,0x834a,0x836a,
    0x836a,0x836a,0x72e9,0x9c2d,0xeeb7,0x8bcc,0x836a,0x28c2,0x28c2,0x1881,0x3103,0x59c5,0x4144,0x59e5,0x20c2,0x0000,
    0x0000,0x0000,0x0000,0x0000,0x0000,0x0000,0x0000,0x0000,0x0000,0x0000,0x0000,0x0000,0x0000,0x0000,0x0000,0x0000,
    0x0000,0x0000,0x0000,0x0000,0x0020,0x20c2,0xcd92,0xf79c,0xacaf,0xbd31,0x8bab,0xfe74,0xfe74,0xbcef,0xfe53,0xfe95,
    0xf674,0xac6d,0xf674,0xf633,0xfe95,0xfe74,0xa42d,0xfed5,0xf653,0xfeb6,0xcd0f,0xe5d2,0xfe74,0xfe74,0xfe94,0xddb1,
    0x8bab,0xc571,0xaccf,0x30e3,0x28c2,0x28c2,0x59c5,0x28c2,0x0000,0x0000,0x0000,0x0000,0x0000,0x0000,0x0000,0x0000,
    0x0000,0x0000,0x0000,0x0000,0x0000,0x0000,0x0000,0x0000,0x0000,0x0000,0x0000,0x0000,0x0000,0x0820,0x28e2,0xbd51,
    0xd615,0x8bec,0x940d,0x8bab,0xddb2,0xcd50,0xacae,0xcd51,0xd571,0xcd71,0xac8e,0xc50f,0xcd71,0xcd30,0xc551,0xac8e,
    0xcd51,0xcd50,0xd571,0xbcef,0xc530,0xcd71,0xcd30,0xcd71,0xc50f,0x838b,0x93ec,0x9c4e,0x3103,0x28c2,0x28c2,0x3923,
    0x20a2,0x0000,0x0000,0x0000,0x0000,0x0000,0x0000,0x0000,0x0000,0x0000,0x0000,0x0000,0x0000,0x0000,0x0000,0x0000,
    0x0000,0x0000,0x0000,0x0000,0x0000,0x3923,0x20a1,0xef19,0xff9c,0xb4cf,0x7b4a,0x8bab,0xfeb6,0xfef6,0xfe95,0xc530,
    0xfe94,0xfe95,0xfed6,0xa46d,0xfeb6,0xfe94,0xfe95,0xfe95,0xacaf,0xf653,0xfe94,0xfe94,0xd592,0xf695,0xfe53,0xfeb4,
    0xf674,0xd5b2,0xfeb5,0x7b4a,0xd614,0x9c2d,0xd614,0xaccf,0x2081,0x28c2,0x0000,0x0000,0x0000,0x0000,0x0000,0x0000,
    0x0000,0x0000,0x0000,0x0000,0x0000,0x0000,0x0000,0x0000,0x0000,0x0000,0x0000,0x0000,0x0000,0x3103,0xffdd,0xe719,
    0xf739,0xacf0,0x8bcb,0xac8e,0xfeb5,0xfeb6,0xfeb6,0xff17,0xd5b2,0xfe95,0xfe95,0xfeb5,0xb4cf,0xfef7,0xfe95,0xfeb5,
    0xfed6,0xacaf,0xfe95,0xfe75,0xf695,0xd5d3,0xee33,0xfe95,0xfe74,0xff18,0xcd92,0xfe95,0xfe94,0x836a,0x8bab,0xd5f4,
    0xbd10,0x3944,0x0000,0x0000,0x0000,0x0000,0x0000,0x0000,0x0000,0x0000,0x0000,0x0000,0x0000,0x0000,0x0000,0x0000,
    0x0000,0x0000,0x0000,0x0000,0x0000,0x0000,0x3924,0xf6f8,0xeef9,0xcdb2,0xffbd,0x838a,0xb4cf,0xff38,0xfe95,0xfed7,
    0xfed6,0xcd51,0xfed6,0xff18,0xfed6,0xacf0,0xff9b,0xfed6,0xff9b,0xfe94,0xacd0,0xff9d,0xff18,0xff9c,0xd5b2,0xfed6,
    0xfed6,0xff18,0xfed6,0xcd92,0xfeb5,0xfef7,0x836a,0x7309,0xa48e,0xde34,0xaccf,0x28e3,0x20c2,0x0000,0x0000,0x0000,
    0x0000,0x0000,0x0000,0x0000,0x0000,0x0000,0x0000,0x0000,0x0000,0x0000,0x0000,0x0000,0x0000,0x0000,0x0000,0x3103,
    0xde56,0xbd93,0xde98,0x9c4d,0xbcf0,0xacf0,0xcdd3,0xd5d3,0xd5d3,0xd5b2,0xbd51,0xde15,0xd5f4,0xde35,0xa4d0,0xde56,
    0xd635,0xcd93,0xde77,0xacd0,0xd635,0xde36,0xcdb3,0xbd72,0xd635,0xde55,0xddf3,0xcd71,0xc571,0xd5d3,0xd5d3,0xbccf,
    0xb4d0,0xb510,0xa48f,0x9c2d,0x3103,0x3103,0x0000,0x0000,0x0000,0x0000,0x0000,0x0000,0x0000,0x0000,0x0000,0x0000,
    0x0000,0x0000,0x0000,0x0000,0x0000,0x0000,0x0000,0x0020,0x2081,0xb552,0xbd93,0xbd73,0x7b4a,0xc5b3,0xacaf,0xbd51,
    0xb4f0,0xbd31,0xb531,0xbd31,0x942e,0x83ac,0xbd52,0xb532,0xbd73,0xbd52,0xc593,0xbd73,0xb532,0xad11,0xbd72,0xbd72,
    0x9c6f,0x8c0d,0x8c0d,0xacd0,0xbd51,0xbd31,0xbd31,0xb4cf,0xbd51,0xb4f0,0x942d,0x8bec,0x8bec,0x3924,0x28e3,0x0000,
    0x0000,0x0000,0x0000,0x0000,0x0000,0x0000,0x0000,0x0000,0x0000,0x0000,0x0000,0x0000,0x0000,0x0000,0x0000,0x0000,
    0x3103,0xff7a,0xe6b7,0xcdf4,0xe676,0xffde,0xfef6,0xb510,0xff38,0xfed6,0xfef7,0xff17,0xde55,0x0000,0x0000,0xf77b,
    0xa4af,0xff79,0xff38,0xff7b,0xff59,0xacf0,0xff7a,0xff18,0xf75b,0x1061,0x0000,0x0000,0xf739,0xff38,0xcd92,0xf6b5,
    0xfef7,0xfef7,0xcd92,0xaccf,0xd5f3,0xb4cf,0x3103,0x3103,0x0000,0x0000,0x0000,0x0000,0x0000,0x0000,0x0000,0x0000,
    0x0000,0x0000,0x0000,0x0000,0x0000,0x0000,0x0000,0x0000,0x0000,0x3924,0xff39,0xe697,0xc5b3,0xff9d,0xa46e,0xff39,
    0xa48e,0xfef7,0xfed6,0xff39,0x0020,0x0000,0xffff,0x0000,0x0000,0x1061,0xfef7,0xff5a,0xff39,0xff59,0xa4b0,0xff39,
    0xff5a,0x0000,0xad75,0xf79e,0x0000,0x0000,0xff38,0xcdb2,0xfef7,0xfef7,0xfeb5,0xe634,0xcdb3,0xacae,0xb510,0x30e3,
    0x28e2,0x0000,0x0000,0x0000,0x0000,0x0000,0x0000,0x0000,0x0000,0x0000,0x0000,0x0000,0x0000,0x0000,0x0000,0x0000,
    0x0000,0x0000,0x3103,0xff9b,0xee96,0xcdf5,0xcd92,0xffdc,0xff79,0xaccf,0xff17,0xfef6,0xff17,0x0000,0x0000,0x0000,
    0x0000,0x0000,0x1061,0xffdc,0xff7a,0xff59,0xff18,0xad32,0xff7a,0xff38,0x0000,0x0000,0x0000,0x0000,0x0000,0xff17,
    0xcdd3,0xff17,0xfeb5,0xfef6,0xd5d3,0x940d,0xd5d3,0xcdb2,0x3103,0x28e3,0x0000,0x0000,0x0000,0x0000,0x0000,0x0000,
    0x0000,0x0000,0x0000,0x0000,0x0000,0x0000,0x0000,0x0000,0x0000,0x0000,0x0000,0x3103,0xb4af,0xc593,0xbd72,0xde56,
    0xa46e,0xd5d3,0xacaf,0xcdd4,0xd5b2,0xcd92,0xbd31,0xb4f0,0x0000,0x0000,0xbd73,0x8c0e,0xcdb3,0xcdb3,0xcdd4,0xd636,
    0xacf1,0xcdf5,0xd5f4,0xb532,0x0840,0x0000,0x0000,0xb511,0xd5d3,0xbd10,0xcdb3,0xcd71,0xd5f4,0xd5d3,0xb4f0,0x940c,
    0xacf0,0x9c2d,0xa46d,0x20a2,0x0000,0x0000,0x0000,0x0000,0x0000,0x0000,0x0000,0x0000,0x0000,0x0000,0x0000,0x0000,
    0x0000,0x0000,0x0000,0x0000,0x3944,0x3964,0xe6b7,0xcdd4,0xffbb,0xa48e,0xff38,0x9c6d,0xff38,0xff17,0xff18,0xff38,
    0xe675,0x0820,0x0840,0xff7a,0x9cb0,0xff39,0xff59,0xff39,0xff7a,0xacf0,0xff59,0xff5a,0xff38,0x18a2,0x0820,0x0840,
    0xfef7,0xfed7,0xd5f3,0xfeb5,0xfed6,0xfef7,0xddd2,0xcd92,0xacaf,0xd5f3,0xb510,0xac8e,0x3123,0x0000,0x0000,0x0000,
    0x0000,0x0000,0x0000,0x0000,0x0000,0x0000,0x0000,0x0000,0x0000,0x0000,0x0000,0x0000,0x0000,0x0000,0xf77b,0xde56,
    0xd656,0xd614,0xf719,0xff17,0xb4ef,0xfef7,0xfd14,0xff17,0xff17,0xcdb2,0xfef6,0xff18,0xfef7,0x9c6f,0xff9b,0xff18,
    0xff5a,0xfed7,0xacf1,0xff5a,0xfef8,0xf6d7,0xd5b2,0xf6b6,0xff18,0xfed6,0xf492,0xe4d2,0xfef6,0xfef8,0xfe95,0xcd92,
    0x9c2d,0xacae,0xb4cf,0xbd51,0xa46e,0x3103,0x0000,0x0000,0x0000,0x0000,0x0000,0x0000,0x0000,0x0000,0x0000,0x0000,
    0x0000,0x0000,0x0000,0x0000,0x0000,0x0000,0x3103,0xac6e,0xeef8,0xd656,0xff9c,0xa48e,0xfef7,0xbc6f,0xf472,0xff16,
    0xf493,0xff18,0xd5b2,0xff18,0xfeb6,0xfef7,0xa48f,0xf6d7,0x1841,0xfef7,0xff17,0xcdb4,0x1861,0xfef7,0xfed7,0xde14,
    0xf6b5,0xfeb5,0xf4b3,0xff37,0xe614,0xf472,0xfef7,0xfeb6,0xf6d6,0xc592,0xb510,0xcdb2,0x3103,0x3924,0x3944,0x0000,
    0x0000,0x0000,0x0000,0x0000,0x0000,0x0000,0x0000,0x0000,0x0000,0x0000,0x0000,0x0000,0x0000,0x0000,0x3923,0xff9c,
    0x5a06,0xf75a,0xe6b8,0xeeb7,0xf6f8,0x8bab,0xbcf0,0xff18,0xf493,0xff17,0xff59,0xc551,0xff17,0xff18,0xfed7,0xa46e,
    0xff38,0xfed6,0x1041,0x1041,0x0020,0xff18,0xff18,0xfef7,0xddb2,0xf674,0xfef7,0xff17,0xec91,0xcc0f,0xfef6,0xff18,
    0x9c4d,0x5a67,0x93ec,0xc571,0xb510,0x3103,0x62a8,0xf739,0x4164,0x0000,0x0000,0x0000,0x0000,0x0000,0x0000,0x0000,
    0x0000,0x0000,0x0000,0x0000,0x0000,0x0000,0x0000,0x5a47,0xde77,0x49e6,0xbd52,0xb531,0xa4d0,0xb531,0x6287,0x8bab,
    0xbcef,0xb48f,0xb4cf,0xb4cf,0xbd31,0xb511,0xb4cf,0xb4cf,0xa48e,0xbd30,0xb4f0,0x3123,0x3123,0x3164,0xacae,0xacf0,
    0xb4ef,0xbd30,0xbd31,0xb4ef,0xb4ce,0xb48f,0xac4f,0xb4f0,0xacaf,0x6ae8,0x6288,0x9c2d,0x940d,0x8bcc,0x3124,0x5248,
    0xd656,0x5206,0x0000,0x0000,0x0000,0x0000,0x0000,0x0000,0x0000,0x0000,0x0000,0x0000,0x0000,0x0000,0x0000,0x3123,
    0xf77b,0xff7b,0xc550,0x3123,0x49c5,0xe697,0xacaf,0x8bab,0x8bab,0xff18,0xfeb6,0xfeb5,0xfef7,0xcd91,0xfe95,0xfef7,
    0xfeb5,0xa48e,0xfef6,0xfed6,0xfed6,0xfef7,0x940d,0xfed6,0xfe94,0xfed7,0xd592,0xf695,0xfef7,0xfef7,0xf695,0xd5b2,
    0xf6d7,0xfed6,0x838b,0x836b,0xcd92,0xc571,0x4144,0xacce,0xc551,0xbd51,0xf6f7,0x3103,0x0000,0x0000,0x0000,0x0000,
    0x0000,0x0000,0x0000,0x0000,0x0000,0x0000,0x0000,0x0000,0x93cb,0xbd10,0xf718,0xff7a,0xa4af,0x9c0c,0xacaf,0xde56,
    0x9bec,0x59e4,0x5a26,0xfeb5,0xfed7,0xfeb5,0xc551,0xfe95,0xfe95,0xfed7,0xa48e,0xfe74,0xfeb6,0xfeb5,0xfe95,0xac8e,
    0xf674,0xfed6,0xfe95,0xcd92,0xfed6,0xf633,0xfe95,0xee75,0xddf3,0xf654,0x6226,0x7287,0xc592,0xcdb3,0xa48e,0x834a,
    0xff9b,0xc5d3,0xc592,0xa46e,0x9c2c,0x20a2,0x0000,0x0000,0x0000,0x0000,0x0000,0x0000,0x0000,0x0000,0x0000,0x0000,
    0xffbc,0xff7b,0xbd10,0xb50f,0xf6d7,0xde56,0xffbd,0xa42d,0x93ec,0x9349,0xdd90,0x9baa,0x6225,0x7b09,0xff17,0xcd51,
    0xd52f,0xfef7,0xd52f,0xc4ce,0xfed5,0xfe95,0xfeb5,0xfe74,0xa44d,0xfeb6,0xfe53,0xfeb5,0xc4ee,0xd52f,0xfed6,0xe5d1,
    0x6247,0x49a5,0x6a67,0xbc4c,0x82e7,0xc592,0x940c,0x8b8a,0xff5a,0xe675,0xaccf,0x8bcc,0xb4cf,0xff5a,0xff7a,0x20a2,
    0x0000,0x0000,0x0000,0x0000,0x0000,0x0000,0x0000,0xfffe,0xffbd,0xff59,0xff18,0xff59,0x9c0d,0xee95,0xb510,0xd5f4,
    0xff59,0xac8e,0x6a66,0xd52e,0xd50e,0xd52f,0xa389,0x9349,0x9349,0x6205,0x7b4a,0xacae,0xc551,0x9c2d,0xf6b6,0x93ec,
    0xf6d6,0xaccf,0xa44e,0xc571,0x8b8b,0x9c2d,0x4984,0x9b89,0xbc6c,0x9328,0x82e8,0xccee,0xcc8c,0x6a46,0x6288,0xa44d,
    0xf738,0xde34,0xde14,0x940c,0x9c0c,0xff59,0xff18,0xf6f7,0xfffd,0x20a2,0x28c2,0x0000,0x0000,0x0000,0x0820,0x2903,
    0xff7b,0xf75b,0xc5b4,0xc592,0xcdf4,0xa48e,0x8bab,0xacf0,0xaccf,0xd5f4,0xb510,0x5a05,0x9baa,0xb44c,0xc48d,0xa3aa,
    0xa3ca,0x9b69,0x51c5,0x93cb,0xa46d,0xc592,0x836a,0xb510,0x8bcc,0xbd51,0xa4af,0x8bab,0x8bcc,0x9c2d,0xacf0,0x4163,
    0x9369,0x936a,0xabca,0x9b89,0xa3ca,0xa3ca,0x49a4,0x72e9,0xbd52,0xcdd3,0xaccf,0x93ec,0x83ab,0xaccf,0xcdf4,0xb552,
    0xc592,0xef1a,0x4a07,0x49c5,0x0000,0x0000,0x0000,0x3103,0xffde,0xf6d7,0xcdd4,0xff5a,0xff18,0xee74,0xf718,0x8bab,
    0xcdd3,0xff18,0xee75,0xff39,0x6226,0x59e5,0x7266,0x9348,0xccad,0xccad,0xc48c,0x59e5,0xeeb6,0xb510,0xff58,0x7b4a,
    0xc571,0xcdf3,0xc550,0x8bcc,0xcdd3,0x6246,0xffbb,0xeeb7,0x51a4,0xabea,0xccce,0xdd4f,0xccad,0x8b28,0x7286,0x51c4,
    0xff5a,0xff38,0xeeb6,0xee95,0x836a,0x9c4d,0xf6f7,0xde13,0xff7a,0xff59,0xf6f7,0xd635,0xff9b,0x3924,0x0000,0x0000,
    0x3103,0xef19,0xe697,0xce35,0xe675,0xee96,0xde34,0xacae,0x7b4a,0xeed8,0xff9b,0xf6f7,0xeed7,0x7266,0xe570,0xd50e,
    0x8b08,0x6a66,0x9b89,0x7aa6,0x51c4,0xc551,0xa46e,0xfef7,0xc551,0x9bcb,0xacae,0xb4cf,0x836a,0xa40c,0x6226,0xff5a,
    0xcdb2,0x59e5,0x82c7,0x9348,0x82c7,0x6a46,0x82e8,0xdd2e,0x7266,0xde34,0xe654,0xf6d6,0xeed7,0x7b4a,0x7b29,0xacaf,
    0xcd92,0xe654,0xf6f8,0xf6d7,0xbd72,0xcdb2,0x3944,0x0000,0x0000,0x3103,0xacae,0xff7a,0xff5a,0xd5f3,0xc592,0xaccf,
    0x6ae8,0xe655,0xcdf4,0xe697,0xe6b7,0xc592,0x7287,0xb42b,0xccce,0xd50e,0xcccd,0x7ac7,0xabeb,0x51a4,0x8bcc,0xb4f0,
    0xc5d4,0xf77a,0x51e5,0xabca,0xabeb,0x82c7,0x9328,0x6287,0xde76,0xb4f0,0x49a4,0xabeb,0x9b89,0x7aa7,0x8ae7,0xdd2f,
    0xa3ca,0x51c4,0xcdb2,0xc5b3,0xe676,0xc591,0xee95,0xd5d3,0x5a47,0xbd30,0xbd51,0xc551,0xff7a,0x9c4d,0xa44d,0x3103,
    0x0000,0x3944,0xff7b,0xac8e,0xa48e,0xa48e,0xf718,0xd5d2,0xb4ef,0x6aa8,0xff59,0xe697,0xf6f8,0xf6d7,0xf6d7,0x6a66,
    0xd4cd,0xa3aa,0xd52e,0x9328,0xd4ed,0xb42b,0x6205,0xb4f0,0x9c4d,0xf6d6,0xff7a,0x51c4,0x8b08,0x82c7,0x51a4,0x82c7,
    0x7b4a,0xff39,0xe675,0x51a4,0x9b69,0xd4ee,0xa3aa,0x72a7,0xb42c,0x9b8a,0x51c4,0xeeb6,0xf6b6,0xf6b6,0xf6d7,0xf6b6,
    0xbd30,0x72e9,0xb4ef,0xe654,0xf6b6,0xacaf,0x836a,0x9bec,0xff38,0x3944,0x3103,0xf695,0xf739,0x940c,0x7b4a,0xa44d,
    0xc571,0x9c0c,0x6aa8,0xff5a,0xeed7,0xf6f8,0xff18,0xf6f7,0x5a05,0xe570,0xd4ee,0x82c7,0xdd2f,0x8b08,0x82c7,0x6205,
    0xbd51,0x9c4e,0xf6b6,0xff9b,0x3943,0x7246,0x7a86,0x51a4,0x6205,0xc572,0xff39,0xde13,0x51c4,0xb44c,0x8b08,0xedb0,
    0xb44c,0x8b28,0xd50e,0x6225,0xf6d7,0xeeb6,0xf6d7,0xeeb6,0xf6b5,0xcdb3,0x6287,0x93ec,0xd5f3,0x940c,0x8bab,0xeed7,
    0xf718,0xf675,0x3103,0x4164,0xfe95,0xc4ad,0xff59,0xff38,0x7b4a,0x9c0c,0x93cb,0xbd10,0xff38,0xde56,0xff9c,0xfef7,
    0xf6f7,0x7266,0xe570,0xd54f,0xbc6c,0x7ac7,0xa3a9,0xc48c,0x6226,0xaccf,0xa48f,0xf718,0xff39,0x49a5,0x82a7,0x82c8,
    0x7a87,0x7aa7,0xde55,0xf6d6,0xde34,0x51c5,0xc4ad,0xabeb,0x7ac7,0x7286,0xbc4c,0xb42b,0x6205,0xe654,0xeeb6,0xf6d7,
    0xee95,0xf6d6,0xcdb2,0x836a,0x834a,0xa46d,0x834a,0xf6b5,0xbc6d,0xb46d,0xf695,0x3944,0x0000,0x4164,0xa40b,0xa3cb,
    0x9bcb,0xacae,0x6ac8,0x4185,0xc591,0xeed8,0xbd51,0xc592,0xd635,0xcdd3,0x6245,0xa3aa,0x9369,0xd50f,0x6a46,0xbc2b,
    0xabeb,0x4984,0xa46e,0xb511,0xcdb3,0xcdf4,0x72e9,0x6205,0x7266,0x7266,0x6206,0xd614,0xde56,0xb510,0x4984,0xac0b,
    0xa3ea,0xccad,0xb40b,0xccad,0x7287,0x59e5,0xb510,0xbd31,0xc571,0xd614,0xd5f4,0xbd31,0x8bcc,0x49e6,0x7b4a,0xac6d,
    0xbc4c,0xd52f,0x8309,0x3924,0x0000,0x0000,0x3944,0xc4ef,0x8329,0x938a,0xac8e,0x7b2a,0x3964,0xa46d,0xcdd3,0xcdd4,
    0xc592,0xbd51,0xa4ae,0x6205,0xc46c,0x82e8,0xd50e,0x82c7,0xccad,0x82e8,0x51c5,0xa46e,0x9c6e,0xc572,0xbd52,0x5a67,
    0x49a4,0x7a86,0x7a86,0x59e5,0xb551,0xbd51,0xbd51,0x4143,0x8b28,0xd50e,0x9b69,0x9348,0xabeb,0x82c7,0x59c4,0xbd31,
    0xb4f0,0xbd30,0xbd30,0xbd31,0xbd30,0x940c,0x5226,0x6ac8,0xac8e,0xbc6d,0xe5b1,0xac0c,0x3924,0x0000,0x0000,0x0000,
    0x4144,0xf653,0xccee,0x4164,0x49e6,0x93eb,0xf6d6,0xf6f6,0xe6b8,0xff7a,0xe675,0xeed7,0x7267,0xdd2f,0xc4ad,0x8b08,
    0xdd2f,0x8b08,0xb40b,0x61e5,0xbd31,0xb510,0xbd30,0xf6d6,0x93ec,0x51c5,0x8ae7,0x7266,0x6226,0xff7b,0xf6d7,0xde34,
    0x51a4,0xbc4c,0x9b69,0x7aa7,0x7286,0xbc8d,0xdd2f,0x6a26,0xaccf,0xee75,0xf6d7,0xeeb6,0xee75,0xc591,0xacaf,0x9c0c,
    0x8bab,0x4984,0xf653,0x3944,0x4164,0x0000,0x0000,0x0000,0x0000,0x0000,0x0840,0x0840,0x0000,0x3923,0xc571,0xf717,
    0xeeb6,0xbd30,0xee95,0xeeb7,0xf6f7,0x6225,0xe54e,0xd50e,0x7aa7,0x9b89,0x8b08,0xd50e,0x61e5,0xc551,0xb4f0,0xcdb3,
    0xf6d7,0xbd31,0x4984,0x82c7,0x7266,0x6205,0xff5a,0xee95,0xde14,0x59c4,0xc4ad,0x9b69,0xedb0,0xcccd,0x9328,0xabeb,
    0x82c8,0xbd30,0xf6d7,0xee96,0xee96,0xf6b6,0xc571,0x9c6e,0xb4cf,0x3924,0x0000,0x0000,0x0000,0x0000,0x0000,0x0000,
    0x0000,0x0000,0x0000,0x0000,0x0000,0x0000,0x3103,0xbd2f,0xf6f8,0xf6f7,0xacef,0xf6f8,0xf6d7,0xee95,0x6a46,0xdd70,
    0xdd4f,0xd50e,0x8b08,0xd4ee,0xa3ca,0x59e5,0xb4ae,0xc572,0xe655,0xbd10,0xe655,0x4984,0x8ae8,0x6a26,0x4984,0xff7a,
    0xee96,0xe654,0x51a4,0x9348,0xd52f,0x8b08,0x6a46,0x9369,0xd52f,0x8b08,0xb510,0xeed6,0xee75,0xee75,0xf6f7,0xc592,
    0x940c,0xb510,0x3103,0x0000,0x0000,0x0000,0x0000,0x0000,0x0000,0x0000,0x0000,0x0000,0x0000,0x0000,0x0000,0x0000,
    0x30e3,0x8bab,0x8bcb,0x838b,0xacaf,0xe613,0xc550,0x6a66,0xd50e,0xd4cd,0x7a87,0xd4ee,0x82e7,0xa38a,0x6a25,0xb4cf,
    0xb4cf,0xee95,0x9c2d,0xee96,0x4984,0x82a7,0x6a26,0x6205,0xf717,0xe654,0xde34,0x51c4,0xcc8d,0x7a87,0xd50e,0xc46c,
    0xc4ad,0x8308,0xb42b,0x93ec,0xddf3,0xe654,0xbd10,0x8bcb,0x7329,0x8bcb,0x3944,0x0000,0x0000,0x0000,0x0000,0x0000,
    0x0000,0x0000,0x0000,0x0000,0x0000,0x0000,0x0000,0x0000,0x0000,0x3123,0x93cb,0x8bab,0x7309,0x93ec,0xc592,0xb510,
    0x7286,0xccad,0xc4ad,0x7286,0xccad,0x7aa7,0xbc4b,0x6225,0x9c2d,0xaccf,0xd5f3,0xaccf,0xde35,0x4984,0x7266,0x7266,
    0x4984,0xde75,0xcdb2,0xcdb2,0x51c4,0xc48c,0x7287,0xdd6f,0xc4ad,0xb44c,0x82e8,0xc4ad,0x9c2d,0xc592,0xcdd3,0x9c4d,
    0x838b,0x6b09,0x9c4e,0x3103,0x0000,0x0000,0x0000,0x0000,0x0000,0x0000,0x0000,0x0000,0x0000,0x0000,0x0000,0x0000,
    0x0000,0x0000,0x3103,0xc550,0xf719,0x7329,0xc530,0x6ae9,0x836a,0x82c7,0xdd4e,0xdd6f,0xbc4b,0x82c7,0xa38a,0xccee,
    0x51a4,0xb4ef,0xb4ef,0xeeb6,0xff18,0xde35,0x4984,0x8ae7,0x6a26,0x5a05,0xff5a,0xe634,0xbd30,0x51a4,0xc48d,0xccad,
    0x9328,0x7266,0x82e8,0xcccd,0xa3aa,0x7329,0x8bcc,0x93cb,0xb4cf,0xac8e,0xacef,0xe675,0x3124,0x0000,0x0000,0x0000,
    0x0000,0x0000,0x0000,0x0000,0x0000,0x0000,0x0000,0x0000,0x0000,0x0000,0x0000,0x30e3,0xd5f3,0xf718,0x8bec,0xff5a,
    0xacae,0x72e8,0xdd4f,0x9369,0x82e8,0xd4ee,0x9349,0xcccd,0x8b28,0x61e5,0xa46e,0x836a,0x940c,0xcd70,0xbd51,0x3923,
    0x3923,0x28e2,0x3944,0xff59,0xa46d,0xa46d,0x59e5,0x9b89,0xbc6c,0x8ae8,0x82e8,0xd4ee,0x82c7,0xccee,0x6266,0xf739,
    0xc530,0xff79,0xf6f7,0xb510,0xe654,0x3924,0x0000,0x0000,0x0000,0x0000,0x0000,0x0000,0x0000,0x0000,0x0000,0x0000,
    0x0000,0x0000,0x0000,0x0000,0x0000,0x3923,0xa46d,0x8bec,0xff59,0xb4ef,0x6a67,0xedd1,0xbc6c,0x9b8a,0x7aa7,0xd50e,
    0x82c7,0xbc2b,0x6225,0xd5f3,0x93ec,0xf6f7,0xff59,0x93ec,0x20c2,0x41a5,0x3984,0x3944,0xff38,0xee54,0xf6f8,0x59e5,
    0xbc4c,0x7266,0xdd4f,0xc4ad,0x7aa7,0x9baa,0xd50e,0x6246,0xff7a,0xbcef,0xff9a,0xa46d,0x62a8,0x3944,0x0000,0x0000,
    0x0000,0x0000,0x0000,0x0000,0x0000,0x0000,0x0000,0x0000,0x0000,0x0000,0x0000,0x0000,0x0000,0x0000,0x0000,0x28c2,
    0x3103,0x20a2,0x3103,0x51c5,0xe590,0xc48c,0xd50e,0xb3ea,0x7266,0xc46c,0xc46c,0x51e5,0xbd10,0xa48e,0xff59,0xe654,
    0x3103,0x6267,0x6287,0x5a46,0x5a47,0x28e3,0xff59,0xe676,0x6205,0xbc4c,0xb42b,0x8b08,0x6a46,0x9b8a,0xd4ee,0xd50e,
    0x59e5,0x3103,0x3103,0x28c2,0x20a2,0x1861,0x0000,0x0000,0x0000,0x0000,0x0000,0x0000,0x0000,0x0000,0x0000,0x0000,
    0x0000,0x0000,0x0000,0x0000,0x0000,0x0000,0x0000,0x0000,0x28c2,0x4164,0x3123,0x3944,0x6206,0xd54f,0xbc6c,0xc48d,
    0x9b89,0x7aa7,0xa3ca,0xb42c,0x59c5,0xc550,0x9c2c,0xd5d3,0xb50f,0x3944,0x6287,0x6aa8,0x5226,0x5a67,0x3944,0xc592,
    0xb510,0x59e5,0xb42c,0xabca,0x82e7,0x5a25,0x9b69,0xccad,0xb42c,0x49a4,0x3944,0x3944,0x3924,0x28c2,0x1041,0x0000,
    0x0000,0x0000,0x0000,0x0000,0x0000,0x0000,0x0000,0x0000,0x0000,0x0000,0x0000,0x0000,0x0000,0x0000,0x0000,0x0000,
    0x0000,0x28c3,0x6287,0x7b4a,0x62a8,0x51c5,0xe56f,0x9b69,0xa3aa,0xd50e,0xcccd,0xb42b,0xb40b,0x6225,0x3103,0x28e2,
    0x3944,0x49e6,0x6288,0x834a,0x834a,0x5246,0x72e9,0x5a67,0x3923,0x3923,0x6205,0xabea,0xcc8c,0xd50e,0xc48c,0xd50e,
    0x9b89,0xdd2e,0x59e5,0x5a47,0x6267,0x93cb,0x3103,0x1040,0x0000,0x0000,0x0000,0x0000,0x0000,0x0000,0x0000,0x0000,
    0x0000,0x0000,0x0000,0x0000,0x0000,0x0000,0x0000,0x0000,0x0000,0x0000,0x20c2,0x7b4a,0x9c2d,0x8bcb,0x49a4,0xe590,
    0xa3ca,0x82e8,0xdd4f,0x9369,0x8b08,0xedb1,0x51c5,0x5226,0x6267,0x6288,0x838a,0x836a,0x836a,0x834a,0x5a67,0x838b,
    0x7b4a,0x6aa8,0x62a8,0x59c4,0xe570,0x8b08,0xdd4f,0x82e8,0xe56f,0x8b28,0xe570,0x51c5,0x7b2a,0x7309,0xb4ce,0x28e3,
    0x1041,0x0000,0x0000,0x0000,0x0000,0x0000,0x0000,0x0000,0x0000,0x0000,0x0000,0x0000,0x0000,0x0000,0x0000,0x0000,
    0x0000,0x0000,0x0000,0x20c2,0xa42d,0xb4ae,0x8bab,0x4984,0xdd91,0xa3ca,0x7ac7,0xdd4f,0x9baa,0x82e8,0xe570,0x59e5,
    0x6267,0x72e9,0x8bab,0x8b8b,0x834a,0x7b29,0x72e8,0x5a47,0x836a,0x8b8b,0x838b,0x7b2a,0x51a4,0xd52f,0x8308,0xdd4f,
    0x8b28,0xdd90,0x8b08,0xb44b,0x4164,0xb4cf,0xbcef,0x3103,0x0000,0x0000,0x0000,0x0000,0x0000,0x0000,0x0000,0x0000,
    0x0000,0x0000,0x0000,0x0000,0x0000,0x0000,0x0000,0x0000,0x0000,0x0000,0x0000,0x0000,0x0000,0x28e3,0x4985,0xa44d,
    0x93ec,0x51e5,0x4144,0x4144,0x3923,0x3943,0x3123,0x4163,0x6287,0x6ac8,0x836a,0x836b,0x8b8b,0x72e9,0x836a,0x3964,
    0x6ac8,0x7309,0x8b8b,0x8bcb,0x8b8b,0x72c8,0x3943,0x4143,0x51a5,0x3103,0x4984,0x3943,0x49a5,0x7309,0xbcce,0xb4ce,
    0x3123,0x0000,0x0000,0x0000,0x0000,0x0000,0x0000,0x0000,0x0000,0x0000,0x0000,0x0000,0x0000,0x0000,0x0000,0x0000,
    0x0000,0x0000,0x0000,0x0000,0x0000,0x0000,0x28e2,0x3124,0x8bcc,0x8bcb,0x5a67,0x49c5,0x49c5,0x49c5,0x49c6,0x49c5,
    0x49e6,0x5a67,0x6ac8,0x6ac8,0x62a8,0x6ac8,0x6ac8,0x5a47,0x2903,0x6ac8,0x62a8,0x6ac8,0x6ac8,0x7309,0x5a67,0x49c5,
    0x51e6,0x49e5,0x41a5,0x49c5,0x49a5,0x6247,0x836a,0x6ae9,0xa44d,0x28e3,0x0000,0x0000,0x0000,0x0000,0x0000,0x0000,
    0x0000,0x0000,0x0000,0x0000,0x0000,0x0000,0x0000,0x0000,0x0000,0x0000,0x0000,0x0000,0x0000,0x0000,0x0000,0x28c2,
    0x28e2,0xac8e,0x8bab,0x93ec,0x6ae9,0x7b4a,0x6ac8,0x6ac8,0x6ac8,0x5a67,0x72e9,0x838b,0x7309,0x7b4a,0x7b2a,0x7b29,
    0x6aa8,0x2903,0x6287,0x6aa8,0x836a,0x838a,0x836a,0x6ae9,0x72e9,0x6ac8,0x6ae8,0x62a8,0x72e9,0x7b29,0x9c0c,0x8bcb,
    0x8bcb,0xb4ce,0x0000,0x0000,0x0000,0x0000,0x0000,0x0000,0x0000,0x0000,0x0000,0x0000,0x0000,0x0000,0x0000,0x0000,
    0x0000,0x0000,0x0000,0x0000,0x0000,0x0000,0x0000,0x0000,0x0000,0x0000,0x28e2,0xac6e,0x940c,0x72e9,0x9c0c,0x8bcb,
    0x93ec,0x8bab,0x7309,0x93cc,0x8bab,0x7309,0x7329,0x836a,0x7309,0x28e3,0x3103,0x5206,0x6ae9,0x838a,0x836a,0x7b4a,
    0x7309,0x8bab,0x838b,0x93cb,0x7329,0x93ec,0xa44d,0x8bab,0x7b29,0xa44d,0x28e3,0x0000,0x0000,0x0000,0x0000,0x0000,
    0x0000,0x0000,0x0000,0x0000,0x0000,0x0000,0x0000,0x0000,0x0000,0x0000,0x0000,0x0000,0x0000,0x0000,0x0000,0x0000,
    0x0000,0x0000,0x0000,0x28c2,0xac6d,0x49e5,0x5a47,0x9c2d,0x8b8b,0x8bab,0x93cc,0x7b49,0x838a,0x836a,0x7309,0x7309,
    0x72e9,0x6ac8,0x28c2,0x20c2,0x28e3,0x6aa8,0x6aa8,0x836a,0x8b8b,0x6ac8,0x838a,0x93cb,0xa44d,0x7309,0xa40c,0x836b,
    0xac4d,0x93ab,0x28c2,0x0000,0x0000,0x0000,0x0000,0x0000,0x0000,0x0000,0x0000,0x0000,0x0000,0x0000,0x0000,0x0000,
    0x0000,0x0000,0x0000,0x0000,0x0000,0x0000,0x0000,0x0000,0x0000,0x0000,0x0000,0x0000,0x0000,0x20a2,0xac6d,0x3985,
    0x5226,0x3103,0x8b8a,0x834a,0x7309,0x7b4a,0x6ac8,0x62a8,0x72e9,0x6ac8,0x20a2,0x0020,0x0000,0x0820,0x28c2,0x62a8,
    0x6ac8,0x7b09,0x6aa8,0x7b4a,0x8bab,0x8bab,0x836a,0x9c0c,0x20c2,0x28e3,0x28c3,0x0000,0x0000,0x0000,0x0000,0x0000,
    0x0000,0x0000,0x0000,0x0000,0x0000,0x0000,0x0000,0x0000,0x0000,0x0000,0x0000,0x0000,0x0000,0x0000,0x0000,0x0000,
    0x0000,0x0000,0x0000,0x0000,0x0000,0x0000,0x1061,0x2903,0x20a2,0x28e3,0x28e2,0x3123,0x18a2,0x28e3,0x51e6,0x49c5,
    0x3984,0x49c6,0x6267,0x1882,0x0000,0x0000,0x0000,0x1041,0x5a26,0x5a47,0x3964,0x4185,0x49c5,0x3123,0x3944,0x28e2,
    0x3103,0x3103,0x1061,0x1882,0x0000,0x0000,0x0000,0x0000,0x0000,0x0000,0x0000,0x0000,0x0000,0x0000,0x0000,0x0000,
    0x0000,0x0000,0x0000,0x0000,0x0000,0x0000,0x0000,0x0000,0x0000,0x0000,0x0000,0x0000,0x0000,0x0000,0x0000,0x0000,
    0x1861,0x5206,0xc4ce,0xac2c,0x72a7,0x49a4,0x20a1,0x28c2,0x1861,0x1040,0x20a2,0x28c2,0x0000,0x0000,0x0000,0x0000,
    0x0000,0x20c2,0x28e3,0x20a2,0x1881,0x1881,0x49a4,0xa3eb,0x7ac7,0x8b49,0xc4ce,0x20a1,0x0000,0x0000,0x0000,0x0000,
    0x0000,0x0000,0x0000,0x0000,0x0000,0x0000,0x0000,0x0000,0x0000,0x0000,0x0000,0x0000,0x0000,0x0000,0x0000,0x0000,
    0x0000,0x0000,0x0000,0x0000,0x0000,0x0000,0x0000,0x18a4,0x0000,0x1061,0x2903,0x3123,0x3103,0x28e2,0x28e2,0x3123,
    0x20a2,0x0820,0x0000,0x0000,0x10a3,0x1083,0x18c4,0x1083,0x0841,0x10a3,0x10a3,0x0000,0x0000,0x1061,0x28e2,0x28e2,
    0x3103,0x20c2,0x28e3,0x3103,0x18a1,0x0000,0x1083,0x0000,0x0000,0x0000,0x0000,0x0000,0x0000,0x0000,0x0000,0x0000,
    0x0000,0x0000,0x0000,0x0000,0x0000,0x0000,0x0000,0x0000,0x0000,0x0000,0x0000,0x0000,0x0000,0x0000,0x0000,0x0000,
    0x10a3,0x0862,0x0000,0x20a1,0x1881,0x20a1,0x20a1,0x20a1,0x1861,0x1061,0x0021,0x0021,0x0000,0x18c3,0x0000,0x1083,
    0x10a3,0x0862,0x1083,0x0000,0x0862,0x0021,0x0000,0x1861,0x2081,0x20a1,0x1881,0x2081,0x20a1,0x1861,0x0000,0x1083,
    0x0000,0x0000,0x0000,0x0000,0x0000,0x0000,0x0000,0x0000,0x0000,0x0000,0x0000,0x0000,0x0000,0x0000,0x0000,0x0000,
    0x0000,0x0000,0x0000,0x0000,0x0000,0x0000,0x0000,0x0000,0x0000,0x0000,0x1083,0x0000,0x0000,0x0000,0x0020,0x0000,
    0x0020,0x0000,0x0000,0x0862,0x0841,0x0821,0x1083,0x1083,0x10a4,0x10a3,0x0862,0x1083,0x10a3,0x10a3,0x0862,0x0000,
    0x0000,0x0000,0x0020,0x0000,0x0000,0x0000,0x0000,0x1083,0x1083,0x0000,0x0000,0x0000,0x0000,0x0000,0x0000,0x0000,
    0x0000,0x0000,0x0000,0x0000,0x0000,0x0000,0x0000,0x0000,0x0000,0x0000,0x0000,0x0000,0x0000,0x0000,0x0000,0x0000,
    0x0000,0x0000,0x1083,0x0000,0x0862,0x1083,0x0000,0x18a4,0x1083,0x1083,0x1083,0x10a4,0x1062,0x1083,0x18c4,0x10a3,
    0x10a3,0x18c4,0x10a3,0x1062,0x10a3,0x10a3,0x18a3,0x10a3,0x0862,0x10a3,0x10a3,0x1083,0x0842,0x0000,0x0000,0x0000,
    0x18a4,0x0000,0x0000,0x0000,0x0000,0x0000,0x0000,0x0000,0x0000,0x0000,0x0000,0x0000,0x0000,0x0000,0x0000,0x0000,
    0x0000,0x0000,0x0000,0x0000,0x0000,0x0000,0x0000,0x0000,0x0000,0x0000,0x0000,0x0000,0x0000,0x0000,0x0000,0x0000,
    0x0000,0x0000,0x1083,0x0000,0x10a3,0x0000,0x0000,0x10a3,0x10a3,0x1083,0x0000,0x10a3,0x0841,0x0000,0x1083,0x0000,
    0x10a3,0x1082,0x18a4,0x0000,0x10a3,0x0000,0x0000,0x0000,0x0000,0x0000,0x0000,0x0000,0x0000,0x0000,0x0000,0x0000,
    0x0000,0x0000,0x0000,0x0000,0x0000,0x0000,0x0000,0x0000,
};
/* wind-shell.png; source sha256 3402c861a12e758d325ff751ecc7082f9892a601f07b6a70585174b226531240; crop (331, 416, 911, 1112) */
static const uint16_t muse_wardrobe_pixels_4[] = {
    0x0000,0x0000,0x0000,0x0000,0x0000,0x0000,0x0000,0x0000,0x0000,0x0000,0x0000,0x0000,0x0000,0x0000,0x0000,0x0000,
    0x0000,0x0000,0x0000,0x0000,0x0000,0x0000,0x0000,0x0000,0x0000,0x3964,0x3964,0x3944,0x3144,0x3944,0x4185,0x3964,
    0x3944,0x3944,0x3123,0x0000,0x0000,0x0000,0x0000,0x0000,0x0000,0x0000,0x0000,0x0000,0x0000,0x0000,0x0000,0x0000,
    0x0000,0x0000,0x0000,0x0000,0x0000,0x0000,0x0000,0x0000,0x0000,0x0000,0x0000,0x0000,0x0000,0x0000,0x0000,0x0000,
    0x0000,0x0000,0x0000,0x0000,0x0000,0x0000,0x0000,0x0000,0x0000,0x0000,0x0000,0x0000,0x0000,0x0000,0x0000,0x0000,
    0x0000,0x4164,0x49c6,0x49a5,0x18a1,0xf75a,0xf718,0xd655,0xce16,0xde76,0xff39,0xe6b8,0xb531,0xeeb7,0xe696,0x1881,
    0x4164,0x3944,0x4164,0x0000,0x0000,0x0000,0x0000,0x0000,0x0000,0x0000,0x0000,0x0000,0x0000,0x0000,0x0000,0x0000,
    0x0000,0x0000,0x0000,0x0000,0x0000,0x0000,0x0000,0x0000,0x0000,0x0000,0x0000,0x0000,0x0000,0x0000,0x0000,0x0000,
    0x0000,0x0000,0x0000,0x0000,0x0000,0x0000,0x0000,0x0000,0x0000,0x0000,0x0000,0x0000,0x3123,0xff7a,0xd677,0xf739,
    0xf75a,0xeef8,0xef19,0xd656,0xd615,0xe6b7,0xe6b7,0xe696,0xbd73,0xf739,0xde76,0xe6d8,0xd614,0xb552,0xcdf3,0x28c2,
    0x3964,0x0000,0x0000,0x0000,0x0000,0x0000,0x0000,0x0000,0x0000,0x0000,0x0000,0x0000,0x0000,0x0000,0x0000,0x0000,
    0x0000,0x0000,0x0000,0x0000,0x0000,0x0000,0x0000,0x0000,0x0000,0x0000,0x0000,0x0000,0x0000,0x0000,0x0000,0x0000,
    0x0000,0x0000,0x0000,0x0000,0x0000,0x0000,0x0000,0x0000,0x28c2,0xe6d8,0xcdd5,0xdeb8,0xde77,0xd635,0xde56,0xd656,
    0xc5d4,0xc5b4,0xd636,0xce15,0xbd93,0xcdf5,0xc5d3,0xde97,0xb551,0xacd0,0xbd92,0x2081,0x3103,0x0000,0x0000,0x0000,
    0x0000,0x0000,0x0000,0x0000,0x0000,0x0000,0x0000,0x0000,0x0000,0x0000,0x0000,0x0000,0x0000,0x0000,0x0000,0x0000,
    0x0000,0x0000,0x0000,0x0000,0x0000,0x0000,0x0000,0x0000,0x0000,0x0000,0x0000,0x0000,0x0000,0x0000,0x0000,0x0000,
    0x0000,0x0000,0x3123,0x3103,0xff7b,0xff9b,0xd636,0xe6f8,0xff7b,0xff5a,0xff9b,0xd635,0xde56,0xe697,0xeef8,0xff5a,
    0xbd73,0xe696,0xeef8,0xeef8,0xe696,0xc5b3,0xd634,0xe6b7,0xcdd3,0x28e3,0x0020,0x0000,0x0000,0x0000,0x0000,0x0000,
    0x0000,0x0000,0x0000,0x0000,0x0000,0x0000,0x0000,0x0000,0x0000,0x0000,0x0000,0x0000,0x0000,0x0000,0x0000,0x0000,
    0x0000,0x0000,0x0000,0x0000,0x0000,0x0000,0x0000,0x0000,0x0000,0x0000,0x0000,0x0000,0x2903,0x1040,0xff7b,0xf719,
    0xff39,0xff9b,0xd636,0xe697,0xff5a,0xff9c,0xf6f8,0xce15,0xcdf4,0xe697,0xf719,0xe6b7,0xbd93,0xeef9,0xeef8,0xeed7,
    0xde76,0xcdd4,0xeef8,0xde34,0xd614,0xcdd3,0x3103,0x1881,0x0000,0x0000,0x0000,0x0000,0x0000,0x0000,0x0000,0x0000,
    0x0000,0x0000,0x0000,0x0000,0x0000,0x0000,0x0000,0x0000,0x0000,0x0000,0x0000,0x0000,0x0000,0x0000,0x0000,0x0000,
    0x0000,0x0000,0x0000,0x0000,0x0000,0x0000,0x0000,0x3123,0xd657,0xce15,0xf719,0xff39,0xff5b,0xff7a,0xce14,0xe6d8,
    0xff7b,0xeed7,0xef19,0xbd72,0xde77,0xeeb7,0xeed7,0xeed7,0xbd73,0xeef8,0xeef8,0xe6b7,0xde96,0xd635,0xd634,0xde55,
    0xde75,0xc5b3,0xb510,0x6ac9,0x20c2,0x0000,0x0000,0x0000,0x0000,0x0000,0x0000,0x0000,0x0000,0x0000,0x0000,0x0000,
    0x0000,0x0000,0x0000,0x0000,0x0000,0x0000,0x0000,0x0000,0x0000,0x0000,0x0000,0x0000,0x0000,0x0000,0x0000,0x0000,
    0x0000,0x0000,0x4164,0xd636,0xb573,0xc5d4,0xcdf5,0xd635,0xc5d4,0xd636,0xc5f5,0xc5d5,0xc5d4,0xb551,0xb531,0xb532,
    0xbd73,0xad11,0xacf0,0xad11,0xbd73,0xbd52,0xbd51,0xbd52,0xbd72,0xb531,0xacf0,0xa4cf,0xa4af,0xa4af,0x9c6e,0x8bcb,
    0x9c4d,0x2903,0x0000,0x0000,0x0000,0x0000,0x0000,0x0000,0x0000,0x0000,0x0000,0x0000,0x0000,0x0000,0x0000,0x0000,
    0x0000,0x0000,0x0000,0x0000,0x0000,0x0000,0x0000,0x0000,0x0000,0x0000,0x0000,0x0000,0x0000,0x0000,0x28c2,0xe6d9,
    0xcdf4,0xcdf5,0xf75a,0xff9c,0xf75a,0xff7a,0xce15,0xde77,0xff79,0xe6b7,0xef19,0xbd72,0xeed7,0xeed7,0xeef8,0xeed8,
    0xb531,0xe6b7,0xeef8,0xe6b7,0xd655,0xde56,0xeef8,0xd614,0xde34,0xde75,0xaccf,0xa48f,0xaccf,0x28e2,0x0000,0x0000,
    0x0000,0x0000,0x0000,0x0000,0x0000,0x0000,0x0000,0x0000,0x0000,0x0000,0x0000,0x0000,0x0000,0x0000,0x0000,0x0000,
    0x0000,0x0000,0x0000,0x0000,0x0000,0x0000,0x0000,0x0000,0x0000,0x1061,0xa4b0,0xff9b,0xe6b8,0xc5b4,0xff7b,0xff39,
    0xeef8,0xff9c,0xcdf5,0xde76,0xff7b,0xeed8,0xeed7,0xc5b3,0xf719,0xeef9,0xe696,0xeef8,0xb532,0xeed8,0xeef8,0xe6d7,
    0xde56,0xce14,0xde55,0xd5f3,0xd635,0xde55,0xa48e,0xb511,0xa4af,0xbd71,0x3103,0x0000,0x0000,0x0000,0x0000,0x0000,
    0x0000,0x0000,0x0000,0x0000,0x0000,0x0000,0x0000,0x0000,0x0000,0x0000,0x0000,0x0000,0x0000,0x0000,0x0000,0x0000,
    0x0000,0x0000,0x0000,0x0000,0x0000,0x49a5,0xff5a,0xff7a,0xe6d8,0xc5d4,0xff5a,0xeeb7,0xff9b,0xb511,0xbd93,0xffbd,
    0x942c,0x7b4a,0x838a,0x62a7,0x7b4a,0x7b4a,0x838b,0x8bab,0x6ac8,0x838a,0x8bab,0x838a,0x9c4d,0xa4ae,0xeef8,0xbd71,
    0xeed7,0xde55,0x9c8f,0xde76,0xa4af,0xb530,0x3123,0x0000,0x0000,0x0000,0x0000,0x0000,0x0000,0x0000,0x0000,0x0000,
    0x0000,0x0000,0x0000,0x0000,0x0000,0x0000,0x0000,0x0000,0x0000,0x0000,0x0000,0x0000,0x0000,0x0000,0x0000,0x0000,
    0x3103,0xe6b7,0xe6d8,0xe6b8,0xd635,0xacf0,0xb531,0x940c,0xd5d1,0xd590,0xc571,0xd5b2,0xddb2,0xcd50,0xddd2,0xac4d,
    0xd592,0xd592,0xd570,0xcd50,0xb48e,0xcd50,0xd570,0xd591,0xcd70,0xcd50,0xddf2,0xcd30,0x8bab,0xa48e,0x9c4d,0xc5b3,
    0xbd72,0x9c6e,0xacce,0x28e3,0x0000,0x0000,0x0000,0x0000,0x0000,0x0000,0x0000,0x0000,0x0000,0x0000,0x0000,0x0000,
    0x0000,0x0000,0x0000,0x0000,0x0000,0x0000,0x0000,0x0000,0x0000,0x0000,0x0000,0x0000,0x3964,0xffbb,0xef19,0xf739,
    0xe6b8,0xbd31,0xb4ef,0x6ae8,0xf674,0xee12,0xc550,0xe634,0xee53,0xee33,0xee53,0xbd10,0xe5f2,0xee33,0xee74,0xe633,
    0xc550,0xee33,0xe5f2,0xee33,0xde13,0xddf2,0xee33,0xf633,0x838b,0xa4ae,0x942d,0xd614,0xd655,0xaccf,0xb530,0x3944,
    0x0000,0x0000,0x0000,0x0000,0x0000,0x0000,0x0000,0x0000,0x0000,0x0000,0x0000,0x0000,0x0000,0x0000,0x0000,0x0000,
    0x0000,0x0000,0x0000,0x0000,0x0000,0x0000,0x0000,0x0000,0x3103,0xff7b,0xff38,0xff9b,0xacce,0x836a,0x7309,0xfed5,
    0xfeb4,0xfed5,0xd5d2,0xf695,0xfed6,0xff16,0xfeb5,0xb4ce,0xfeb5,0xfef6,0xfed5,0xee74,0xcdb2,0xfef6,0xfed6,0xfef6,
    0xe5f2,0xe612,0xff17,0xfeb6,0xfe94,0xa48e,0x7b6a,0xcdf3,0xde75,0xb531,0xd614,0x3144,0x0000,0x0000,0x0000,0x0000,
    0x0000,0x0000,0x0000,0x0000,0x0000,0x0000,0x0000,0x0000,0x0000,0x0000,0x0000,0x0000,0x0000,0x0000,0x0000,0x0000,
    0x0000,0x0000,0x0000,0x51c6,0xef1a,0xb553,0xeef8,0xb510,0x7309,0xbd0f,0xfed5,0xfed5,0xfed6,0xff38,0xd5b1,0xf695,
    0xfed6,0xfef7,0xfef6,0xbd0f,0xfef7,0xfed6,0xfed6,0xff17,0xcd91,0xfeb5,0xff39,0xfed6,0xe613,0xf6b6,0xff17,0xff18,
    0xfeb5,0xf696,0xff18,0x8349,0xd614,0xaccf,0xb510,0x3103,0x0000,0x0000,0x0000,0x0000,0x0000,0x0000,0x0000,0x0000,
    0x0000,0x0000,0x0000,0x0000,0x0000,0x0000,0x0000,0x0000,0x0000,0x0000,0x0000,0x0000,0x0000,0x0000,0x0000,0x5206,
    0xde77,0xc5d4,0xeed7,0xffbd,0x8baa,0xee96,0xfef7,0xfef6,0xff18,0xff17,0xd5d2,0xff39,0xff39,0xfef6,0xff39,0xc572,
    0xff59,0xff7a,0xfed6,0xff9b,0xcdd3,0xff5a,0xff5a,0xff18,0xf6d7,0xf6f7,0xfed6,0xff18,0xfef7,0xf6b5,0xff38,0x7b29,
    0xbd51,0x940c,0xcdd2,0xb4ef,0x3123,0x0000,0x0000,0x0000,0x0000,0x0000,0x0000,0x0000,0x0000,0x0000,0x0000,0x0000,
    0x0000,0x0000,0x0000,0x0000,0x0000,0x0000,0x0000,0x0000,0x0000,0x0000,0x0000,0x41a5,0xe698,0xd615,0xff9b,0xb510,
    0xe613,0xee96,0xff38,0xff38,0xff37,0xfed6,0xddf3,0xff59,0xff37,0xff17,0xff9b,0xc5d4,0xffbb,0xfef7,0xff7a,0xff7a,
    0xce15,0xff59,0xff17,0xff7a,0xf6d7,0xf6d7,0xfed7,0xfef7,0xff39,0xf695,0xff59,0xfed7,0xc592,0x942d,0xbd51,0xbd71,
    0x3944,0x0000,0x0000,0x0000,0x0000,0x0000,0x0000,0x0000,0x0000,0x0000,0x0000,0x0000,0x0000,0x0000,0x0000,0x0000,
    0x0000,0x0000,0x0000,0x0000,0x0000,0x0000,0x49c5,0xff59,0xd635,0xb531,0xcdf4,0x940d,0xe676,0xd5f3,0xe634,0xe696,
    0xde13,0xd613,0xde35,0xe655,0xee96,0xe696,0xe697,0xbd72,0xd635,0xd635,0xd635,0xd656,0xc5b3,0xd615,0xde56,0xeeb7,
    0xde34,0xee96,0xde14,0xe676,0xde14,0xd5d3,0xcdf3,0xd5d4,0xb510,0x9c4e,0x8bed,0x942d,0x3103,0x0000,0x0000,0x0000,
    0x0000,0x0000,0x0000,0x0000,0x0000,0x0000,0x0000,0x0000,0x0000,0x0000,0x0000,0x0000,0x0000,0x0000,0x0000,0x0000,
    0x0000,0x0000,0x51e6,0xffbd,0xbd53,0xde97,0xeef8,0xff7b,0xff18,0xe675,0xff18,0xff39,0xff18,0xff17,0x0000,0x0000,
    0x0000,0xff18,0xff38,0xbd72,0xff18,0xff7b,0xff18,0xff7a,0xc593,0xff39,0xff7a,0x0000,0x0000,0x0841,0xff38,0xff18,
    0xff17,0xff38,0xf6b6,0xfef6,0xa46d,0x83ab,0xd614,0xb510,0x28e2,0x0000,0x0000,0x0000,0x0000,0x0000,0x0000,0x0000,
    0x0000,0x0000,0x0000,0x0000,0x0000,0x0000,0x0000,0x0000,0x0000,0x0000,0x0000,0x0000,0x0000,0x0000,0x51e6,0xffbd,
    0xbd73,0xf718,0xff9c,0xacef,0xfef7,0xe675,0xff59,0xfef7,0xfef7,0x0000,0xc5f8,0xffff,0x0000,0x0000,0xf719,0xc592,
    0xff9b,0xff38,0xff5a,0xff38,0xc5b3,0xff5a,0x0000,0xffdf,0x0000,0x0000,0x0000,0xff38,0xfed6,0xff59,0xf6f8,0xff18,
    0xcdb2,0x9c4d,0xacef,0xacef,0x3123,0x0000,0x0000,0x0000,0x0000,0x0000,0x0000,0x0000,0x0000,0x0000,0x0000,0x0000,
    0x0000,0x0000,0x0000,0x0000,0x0000,0x0000,0x0000,0x0000,0x0000,0x0000,0x5a06,0xff7b,0xb511,0xeed8,0xf719,0xffbc,
    0xff17,0xeeb6,0xff18,0xff17,0xff59,0x0000,0x0000,0x0000,0x0000,0x0000,0xff19,0xbd93,0xff59,0xff7a,0xff17,0xff9b,
    0xc5d4,0xff18,0x0000,0x0000,0x0000,0x0000,0x0000,0xff17,0xfed6,0xff38,0xeed6,0xfef7,0xa46d,0x838b,0xd613,0xd614,
    0x28e2,0x0000,0x0000,0x0000,0x0000,0x0000,0x0000,0x0000,0x0000,0x0000,0x0000,0x0000,0x0000,0x0000,0x0000,0x0000,
    0x0000,0x0000,0x0000,0x0000,0x0000,0x0000,0x3964,0x9cb1,0xb552,0xbd52,0xb552,0xbd51,0xc591,0xcdd3,0xc591,0xd614,
    0xcdd2,0x0861,0x0000,0x0000,0x0000,0x0000,0xcdf4,0xbd72,0xce15,0xcdd4,0xcdd3,0xcdf4,0xc5b3,0xcdd4,0x0820,0x0000,
    0x0000,0x0000,0x1041,0xcdd4,0xcdd3,0xc5b2,0xcdd3,0xcdb2,0x732a,0x732a,0x9c4d,0x9c6e,0x3944,0x0000,0x0000,0x0000,
    0x0000,0x0000,0x0000,0x0000,0x0000,0x0000,0x0000,0x0000,0x0000,0x0000,0x0000,0x0000,0x0000,0x0000,0x0000,0x0000,
    0x0000,0x0000,0x2903,0x20a1,0xf73a,0xf739,0xf75a,0xacae,0xff18,0xe675,0xff59,0xff18,0xff38,0xff38,0x0000,0x0000,
    0x0000,0xff9a,0xff18,0xc5b3,0xff9b,0xff59,0xff59,0xff79,0xce15,0xff38,0xff7a,0x0000,0x0000,0x1082,0xff17,0xff38,
    0xff38,0xff17,0xf718,0xff17,0xc591,0xa4ae,0xb4ef,0xcdf3,0xb510,0x3103,0x1061,0x0000,0x0000,0x0000,0x0000,0x0000,
    0x0000,0x0000,0x0000,0x0000,0x0000,0x0000,0x0000,0x0000,0x0000,0x0000,0x0000,0x0000,0x0000,0x4185,0xff9c,0xb552,
    0xeed7,0xeeb8,0xeef8,0xf718,0xff18,0xe675,0xff17,0xfd54,0xfef6,0xff18,0xd614,0xff17,0xff39,0xff38,0xff5a,0xbd71,
    0xff38,0xff5a,0xff39,0xff7a,0xc5b3,0xff38,0xff39,0xff59,0xe695,0xff59,0xff17,0xfcf3,0xff18,0xff38,0xf6d7,0xfef7,
    0xaccf,0x7b4a,0xb4ef,0xb510,0xbd71,0x28e3,0x18a1,0x0000,0x0000,0x0000,0x0000,0x0000,0x0000,0x0000,0x0000,0x0000,
    0x0000,0x0000,0x0000,0x0000,0x0000,0x0000,0x0000,0x0000,0x0000,0x51e6,0xff7a,0xacf1,0xe6b7,0xe696,0xff7b,0xbd71,
    0xff18,0xd4f1,0xfcf3,0xff59,0xfd33,0xff79,0xc592,0xff38,0xff38,0xff39,0xff17,0x7b4b,0x1861,0xff17,0xff18,0x28c2,
    0x5227,0xff18,0xff38,0xff18,0xeeb6,0xff39,0xfc92,0xff38,0xf4b2,0xd511,0xf6d6,0xff39,0xc571,0x93ec,0xb530,0xcdd3,
    0xacce,0x3103,0x18a1,0x0000,0x0000,0x0000,0x0000,0x0000,0x0000,0x0000,0x0000,0x0000,0x0000,0x0000,0x0000,0x0000,
    0x0000,0x0000,0x0000,0x0000,0x0000,0x49c5,0xffbc,0xa4cf,0xe696,0xeed7,0xe6b7,0xff39,0x7308,0xf6f7,0xfef6,0xfd54,
    0xff17,0xff37,0xcdd3,0xff38,0xff38,0xff18,0xff39,0xc571,0xfef7,0x1861,0x2081,0xf739,0xc551,0xff38,0xff17,0xff17,
    0xeed7,0xeed6,0xff59,0xfcf3,0xff17,0xe676,0xff18,0x8bab,0xbd30,0x8c0c,0xbd30,0xb50f,0xc551,0x3923,0x1881,0x0000,
    0x0000,0x0000,0x0000,0x0000,0x0000,0x0000,0x0000,0x0000,0x0000,0x0000,0x0000,0x0000,0x0000,0x0000,0x0000,0x0000,
    0x0000,0x0000,0x4184,0x5a47,0xbd73,0xbd72,0xb531,0x9c4d,0x4a26,0xc5b3,0xc592,0xc4f0,0xcdb2,0xcdb2,0xc5b3,0xd5f4,
    0xc592,0xc571,0xcdd3,0xc5b3,0xcdd3,0x9c2d,0xa48e,0xd5b2,0xcdb3,0xcdb2,0xc5b2,0xcdb2,0xc5b2,0xcdd4,0xc571,0xc531,
    0xcdb2,0xc551,0xc593,0x5226,0x942d,0x83ac,0x836a,0x83ab,0x5a46,0x0820,0x0000,0x0000,0x0000,0x0000,0x0000,0x0000,
    0x0000,0x0000,0x0000,0x0000,0x0000,0x0000,0x0000,0x0000,0x0000,0x0000,0x0000,0x0000,0x0000,0x0000,0x4185,0x5206,
    0xf739,0xf719,0xf6f8,0xa48e,0x7349,0xe675,0xff9a,0xff37,0xff59,0xff37,0xd614,0xff18,0xff38,0xff17,0xff59,0xc571,
    0xff37,0xff79,0xff37,0xff59,0xc5b2,0xff17,0xff59,0xff79,0xee75,0xe675,0xff79,0xff79,0xff17,0xe696,0xff79,0x6ac7,
    0xd633,0x942d,0xbd30,0xbd71,0x6267,0x0000,0x0000,0x0000,0x0000,0x0000,0x0000,0x0000,0x0000,0x0000,0x0000,0x0000,
    0x0000,0x0000,0x0000,0x0000,0x0000,0x0000,0x0000,0x0000,0x0000,0x0000,0x28c2,0x0000,0xde35,0xeed7,0xe6b7,0xeeb7,
    0xa4ae,0x62a7,0x9c2c,0xff38,0xfef6,0xff18,0xc571,0xf6f7,0xff18,0xff17,0xfeb4,0xb4ef,0xff59,0xfef6,0xff17,0xf6b5,
    0xb50f,0xff38,0xff17,0xff18,0xe633,0xcd91,0xff17,0xff17,0xff18,0xa44d,0x8bab,0xa48e,0xc592,0x9c6e,0xcdf3,0xb510,
    0x20c3,0x0000,0x0000,0x0000,0x0000,0x0000,0x0000,0x0000,0x0000,0x0000,0x0000,0x0000,0x0000,0x0000,0x0000,0x0000,
    0x0000,0x0000,0x0000,0x0000,0x0000,0x0000,0x1131,0x3b3d,0x1973,0x734b,0xf719,0xeeb7,0xe6d7,0xbd71,0xb4ef,0x8bab,
    0x838b,0xfef6,0xbd30,0xf675,0xff18,0xfeb5,0xfed5,0xbd0f,0xfef7,0xfed5,0xf694,0xfef6,0xcd71,0xfef6,0xfef6,0xf673,
    0xee74,0xe634,0xfe94,0x838a,0x93eb,0x9c2d,0xa48e,0x9c4d,0xc591,0x9c2c,0xa46e,0x08cc,0x090f,0x0000,0x0000,0x0000,
    0x0000,0x0000,0x0000,0x0000,0x0000,0x0000,0x0000,0x0000,0x0000,0x0000,0x0000,0x0000,0x0000,0x0000,0x0000,0x0000,
    0x0000,0x08ed,0x1973,0x433c,0x42fc,0x431c,0x1993,0x1993,0xad33,0xa4ae,0xeef8,0xeed7,0xef19,0xeeb7,0xcdd4,0xff9c,
    0xb4ef,0xf718,0xc571,0xbd30,0xf6d5,0xc550,0xff17,0xb4ad,0xcd71,0xf6b5,0xbd51,0xff18,0xd5f3,0xc5b3,0xd634,0xd634,
    0xde55,0xd634,0xbd71,0x940c,0x5acc,0x110e,0x1130,0x1152,0x1151,0x088a,0x0001,0x0000,0x0000,0x0000,0x0000,0x0000,
    0x0000,0x0000,0x0000,0x0000,0x0000,0x0000,0x0000,0x0000,0x0000,0x0000,0x0000,0x0000,0x08ed,0x433d,0x1174,0x08ef,
    0x3adc,0x431c,0x42fb,0x431d,0x19b5,0x19b4,0x1195,0x1172,0xe696,0xeed7,0xb552,0xeeb6,0xeeb6,0xe696,0xeed8,0x08ee,
    0x08ed,0x0930,0x112f,0x090e,0x1150,0x112e,0xe696,0xe696,0xc592,0xb530,0xde55,0xd5f3,0x1150,0x1151,0x1172,0x1992,
    0x19b4,0x1153,0x1152,0x1152,0x08cd,0x1151,0x08ee,0x08aa,0x0000,0x0000,0x0000,0x0000,0x0000,0x0000,0x0000,0x0000,
    0x0000,0x0000,0x0000,0x0000,0x0000,0x0000,0x0000,0x08ef,0x537d,0x431c,0x3abb,0x0930,0x1194,0x431c,0x3abb,0x2218,
    0x2a79,0x3279,0x431e,0x3abc,0x1196,0x1195,0x1152,0x1994,0x1174,0x1995,0x1195,0x00ca,0x53be,0x42fc,0x4b5e,0x3add,
    0x2a59,0x19b6,0x1175,0x1195,0x1173,0x1173,0x1174,0x1994,0x2a39,0x2219,0x21d6,0x1193,0x1151,0x1172,0x1172,0x090d,
    0x1152,0x1152,0x1173,0x1152,0x08ce,0x0000,0x0000,0x0000,0x0000,0x0000,0x0000,0x0000,0x0000,0x0000,0x0000,0x0000,
    0x0000,0x0000,0x0886,0x1973,0x42fb,0x3a99,0x2a59,0x1130,0x1993,0x19b4,0x2a18,0x2218,0x21f6,0x21f7,0x21f7,0x2a18,
    0x21f7,0x21f8,0x19b3,0x21f6,0x2a17,0x2a17,0x1995,0x0888,0x42fa,0x2218,0x21f3,0x2218,0x1972,0x1994,0x2a18,0x21f6,
    0x19b5,0x21d4,0x21b6,0x21b6,0x21d6,0x19b5,0x19b4,0x1992,0x1172,0x1152,0x1130,0x08cc,0x1131,0x1153,0x1152,0x1995,
    0x090f,0x0046,0x0000,0x0000,0x0000,0x0000,0x0000,0x0000,0x0000,0x0000,0x0000,0x0000,0x0000,0x0000,0x08ef,0x42fc,
    0x3abb,0x2a59,0x327a,0x19b5,0x2a5a,0x21d6,0x19b6,0x2a3a,0x2a17,0x21f7,0x21f8,0x21f8,0x21f7,0x21f8,0x21f7,0x21f7,
    0x21f7,0x21f8,0x21f8,0x08aa,0x433d,0x5aa9,0x4a28,0x21f8,0x19d6,0x2a38,0x21f7,0x21f7,0x21f7,0x21d6,0x21f7,0x21f7,
    0x21f7,0x21d5,0x1993,0x1172,0x1171,0x1172,0x110d,0x08a9,0x1994,0x21d7,0x1972,0x21f8,0x1172,0x08ee,0x0000,0x0000,
    0x0000,0x0000,0x0000,0x0000,0x0000,0x0000,0x0000,0x0000,0x0800,0x110e,0x431c,0x4b3d,0x3adc,0x42fc,0x21f7,0x1173,
    0x1151,0x42fc,0x3abc,0x19b5,0x21f7,0x21f6,0x2219,0x21f9,0x21f8,0x21f8,0x21f7,0x21f7,0x21f8,0x21f8,0x1194,0x08a9,
    0x5bdf,0x2218,0x21f7,0x2219,0x1994,0x2a39,0x21f8,0x21f8,0x21f7,0x21d6,0x21f8,0x21f8,0x21f8,0x21f8,0x1993,0x1172,
    0x1130,0x1973,0x1172,0x08cc,0x19b5,0x21d7,0x21d6,0x2219,0x2a18,0x21f6,0x08ed,0x0021,0x0000,0x0000,0x0000,0x0000,
    0x0000,0x0000,0x0000,0x0068,0x08ee,0x537d,0x4b3d,0x42fc,0x2219,0x21f8,0x21f7,0x1150,0x08cb,0x4b5d,0x42fc,0x2a18,
    0x2a18,0x21f7,0x2a39,0x1994,0x21f8,0x21f9,0x21f7,0x21f7,0x21f8,0x21f8,0x1152,0x0889,0x435c,0x21f8,0x21f7,0x21f8,
    0x1995,0x3aba,0x21d7,0x21d7,0x21d7,0x21b5,0x21f9,0x21f7,0x1173,0x1152,0x1993,0x21f6,0x19b4,0x1973,0x1173,0x110f,
    0x1152,0x21f7,0x2a19,0x21f8,0x2a19,0x327a,0x19b5,0x08ee,0x0000,0x0000,0x0000,0x0000,0x0000,0x0000,0x1153,0x2a37,
    0x42fc,0x4b1c,0x329b,0x3a9b,0x325a,0x21f8,0x1995,0x090e,0x08ec,0x431c,0x3abb,0x2a39,0x2218,0x2a18,0x21f8,0x21f9,
    0x21d7,0x1173,0x1152,0x1174,0x1994,0x1173,0x1173,0x08aa,0x539d,0x21d7,0x21f7,0x2219,0x1175,0x2a38,0x1173,0x1153,
    0x1152,0x1130,0x1153,0x1153,0x2218,0x2a19,0x1172,0x21f5,0x1973,0x1974,0x1173,0x1172,0x08aa,0x21f7,0x21f7,0x21f7,
    0x21f8,0x1172,0x21f9,0x329b,0x08ee,0x1111,0x0000,0x0000,0x0000,0x0000,0x08ec,0x2192,0x433c,0x3afc,0x21d8,0x21f9,
    0x21f7,0x21f8,0x0931,0x00ab,0x0930,0x3adb,0x21f7,0x2a5a,0x21f7,0x21f7,0x2218,0x21f8,0x21f8,0x2219,0x1993,0x21d5,
    0x2218,0x2219,0x1173,0x08a9,0x4b3c,0x21f8,0x21f8,0x21f9,0x1173,0x3a9a,0x21f8,0x2219,0x21f6,0x1993,0x2a18,0x2a19,
    0x19d6,0x21f7,0x2217,0x21d5,0x21d7,0x1973,0x1173,0x1172,0x0889,0x21f8,0x21d6,0x21d7,0x21f9,0x1152,0x42fc,0x2a3a,
    0x0889,0x08cb,0x0000,0x0000,0x0000,0x4184,0xbd32,0x9431,0x08cc,0x3adb,0x21f8,0x1173,0x21f8,0x1995,0x08cd,0x090f,
    0x1151,0x4b5d,0x4a69,0x21f4,0x21f6,0x21f7,0x21f8,0x21f8,0x21f8,0x21f7,0x19b4,0x19b4,0x2219,0x21f9,0x1174,0x0888,
    0x4b5d,0x2218,0x21f7,0x21f8,0x1995,0x19d6,0x21f8,0x21f8,0x21d7,0x1152,0x21f9,0x21f8,0x21f8,0x21f7,0x21f8,0x21d5,
    0x21d5,0x2966,0x2945,0x1173,0x08aa,0x1172,0x19b6,0x21f9,0x1151,0x327a,0x2217,0x08cc,0xbd0f,0xc571,0x3103,0x0000,
    0x51e6,0xff38,0xd5f4,0xde15,0xac4c,0x1130,0x42fc,0x19d7,0x1173,0x1152,0x00aa,0x21b5,0x329a,0x42fc,0x3185,0x2124,
    0x2124,0x2966,0x2218,0x2218,0x21f8,0x21f8,0x21f7,0x21f7,0x21f8,0x2219,0x1152,0x08aa,0x4b5d,0x2217,0x2a17,0x2218,
    0x1994,0x42fc,0x1172,0x21f9,0x21d7,0x21f7,0x21f8,0x21f8,0x21f7,0x21f8,0x21f7,0x3186,0x18e3,0x2924,0x2924,0x1172,
    0x08aa,0x1972,0x1993,0x21f8,0x1173,0x327a,0x112f,0x838c,0xf694,0xe613,0xf6b6,0x4164,0x49c5,0xe6b7,0xc5b3,0xc572,
    0xd591,0x08ab,0x19d6,0x19b6,0x090f,0x1172,0x0068,0x21b3,0x4b3b,0x2a18,0x2103,0x2a39,0x19d6,0x114a,0x21d5,0x21d6,
    0x21d7,0x21d7,0x21f7,0x21f6,0x21d6,0x19b4,0x1153,0x0888,0x3af9,0x4a49,0x4207,0x2239,0x1150,0x2a17,0x1173,0x19b6,
    0x21d7,0x21f6,0x21f7,0x21d6,0x21f7,0x21d7,0x1993,0x3adb,0x21f7,0x0885,0x1903,0x1172,0x0889,0x090f,0x0930,0x094f,
    0x21f8,0x21f7,0x08ab,0xc530,0xcd91,0xd5f4,0xe655,0x3103,0x49c5,0xff5a,0xd5d2,0xde34,0xfef7,0x0069,0x21f8,0x21d7,
    0x1153,0x1151,0x0089,0x2a37,0x431e,0x42dc,0x31a5,0x42fc,0x21f6,0x2219,0x1994,0x21f8,0x21f8,0x2a39,0x21f7,0x21f7,
    0x21f8,0x21f8,0x1152,0x08aa,0x4b7e,0x21f8,0x21f8,0x2a39,0x1994,0x42fc,0x1993,0x21f7,0x21f7,0x21f7,0x21f8,0x21f8,
    0x21f8,0x21f7,0x19b4,0x21f8,0x21f7,0x08a6,0x2965,0x1172,0x0889,0x1130,0x1151,0x1172,0x21d7,0x21f7,0x08aa,0xe633,
    0xf6d6,0xe634,0xf6d5,0x4164,0x4185,0xf6d6,0xc551,0xd5d2,0xee74,0xbcce,0x08cb,0x1994,0x1152,0x08ed,0x0089,0x29d5,
    0x431d,0x2a39,0x3165,0x2218,0x21f7,0x2a19,0x1172,0x3259,0x21f8,0x29f8,0x21f6,0x2217,0x21f8,0x21f7,0x1174,0x08a9,
    0x433d,0x21f8,0x21f7,0x21f7,0x1995,0x431c,0x1993,0x2218,0x21f7,0x21d7,0x21f8,0x21f8,0x21f8,0x21f8,0x1994,0x21d7,
    0x21f7,0x08c8,0x2124,0x1152,0x1131,0x0889,0x110d,0x1172,0x19d6,0x08cb,0xb48e,0xee33,0xee33,0xe634,0xe633,0x3103,
    0x0000,0x4184,0x6a87,0xcd91,0xfe94,0xcd91,0x3984,0x08ac,0x1172,0x0889,0x1993,0x431d,0x537d,0x2a39,0x2124,0x2a5b,
    0x21f7,0x2a19,0x1173,0x2a19,0x2a39,0x21f8,0x21f7,0x21f8,0x21f8,0x2218,0x1174,0x0888,0x5bde,0x21d7,0x21f7,0x2a3a,
    0x1993,0x431c,0x19b5,0x21f8,0x21f8,0x21f7,0x21f8,0x21f8,0x21f8,0x21f8,0x1993,0x21d7,0x2218,0x0885,0x2945,0x1152,
    0x1172,0x0889,0x090e,0x110f,0x090f,0x3123,0xd5b0,0xfeb4,0xd5b1,0xd5b2,0x28e2,0x0000,0x0000,0x0000,0x1881,0x28e3,
    0x49c5,0x3944,0x0000,0x0868,0x0889,0x0045,0x19b5,0x537d,0x3abb,0x21f7,0x2944,0x21b6,0x4a69,0x2219,0x21f8,0x2a59,
    0x21f8,0x21f8,0x21f7,0x21f7,0x2218,0x2219,0x1173,0x08aa,0x537d,0x21f8,0x21f7,0x2218,0x1194,0x42fc,0x19d6,0x21d7,
    0x21f8,0x21f7,0x21f8,0x2218,0x21f8,0x21f8,0x21d6,0x29f3,0x4228,0x08a6,0x2104,0x1172,0x1173,0x0889,0x0065,0x0066,
    0x0068,0x0000,0x3924,0x4184,0x3123,0x3103,0x0020,0x0000,0x0000,0x0000,0x0000,0x0840,0x1040,0x1040,0x0000,0x0000,
    0x0000,0x0065,0x19b6,0x3afd,0x3aba,0x4a68,0x20e3,0x1994,0x2946,0x21d6,0x21d7,0x21f8,0x329a,0x21f7,0x21f7,0x21f7,
    0x21f8,0x2218,0x1174,0x08aa,0x4b3e,0x2a19,0x2238,0x2a39,0x1195,0x4b5c,0x19b4,0x21f8,0x21f7,0x21f7,0x21f8,0x2218,
    0x21f8,0x21f8,0x21d6,0x21f7,0x39a6,0x08a7,0x2104,0x1152,0x1172,0x08aa,0x0022,0x0000,0x0000,0x0000,0x1041,0x1041,
    0x0820,0x0820,0x0000,0x0000,0x0000,0x0000,0x0000,0x0000,0x0000,0x0000,0x0000,0x0000,0x0000,0x0065,0x1173,0x431c,
    0x3279,0x41e6,0x20e3,0x21f7,0x21d5,0x1974,0x21d7,0x21d7,0x21d6,0x21d7,0x21f6,0x21f7,0x21f7,0x21f6,0x1173,0x0088,
    0x3ab9,0x31ec,0x4248,0x21f7,0x1151,0x3aba,0x1172,0x21f7,0x21f7,0x21d6,0x21f7,0x21f7,0x21f7,0x21f7,0x21f7,0x21f7,
    0x21f6,0x08c6,0x2104,0x1171,0x1171,0x0089,0x0000,0x0000,0x0000,0x0000,0x0000,0x0000,0x0000,0x0000,0x0000,0x0000,
    0x0000,0x0000,0x0000,0x0000,0x0000,0x0000,0x0000,0x0000,0x0000,0x0867,0x19b4,0x42fd,0x431d,0x4a28,0x2103,0x21d7,
    0x21f7,0x1194,0x21f8,0x21f7,0x21f8,0x21f8,0x21f7,0x21f8,0x21f8,0x2a3a,0x1994,0x0889,0x4b7d,0x4229,0x4a48,0x2219,
    0x1173,0x42fc,0x21f7,0x21f8,0x21f8,0x21f7,0x21f8,0x2218,0x21f8,0x2218,0x21d7,0x21d7,0x21f7,0x08c8,0x2104,0x1173,
    0x1173,0x088a,0x0000,0x0000,0x0000,0x0000,0x0000,0x0000,0x0000,0x0000,0x0000,0x0000,0x0000,0x0000,0x0000,0x0000,
    0x0000,0x0000,0x0000,0x0000,0x0000,0x1131,0x4b3d,0x3aba,0x2a38,0x31a5,0x2124,0x21f7,0x21f7,0x1172,0x21f8,0x21d7,
    0x21d8,0x21f8,0x21d7,0x21f8,0x21f7,0x221a,0x1994,0x08aa,0x4b5d,0x21f7,0x21f7,0x21f9,0x1994,0x2218,0x1952,0x21f8,
    0x21f7,0x21d7,0x21f8,0x21f8,0x21f8,0x21f8,0x21f8,0x3279,0x21f7,0x08e8,0x2944,0x1152,0x1152,0x1131,0x088a,0x0001,
    0x0000,0x0000,0x0000,0x0000,0x0000,0x0000,0x0000,0x0000,0x0000,0x0000,0x0000,0x0000,0x0000,0x0000,0x0000,0x0000,
    0x0000,0x1152,0x433c,0x3aba,0x2a19,0x3185,0x3185,0x18c2,0x21f8,0x1151,0x21f8,0x21f8,0x21f8,0x21f8,0x21f7,0x21d7,
    0x21f8,0x2a39,0x19b5,0x08aa,0x4b7d,0x21d7,0x21d7,0x21d7,0x1194,0x2218,0x21f8,0x21d7,0x21f8,0x21d7,0x21f8,0x21f8,
    0x21f8,0x21f8,0x21f7,0x2218,0x10c7,0x2125,0x2124,0x1174,0x1152,0x1152,0x088a,0x0000,0x0000,0x0000,0x0000,0x0000,
    0x0000,0x0000,0x0000,0x0000,0x0000,0x0000,0x0000,0x0000,0x0000,0x0000,0x0000,0x0000,0x0000,0x1172,0x4b3d,0x21d5,
    0x21b6,0x21f7,0x192a,0x3185,0x110c,0x21f6,0x21f8,0x21f8,0x21f8,0x21f8,0x21f7,0x21f7,0x21f7,0x2219,0x1173,0x08aa,
    0x433c,0x21d8,0x21d7,0x21f9,0x1194,0x2a39,0x1994,0x21f8,0x21f8,0x21f7,0x21f8,0x21f8,0x2a18,0x21f8,0x21f7,0x21f6,
    0x2945,0x1081,0x1993,0x1151,0x327b,0x1153,0x0068,0x0000,0x0000,0x0000,0x0000,0x0000,0x0000,0x0000,0x0000,0x0000,
    0x0000,0x0000,0x0000,0x0000,0x0000,0x0000,0x0000,0x0000,0x0000,0x1173,0x42fc,0x3a9a,0x2a39,0x2219,0x1994,0x19b5,
    0x1972,0x1993,0x1174,0x21f7,0x21f8,0x21f8,0x21f7,0x21f7,0x21f8,0x1194,0x1173,0x08a9,0x4b7d,0x21d7,0x21f8,0x21f8,
    0x1173,0x3abb,0x1172,0x21d7,0x21d7,0x21d6,0x21f8,0x21f8,0x2218,0x19b5,0x1974,0x1151,0x1193,0x1172,0x21f8,0x21d7,
    0x1173,0x00ab,0x0000,0x0000,0x0000,0x0000,0x0000,0x0000,0x0000,0x0000,0x0000,0x0000,0x0000,0x0000,0x0000,0x0000,
    0x0000,0x0000,0x0000,0x0000,0x0000,0x0000,0x112f,0x1132,0x3adc,0x21f8,0x21f8,0x21f8,0x327a,0x3299,0x3abc,0x21d6,
    0x1994,0x1973,0x1172,0x1994,0x1974,0x2a38,0x1174,0x08aa,0x4b5d,0x2a19,0x21f8,0x2219,0x19b6,0x21f8,0x21f6,0x1973,
    0x1152,0x1173,0x1974,0x1993,0x3279,0x42fc,0x327a,0x21d6,0x21d7,0x21d7,0x2219,0x329c,0x1195,0x329c,0x3278,0x3abb,
    0x1111,0x0000,0x0000,0x0000,0x0000,0x0000,0x0000,0x0000,0x0000,0x0000,0x0000,0x0000,0x0000,0x0000,0x0000,0x0000,
    0x0000,0x0000,0x0888,0x0888,0x1130,0x1974,0x21f8,0x21f7,0x21f7,0x21f6,0x21f8,0x2a39,0x431c,0x42fc,0x327a,0x3279,
    0x3adc,0x2218,0x1173,0x0888,0x2a78,0x5289,0x41e7,0x21f8,0x1173,0x2a39,0x21d6,0x21f6,0x3adc,0x3278,0x329c,0x329a,
    0x21f8,0x21f7,0x21d6,0x21b4,0x19b3,0x1995,0x110f,0x21f7,0x3258,0x21f6,0x21b3,0x1973,0x0066,0x0000,0x0000,0x0000,
    0x0000,0x0000,0x0000,0x0000,0x0000,0x0000,0x0000,0x0000,0x0000,0x0000,0x0000,0x0000,0x0000,0x0000,0x0000,0x0000,
    0x3164,0x5288,0x112f,0x110f,0x1110,0x1151,0x21f8,0x2218,0x21f8,0x21f8,0x21f7,0x21f7,0x21f8,0x21f7,0x1173,0x08cb,
    0x433e,0x2218,0x19f8,0x21f7,0x1993,0x21f8,0x21d7,0x21f8,0x21f7,0x21d6,0x21f8,0x21f8,0x21f8,0x1173,0x1150,0x08ec,
    0x090d,0x110e,0x4a07,0x1130,0x1130,0x1152,0x0887,0x0000,0x0000,0x0000,0x0000,0x0000,0x0000,0x0000,0x0000,0x0000,
    0x0000,0x0000,0x0000,0x0000,0x0000,0x0000,0x0000,0x0000,0x0000,0x0000,0x0000,0x0000,0x4206,0xa4af,0x7bcd,0x39e6,
    0x6b4b,0x630a,0x39c7,0x1130,0x1130,0x1130,0x110f,0x1131,0x1131,0x110f,0x1130,0x0888,0x1152,0x0931,0x112f,0x08ef,
    0x1131,0x112f,0x1132,0x1130,0x0910,0x08ed,0x1152,0x1130,0x112f,0x214a,0x52a8,0x3185,0x3185,0x5aa9,0x5a88,0x20e4,
    0x0000,0x0000,0x0000,0x0000,0x0000,0x0000,0x0000,0x0000,0x0000,0x0000,0x0000,0x0000,0x0000,0x0000,0x0000,0x0000,
    0x0000,0x0000,0x0000,0x0000,0x0000,0x0000,0x0000,0x0000,0x0020,0x83cc,0x9caf,0x5247,0x944e,0x6b4a,0x7b8c,0x5aea,
    0x5289,0x4a48,0x39e7,0x4207,0x4207,0x4227,0x41e6,0x4226,0x2144,0x2103,0x4206,0x2965,0x3a07,0x39e7,0x41e6,0x41e7,
    0x39e7,0x39e6,0x4207,0x4a47,0x4a69,0x6b2b,0x6b4a,0x4a26,0x4a06,0x734a,0x2923,0x0000,0x0000,0x0000,0x0000,0x0000,
    0x0000,0x0000,0x0000,0x0000,0x0000,0x0000,0x0000,0x0000,0x0000,0x0000,0x0000,0x0000,0x0000,0x0000,0x0000,0x0000,
    0x0000,0x0000,0x0000,0x0000,0x0000,0x6b2a,0x8c2e,0x5288,0x6b4b,0x62e9,0x738b,0x6b4a,0x736b,0x62e9,0x5267,0x5288,
    0x5aa8,0x5267,0x5aa8,0x5267,0x3185,0x2103,0x5247,0x4a27,0x4a27,0x5247,0x4a27,0x5247,0x5267,0x4a27,0x5a88,0x5288,
    0x5ac9,0x6b2a,0x5ac9,0x4206,0x4a26,0x62c9,0x2944,0x0000,0x0000,0x0000,0x0000,0x0000,0x0000,0x0000,0x0000,0x0000,
    0x0000,0x0000,0x0000,0x0000,0x0000,0x0000,0x0000,0x0000,0x0000,0x0000,0x0000,0x0000,0x0000,0x0000,0x0000,0x0000,
    0x0000,0x4a27,0x9c8f,0x8c2d,0x6b2a,0x6b0a,0x8c2d,0x8c0d,0x944e,0x8c4e,0x7bac,0x83cc,0x840d,0x83ec,0x840d,0x8c2d,
    0x5aa8,0x39a5,0x83cc,0x6b2a,0x83cc,0x7bac,0x8c0d,0x83ed,0x7bac,0x734b,0x83cc,0x8c2d,0x83ec,0x83cc,0x5ac9,0x3185,
    0x6309,0x7bac,0x2944,0x0000,0x0000,0x0000,0x0000,0x0000,0x0000,0x0000,0x0000,0x0000,0x0000,0x0000,0x0000,0x0000,
    0x0000,0x0000,0x0000,0x0000,0x0000,0x0000,0x0000,0x0000,0x0000,0x0000,0x0000,0x0000,0x0000,0x4a27,0xa4d0,0x948e,
    0x5ac9,0x630a,0x8c2d,0x944e,0x8c4d,0x8c2d,0x7bac,0x83ed,0x83ec,0x7bac,0x736b,0x83cc,0x5ac8,0x3185,0x83cc,0x734a,
    0x83cc,0x840d,0x8c0d,0x8c2d,0x83ec,0x736b,0x946e,0x840d,0x83ec,0x83cc,0x83ed,0x5a88,0x6b4a,0x41c5,0x0000,0x0000,
    0x0000,0x0000,0x0000,0x0000,0x0000,0x0000,0x0000,0x0000,0x0000,0x0000,0x0000,0x0000,0x0000,0x0000,0x0000,0x0000,
    0x0000,0x0000,0x0000,0x0000,0x0000,0x0000,0x0000,0x0000,0x0000,0x0000,0x5247,0x9ccf,0x7bac,0x8c0d,0x7b8b,0x8c4d,
    0x8c2d,0x946e,0x7bab,0x7bcc,0x8c2d,0x738b,0x5ac9,0x41e6,0x3985,0x2103,0x20e3,0x39c5,0x5247,0x5ac8,0x8c0d,0x8c0d,
    0x8c0d,0x7bcc,0x8c2d,0x8c0d,0x8c0d,0x736b,0x4a27,0x734a,0x6b2a,0x3185,0x0000,0x0000,0x0000,0x0000,0x0000,0x0000,
    0x0000,0x0000,0x0000,0x0000,0x0000,0x0000,0x0000,0x0000,0x0000,0x0000,0x0000,0x0000,0x0000,0x0000,0x0000,0x0000,
    0x0000,0x0000,0x0000,0x0000,0x0000,0x0000,0x0000,0x9c8f,0x9c8f,0x5247,0x83cc,0x946e,0x946f,0x944e,0x736b,0x840d,
    0x8c2e,0x83cc,0x62e9,0x6b0a,0x3164,0x2123,0x2103,0x5a88,0x6b0a,0x8c2d,0x944e,0x8c2d,0x946e,0x7bcc,0x8c0d,0x8c2d,
    0x8c2d,0xad31,0x5288,0x62e9,0x3144,0x0000,0x0000,0x0000,0x0000,0x0000,0x0000,0x0000,0x0000,0x0000,0x0000,0x0000,
    0x0000,0x0000,0x0000,0x0000,0x0000,0x0000,0x0000,0x0000,0x0000,0x0000,0x0000,0x0000,0x0000,0x0000,0x0000,0x0000,
    0x0000,0x0000,0x0000,0x39a5,0x39a5,0x2923,0x3985,0x3165,0x3144,0x2903,0x2903,0x2944,0x2903,0x3985,0x18c2,0x3164,
    0x1061,0x0000,0x0000,0x1081,0x2924,0x3165,0x3164,0x2903,0x3124,0x18a2,0x20e3,0x3144,0x2924,0x2924,0x20e3,0x1061,
    0x0000,0x0000,0x0000,0x0000,0x0000,0x0000,0x0000,0x0000,0x0000,0x0000,0x0000,0x0000,0x0000,0x0000,0x0000,0x0000,
    0x0000,0x0000,0x0000,0x0000,0x0000,0x0000,0x0000,0x0000,0x0000,0x0000,0x0000,0x0000,0x0000,0x0000,0x0000,0x0000,
    0x0020,0x0000,0x0841,0xddf3,0x83ac,0xd5d3,0x0021,0x0841,0x2944,0x18e4,0x0020,0x0000,0x0000,0x0000,0x0000,0x0000,
    0x0020,0x0000,0x18c3,0x2945,0x0041,0x0862,0xe696,0x7b6a,0xbd30,0x1082,0x0020,0x0000,0x0000,0x0000,0x0000,0x0000,
    0x0000,0x0000,0x0000,0x0000,0x0000,0x0000,0x0000,0x0000,0x0000,0x0000,0x0000,0x0000,0x0000,0x0000,0x0000,0x0000,
    0x0000,0x0000,0x0000,0x0000,0x0000,0x0000,0x0000,0x0000,0x0000,0x0000,0x0000,0x0000,0x1082,0x2903,0xcdd4,0xa48f,
    0xde55,0x1903,0x3186,0x2965,0x2924,0x2104,0x1062,0x0000,0x0000,0x0000,0x0000,0x0000,0x0000,0x1061,0x2104,0x2944,
    0x31a6,0x39c6,0x18e4,0xeeb6,0x9c6f,0xc592,0x0861,0x0841,0x0000,0x0000,0x0000,0x0000,0x0000,0x0000,0x0000,0x0000,
    0x0000,0x0000,0x0000,0x0000,0x0000,0x0000,0x0000,0x0000,0x0000,0x0000,0x0000,0x0000,0x0000,0x0000,0x0000,0x0000,
    0x0000,0x0000,0x0000,0x0000,0x0000,0x0000,0x0000,0x0000,0x18c3,0x39a6,0xff39,0xa48f,0xf739,0x2965,0x39c7,0x39c7,
    0x2104,0x2124,0x0841,0x0000,0x0000,0x0000,0x0000,0x0000,0x0000,0x1082,0x2104,0x2104,0x4207,0x39e7,0x3185,0xff7a,
    0x8c2e,0xff7a,0x18a2,0x0020,0x0000,0x0000,0x0000,0x0000,0x0000,0x0000,0x0000,0x0000,0x0000,0x0000,0x0000,0x0000,
    0x0000,0x0000,0x0000,0x0000,0x0000,0x0000,0x0000,0x0000,0x0000,0x0000,0x0000,0x0000,0x0000,0x0000,0x0000,0x0000,
    0x0000,0x0000,0x0000,0x0000,0xbd94,0xf75a,0x5269,0x62eb,0x39e7,0x39e7,0x2945,0x10a2,0xc571,0xe654,0x18a3,0x0000,
    0x0000,0x0000,0x0000,0x0000,0x0000,0x1882,0xff38,0xbd50,0x18c3,0x2945,0x5289,0x39a6,0x4208,0x4228,0xffba,0x9c6f,
    0x0861,0x0000,0x0000,0x0000,0x0000,0x0000,0x0000,0x0000,0x0000,0x0000,0x0000,0x0000,0x0000,0x0000,0x0000,0x0000,
    0x0000,0x0000,0x0000,0x0000,0x0000,0x0000,0x0000,0x0000,0x0000,0x0000,0x0000,0x0000,0x0000,0x0000,0x1062,0x730a,
    0xa48f,0xe676,0xff9c,0xff9b,0xff38,0xff17,0xc572,0xcdd3,0x20c2,0x20c2,0x1082,0x1083,0x0000,0x1083,0x1083,0x0862,
    0x1082,0x0000,0x20c2,0x20a2,0xde34,0xbd52,0xff18,0xff7a,0xff7b,0xff39,0xe676,0xa46f,0x18a2,0x1083,0x0000,0x0000,
    0x0000,0x0000,0x0000,0x0000,0x0000,0x0000,0x0000,0x0000,0x0000,0x0000,0x0000,0x0000,0x0000,0x0000,0x0000,0x0000,
    0x0000,0x0000,0x0000,0x0000,0x0000,0x0000,0x0000,0x0000,0x0000,0x0000,0x0000,0x10a3,0x2103,0x20c2,0x3143,0x0800,
    0x1061,0x0820,0x1061,0x1041,0x10a3,0x0000,0x1083,0x0000,0x18a3,0x1083,0x1082,0x1062,0x1083,0x1083,0x1083,0x0020,
    0x1861,0x0841,0x1041,0x0841,0x20a2,0x18a2,0x0000,0x18e4,0x1083,0x0000,0x0000,0x0000,0x0000,0x0000,0x0000,0x0000,
    0x0000,0x0000,0x0000,0x0000,0x0000,0x0000,0x0000,0x0000,0x0000,0x0000,0x0000,0x0000,0x0000,0x0000,0x0000,0x0000,
    0x0000,0x0000,0x0000,0x0000,0x0000,0x0000,0x10a3,0x0000,0x0862,0x10a3,0x0000,0x1083,0x10a3,0x10a3,0x0862,0x0882,
    0x10a3,0x1082,0x1083,0x10a3,0x1083,0x1083,0x1083,0x0862,0x1083,0x1083,0x10a3,0x10a3,0x10a3,0x1082,0x1062,0x1062,
    0x1083,0x0000,0x18c4,0x0000,0x0000,0x18a3,0x0000,0x0000,0x0000,0x0000,0x0000,0x0000,0x0000,0x0000,0x0000,0x0000,
    0x0000,0x0000,0x0000,0x0000,0x0000,0x0000,0x0000,0x0000,0x0000,0x0000,0x0000,0x0000,0x0000,0x0000,0x0000,0x0000,
    0x0000,0x0000,0x0000,0x0000,0x0000,0x0000,0x0000,0x0000,0x1083,0x0000,0x1082,0x1083,0x0000,0x1083,0x0000,0x10a3,
    0x18a3,0x0000,0x0021,0x1062,0x0000,0x1083,0x10a3,0x0000,0x1083,0x0862,0x0000,0x1083,0x0000,0x0000,0x0000,0x0000,
    0x0000,0x0000,0x0000,0x0000,0x0000,0x0000,0x0000,0x0000,0x0000,0x0000,0x0000,0x0000,0x0000,0x0000,0x0000,0x0000,
};
/* rain-shell.png; source sha256 33405e59e4db84b8caa35265f4f95baa3671e562ff4e5260ba3462917814b5db; crop (335, 404, 918, 1133) */
static const uint16_t muse_wardrobe_pixels_5[] = {
    0x0000,0x0000,0x0000,0x0000,0x0000,0x0000,0x0000,0x0000,0x0000,0x0000,0x0000,0x0000,0x0000,0x0000,0x0000,0x0000,
    0x0000,0x0000,0x0000,0x0000,0x1042,0x1042,0x39ea,0x3a0a,0x3a2b,0x3a0a,0x2967,0x31ea,0x3a2b,0x3a0a,0x31e9,0x2967,
    0x3a0a,0x31a8,0x2126,0x2987,0x0000,0x1042,0x0000,0x0000,0x0000,0x0000,0x0000,0x0000,0x0000,0x0000,0x0000,0x0000,
    0x0000,0x0000,0x0000,0x0000,0x0000,0x0000,0x0000,0x0000,0x0000,0x0000,0x0000,0x0000,0x0000,0x0000,0x0000,0x0000,
    0x0000,0x0000,0x0000,0x0000,0x0000,0x0000,0x0000,0x0000,0x0000,0x0000,0x0000,0x0000,0x0000,0x1042,0x3a0a,0x3a2b,
    0x3a0a,0x426c,0x3a0b,0x29a8,0x2988,0x3a0a,0x31c9,0x31e9,0x3a0a,0x2147,0x31c9,0x3a0a,0x3a0a,0x31a9,0x31c9,0x2988,
    0x18a3,0x0000,0x0000,0x0000,0x0000,0x0000,0x0000,0x0000,0x0000,0x0000,0x0000,0x0000,0x0000,0x0000,0x0000,0x0000,
    0x0000,0x0000,0x0000,0x0000,0x0000,0x0000,0x0000,0x0000,0x0000,0x0000,0x0000,0x0000,0x0000,0x0000,0x0000,0x0000,
    0x0000,0x0000,0x0000,0x0000,0x0000,0x0000,0xa512,0x530e,0x31c9,0x31c8,0x426c,0x3a2b,0x3a0a,0x3a0a,0x2967,0x31ea,
    0x3a2b,0x3a0a,0x31ea,0x2967,0x31ea,0x31e9,0x39ea,0x31ea,0x31c8,0x2988,0x3a2a,0x3a09,0x0000,0x0000,0x0000,0x0000,
    0x0000,0x0000,0x0000,0x0000,0x0000,0x0000,0x0000,0x0000,0x0000,0x0000,0x0000,0x0000,0x0000,0x0000,0x0000,0x0000,
    0x0000,0x0000,0x0000,0x0000,0x0000,0x0000,0x0000,0x0000,0x0000,0x0000,0x0000,0x0000,0x0000,0x0000,0x0000,0x3a09,
    0x8c0f,0x31a8,0x2988,0x2988,0x29a8,0x2988,0x2987,0x2988,0x29a8,0x2967,0x2987,0x2988,0x2967,0x2987,0x2987,0x2967,
    0x2967,0x29a8,0x2166,0x2987,0x2146,0x4229,0x3a29,0x0000,0x0000,0x0000,0x0000,0x0000,0x0000,0x0000,0x0000,0x0000,
    0x0000,0x0000,0x0000,0x0000,0x0000,0x0000,0x0000,0x0000,0x0000,0x0000,0x0000,0x0000,0x0000,0x0000,0x0000,0x0000,
    0x0000,0x0000,0x0000,0x0000,0x0000,0x0000,0x0000,0x0000,0x20c4,0x424a,0xcdf4,0x3a0a,0x31e9,0x31e9,0x31e9,0x31e9,
    0x3a0a,0x31c9,0x2147,0x3a0b,0x31e9,0x31e9,0x3a0a,0x2967,0x31e9,0x31c8,0x31ea,0x31c8,0x31c8,0x2147,0x31a8,0xff18,
    0x31a7,0x18c3,0x0000,0x0000,0x0000,0x0000,0x0000,0x0000,0x0000,0x0000,0x0000,0x0000,0x0000,0x0000,0x0000,0x0000,
    0x0000,0x0000,0x0000,0x0000,0x0000,0x0000,0x0000,0x0000,0x0000,0x0000,0x0000,0x0000,0x0000,0x0000,0x0000,0x0000,
    0x0000,0x2926,0x426b,0x4a6b,0xf73a,0x424b,0x31c8,0x29a8,0x31ea,0x3a2b,0xe6b8,0x31e9,0x2988,0x31c9,0x3a0a,0x3a0a,
    0x31c8,0x1906,0x3a09,0x62ec,0x31e9,0x31c9,0x2967,0x31c8,0x31e9,0xeeb8,0x31e9,0x29a8,0x2125,0x0000,0x0000,0x0000,
    0x0000,0x0000,0x0000,0x0000,0x0000,0x0000,0x0000,0x0000,0x0000,0x0000,0x0000,0x0000,0x0000,0x0000,0x0000,0x0000,
    0x0000,0x0000,0x0000,0x0000,0x0000,0x0000,0x0000,0x0000,0x0000,0x0000,0x426c,0x3a0a,0x426b,0x8c0f,0xf75a,0x424b,
    0x2988,0x2988,0x31ea,0x3a2b,0x9cb2,0x52ab,0x31a8,0xd616,0x39ea,0x39e8,0x840f,0x31e8,0x4a49,0x5aec,0x31c9,0x29a8,
    0x29a8,0x2967,0x31c9,0xe697,0x524a,0x2967,0x2147,0x2967,0x0000,0x0000,0x0000,0x0000,0x0000,0x0000,0x0000,0x0000,
    0x0000,0x0000,0x0000,0x0000,0x0000,0x0000,0x0000,0x0000,0x0000,0x0000,0x0000,0x0000,0x0000,0x0000,0x0000,0x0000,
    0x0000,0x0000,0x0000,0x4a8c,0x3a2a,0x3a09,0x426c,0xf718,0xf6f9,0x3a2a,0x2988,0x29a8,0x31ea,0x39ea,0x39e9,0x4249,
    0xe6b7,0x29a8,0xf739,0xeeb7,0x2988,0x730c,0x31c8,0x31c8,0x31c9,0x31ea,0x2987,0x2146,0x29a8,0xee97,0x39e9,0x2988,
    0x2146,0x2126,0x2947,0x0000,0x0000,0x0000,0x0000,0x0000,0x0000,0x0000,0x0000,0x0000,0x0000,0x0000,0x0000,0x0000,
    0x0000,0x0000,0x0000,0x0000,0x0000,0x0000,0x0000,0x0000,0x0000,0x0000,0x0000,0x0000,0x20c4,0x426c,0x3a0a,0x39ea,
    0x31c9,0x424b,0xf6f8,0x3a09,0x29c8,0x31c9,0x3a0a,0x422a,0x424b,0x31c8,0x2987,0x31e9,0xf739,0x6b2d,0x31a8,0x2147,
    0x2987,0x3a09,0x6b4e,0x2988,0x2967,0x2146,0x31c8,0xf6f9,0x2966,0x2146,0x1905,0x2146,0x2967,0x18a3,0x0000,0x0000,
    0x0000,0x0000,0x0000,0x0000,0x0000,0x0000,0x0000,0x0000,0x0000,0x0000,0x0000,0x0000,0x0000,0x0000,0x0000,0x0000,
    0x0000,0x0000,0x0000,0x0000,0x0000,0x0000,0x2105,0x424b,0x29a8,0x31c9,0x29a8,0x29c9,0x6b4d,0x2988,0x31a8,0x2146,
    0x29a8,0x39e9,0x5acb,0x31a8,0xb4d0,0xeed7,0x3a0a,0x31c9,0x31a7,0x6b2c,0x2988,0x5aec,0x2126,0x2967,0x2146,0x2967,
    0x2946,0x840f,0x4a49,0x2987,0x1905,0x1905,0x2126,0x18c4,0x0000,0x0000,0x0000,0x0000,0x0000,0x0000,0x0000,0x0000,
    0x0000,0x0000,0x0000,0x0000,0x0000,0x0000,0x0000,0x0000,0x0000,0x0000,0x0000,0x0000,0x0000,0x0000,0x0000,0x0000,
    0x28e5,0x4aad,0x29a8,0x31e9,0x31e9,0xff38,0xeef9,0x3a0a,0x3a0a,0x31e9,0x3a0a,0x5acc,0x39e9,0x31a8,0x2987,0x31c9,
    0x31a8,0x424b,0x31c8,0x2988,0x31c8,0x2988,0x4229,0x31a8,0x29a8,0x31e9,0x31e9,0x9451,0xff79,0x31c8,0x2146,0x2167,
    0x2988,0x1062,0x0000,0x0000,0x0000,0x0000,0x0000,0x0000,0x0000,0x0000,0x0000,0x0000,0x0000,0x0000,0x0000,0x0000,
    0x0000,0x0000,0x0000,0x0000,0x0000,0x0000,0x0000,0x0000,0x0000,0x18a3,0x4aad,0x428c,0x3a0a,0x31c9,0x31ea,0x5aec,
    0xd636,0x2967,0x0841,0x1083,0x1062,0x20c3,0x20c4,0x20e4,0x0000,0x20c3,0x18a3,0x28e4,0x18c3,0x1062,0x18a3,0x18a3,
    0x1882,0x20c4,0x0841,0x1063,0x2146,0xeeb7,0x528a,0x31a8,0x2146,0x2125,0x2988,0x2987,0x0821,0x0000,0x0000,0x0000,
    0x0000,0x0000,0x0000,0x0000,0x0000,0x0000,0x0000,0x0000,0x0000,0x0000,0x0000,0x0000,0x0000,0x0000,0x0000,0x0000,
    0x0000,0x0000,0x0000,0x18a3,0x4aad,0x3a2b,0x31e9,0x31c8,0x426b,0x4a8b,0x0842,0x9c6f,0x9c6f,0xad12,0xb531,0xe6d8,
    0xdeb8,0xbd52,0x942e,0xcdd4,0xde97,0xc5b3,0xce35,0x7b8c,0xc5b4,0xc5b3,0xd616,0xb531,0x83cd,0x83ed,0x8c0e,0x1041,
    0x3a09,0x31e9,0x2967,0x2146,0x2967,0x2987,0x0841,0x0000,0x0000,0x0000,0x0000,0x0000,0x0000,0x0000,0x0000,0x0000,
    0x0000,0x0000,0x0000,0x0000,0x0000,0x0000,0x0000,0x0000,0x0000,0x0000,0x0000,0x0000,0x0000,0x39e9,0x31a8,0x2987,
    0x2987,0x29a8,0x31a8,0x0021,0x732b,0xa4d0,0x83cd,0x7b6c,0xb533,0x944f,0x8c0e,0x7b8c,0x83cd,0x83ac,0x83ac,0x734b,
    0x83cd,0x736b,0x732a,0x6b2a,0x83ac,0x83cc,0x9c70,0x9c6f,0x83ac,0x5a89,0x0021,0x2988,0x1925,0x18e4,0x18c4,0x2105,
    0x20e5,0x0000,0x0000,0x0000,0x0000,0x0000,0x0000,0x0000,0x0000,0x0000,0x0000,0x0000,0x0000,0x0000,0x0000,0x0000,
    0x0000,0x0000,0x0000,0x0000,0x0000,0x0000,0x0000,0x4a8c,0x3a2a,0x3a0a,0x2988,0x39e9,0x18e4,0x1041,0xd656,0xdeb8,
    0x8bee,0x732b,0xce15,0x734b,0x6b0a,0x730a,0x62a9,0x732b,0x6aea,0x7b6c,0x7b6b,0x5268,0x732b,0x734b,0x730a,0x83ed,
    0x9c90,0xb553,0x8bcd,0xb531,0x0821,0x18c4,0x29a8,0x2166,0x2967,0x2146,0x2987,0x0000,0x0000,0x0000,0x0000,0x0000,
    0x0000,0x0000,0x0000,0x0000,0x0000,0x0000,0x0000,0x0000,0x0000,0x0000,0x0000,0x0000,0x0000,0x0000,0x0000,0x0000,
    0x0000,0x426c,0x424b,0x3a2b,0x428c,0x0000,0xbd73,0xce15,0x83cd,0xe614,0xc551,0xd5b3,0xe655,0xee75,0xf6b6,0xee55,
    0xacaf,0xe613,0xee96,0xf696,0xee75,0xb510,0xee96,0xee75,0xf675,0xf6b6,0xd5f4,0x9c6f,0xe5f3,0x83ac,0xb551,0xbd31,
    0x0000,0x2988,0x31c9,0x2988,0x2146,0x0000,0x0000,0x0000,0x0000,0x0000,0x0000,0x0000,0x0000,0x0000,0x0000,0x0000,
    0x0000,0x0000,0x0000,0x0000,0x0000,0x0000,0x0000,0x0000,0x0000,0x0000,0x0000,0x4a8c,0x3a0a,0x426c,0x0820,0xd636,
    0xe6b7,0x8bcd,0xee96,0xff19,0xd5d4,0xd5f4,0xf6d7,0xf6b7,0xf6f8,0xe655,0xbd10,0xff19,0xe655,0xf6d7,0xe634,0xbd11,
    0xee75,0xee76,0xf6d7,0xe655,0xe655,0xd5f4,0xf6b7,0xf696,0x942e,0xbd72,0x8c0d,0x1062,0x31c9,0x2967,0x2967,0x0000,
    0x0000,0x0000,0x0000,0x0000,0x0000,0x0000,0x0000,0x0000,0x0000,0x0000,0x0000,0x0000,0x0000,0x0000,0x0000,0x0000,
    0x0000,0x0000,0x0000,0x0000,0x426c,0x3a2a,0x426c,0x1042,0x9c4e,0xacd0,0xa4b0,0xeeb6,0xf6f8,0xf6b6,0xd614,0xe697,
    0xee55,0xf6d7,0xee76,0xeed8,0xc572,0xee76,0xff19,0xee34,0xff39,0xc593,0xddf3,0xf719,0xf6b7,0xf6d7,0xde14,0xd615,
    0xf6f7,0xf696,0xf718,0x83cd,0x942e,0x9c6f,0x0821,0x31c9,0x2126,0x2126,0x0000,0x0000,0x0000,0x0000,0x0000,0x0000,
    0x0000,0x0000,0x0000,0x0000,0x0000,0x0000,0x0000,0x0000,0x0000,0x0000,0x0000,0x0000,0x0000,0x0000,0x3a0a,0x3a2b,
    0x3a2a,0x20e3,0xde97,0xce16,0x7b6c,0xf6b7,0xf6f7,0xff39,0xd615,0xde35,0xf6f9,0xeeb7,0xf6d7,0xf73a,0xcdd4,0xf6f8,
    0xf73a,0xf6f8,0xf77b,0xbd73,0xf6d8,0xf739,0xf719,0xf6f8,0xe676,0xd5f4,0xf6d7,0xf6d7,0xf6d7,0x7b4b,0x6aea,0xa4b0,
    0x41a5,0x2988,0x2988,0x1905,0x0000,0x0000,0x0000,0x0000,0x0000,0x0000,0x0000,0x0000,0x0000,0x0000,0x0000,0x0000,
    0x0000,0x0000,0x0000,0x0000,0x0000,0x0000,0x0000,0x0000,0x31c9,0x31c9,0x18a3,0xde97,0x8bed,0x734b,0xee55,0xff3a,
    0xf6d7,0xf6b7,0xd615,0xcdd4,0xeeb7,0xf6f8,0xf6f8,0xff7b,0xbd73,0xf75a,0xf6d8,0xf73a,0xf6f8,0xc5d4,0xf73a,0xeeb7,
    0xeed8,0xf6d8,0xde35,0xd615,0xf6b6,0xf6d7,0xf6d7,0xf6f7,0x940d,0x9c6f,0x9c6f,0x18a3,0x2126,0x2105,0x0000,0x0000,
    0x0000,0x0000,0x0000,0x0000,0x0000,0x0000,0x0000,0x0000,0x0000,0x0000,0x0000,0x0000,0x0000,0x0000,0x0000,0x0000,
    0x0000,0x0000,0x3a0a,0x424b,0x0821,0xd636,0xbd93,0xad32,0xe676,0xe696,0xe676,0xeed8,0xd614,0xd5f5,0x0840,0x0020,
    0xe6b8,0xe676,0xc5b4,0xeed8,0xff9c,0xe676,0xeef9,0xc5d4,0xe697,0xeef9,0x0840,0x0840,0xc572,0xc592,0xeeb7,0xe676,
    0xde35,0xe655,0x940d,0x7b4b,0x9c8f,0x1062,0x2126,0x2105,0x0000,0x0000,0x0000,0x0000,0x0000,0x0000,0x0000,0x0000,
    0x0000,0x0000,0x0000,0x0000,0x0000,0x0000,0x0000,0x0000,0x0000,0x0000,0x0000,0x0020,0x29a8,0x2146,0x3165,0xacf1,
    0xa4b0,0x83ed,0xcdb4,0xc5b3,0xcdd4,0xcdd4,0x5268,0x734b,0x39e7,0x0000,0x734b,0xcdf4,0xcdd4,0xcdf5,0xcdd4,0xcdd4,
    0xcdf5,0xc5b3,0xc5d5,0x6b2b,0x2965,0x0000,0x4a27,0x6b2b,0xcdb3,0xcdf4,0xcdd4,0xc572,0x9c6e,0x6b0a,0x83ac,0x2104,
    0x18e5,0x18e4,0x0000,0x0000,0x0000,0x0000,0x0000,0x0000,0x0000,0x0000,0x0000,0x0000,0x0000,0x0000,0x0000,0x0000,
    0x0000,0x0000,0x0000,0x0000,0x0000,0x0020,0x424b,0x1082,0xb532,0xde97,0x942e,0x62c9,0xf6d8,0xeeb7,0xee96,0xf6d8,
    0x0000,0x0000,0xf7be,0x0000,0x0000,0xe676,0xcdd5,0xf73a,0xd635,0xff5b,0xeed8,0xc5b4,0xe697,0x0000,0xffdf,0x0000,
    0x0000,0x0000,0xf6f8,0xee76,0xf6d7,0xf6b7,0xbd52,0x8c0d,0x83cd,0x942e,0x1062,0x2126,0x0020,0x0000,0x0000,0x0000,
    0x0000,0x0000,0x0000,0x0000,0x0000,0x0000,0x0000,0x0000,0x0000,0x0000,0x0000,0x0000,0x0000,0x0000,0x0000,0x0841,
    0x3a2b,0x1062,0xb511,0xde77,0xc5d5,0xb552,0xf6d7,0xf6d7,0xeeb7,0xf719,0x0000,0x0000,0x0000,0x0000,0x0000,0xde97,
    0xc593,0xf6f8,0xf73a,0xf6f8,0xf73a,0xc593,0xeed8,0x0000,0x0000,0x0000,0x0000,0x0000,0xf6d7,0xf6f8,0xf6f7,0xf718,
    0xc552,0x6b0a,0xb531,0x9c8f,0x0000,0x2967,0x1062,0x0000,0x0000,0x0000,0x0000,0x0000,0x0000,0x0000,0x0000,0x0000,
    0x0000,0x0000,0x0000,0x0000,0x0000,0x0000,0x0000,0x0000,0x0000,0x3167,0x39e9,0x0000,0xde77,0xde77,0x83ad,0x734b,
    0xf6d7,0xf6f8,0xf6d6,0xeeb7,0xd614,0xcdd4,0x0000,0x0000,0xf77b,0xf6f8,0xc593,0xf73a,0xeed8,0xf6f8,0xf73a,0xc5b4,
    0xf719,0xf719,0x0000,0x0000,0xde15,0xde55,0xee76,0xee96,0xf696,0xf6f8,0xcdb3,0x83cc,0x9c6f,0xa4b0,0x0000,0x2146,
    0x18e4,0x18c4,0x0000,0x0000,0x0000,0x0000,0x0000,0x0000,0x0000,0x0000,0x0000,0x0000,0x0000,0x0000,0x0000,0x0000,
    0x0000,0x0000,0x2988,0x2146,0x31ea,0x0000,0xc5b4,0xc5b4,0xb552,0xb553,0xee97,0xf6b7,0xf555,0xf6f8,0xde36,0xe677,
    0xf6d7,0xf6f8,0xeeb8,0xf73a,0xc5d4,0xeeb7,0xf719,0xeed8,0xeef9,0xc5b4,0xeed9,0xeeb7,0xeed8,0xeeb7,0xd636,0xde56,
    0xf534,0xeeb6,0xf6f8,0xf6b7,0xc572,0x6aea,0xa48f,0x9c6f,0x1062,0x2987,0x10c3,0x2167,0x0000,0x0000,0x0000,0x0000,
    0x0000,0x0000,0x0000,0x0000,0x0000,0x0000,0x0000,0x0000,0x0000,0x0000,0x0000,0x0000,0x424b,0x2167,0x31a8,0x18c4,
    0xbd93,0xde98,0x7b6b,0x6b2b,0xe676,0xe472,0xee77,0xe492,0xcd52,0xcdd4,0xe677,0xe676,0xe656,0xde36,0x62c9,0x0020,
    0xe655,0xeed8,0x0000,0x6b0b,0xd635,0xe677,0xe697,0xee97,0xd470,0xcc30,0xe635,0xe4b3,0xee96,0xee75,0xb511,0x9c6f,
    0x942e,0x83ac,0x18e4,0x2146,0x1905,0x1925,0x0000,0x0000,0x0000,0x0000,0x0000,0x0000,0x0000,0x0000,0x0000,0x0000,
    0x0000,0x0000,0x0000,0x0000,0x0000,0x0000,0x2967,0x2146,0x2987,0x10a3,0x734b,0xbd72,0x736b,0x62c9,0xc552,0xcc50,
    0xdd73,0xdc51,0xc552,0xcdd4,0xcdd4,0xc5b3,0xcdd5,0xcdf4,0x62c9,0x1881,0xbd32,0xbd32,0x0841,0x7b8d,0xcdf5,0xc5b3,
    0xcdd4,0xcdb3,0xc430,0xc490,0xd532,0xcc10,0xcdb3,0xbd52,0xa4b0,0x7b8c,0x736b,0x5a68,0x1083,0x1905,0x18c4,0x20e5,
    0x0000,0x0000,0x0000,0x0000,0x0000,0x0000,0x0000,0x0000,0x0000,0x0000,0x0000,0x0000,0x0000,0x0000,0x0000,0x0000,
    0x0841,0x2105,0x31e9,0x31e9,0x20c4,0xd656,0xad32,0xa4d0,0x6aea,0xeeb6,0xf4d3,0xf6f7,0xde35,0xde56,0xf6d7,0xf719,
    0xf6b7,0xf6f8,0xcdd4,0xeeb7,0x0000,0x0000,0xee96,0xbdb3,0xf6f8,0xf6f8,0xee96,0xfef8,0xeeb7,0xd5f4,0xf4f3,0xf6f7,
    0xf6d7,0x7b6b,0x5227,0x83ac,0x9c8e,0x20c3,0x2967,0x2988,0x1082,0x1083,0x0000,0x0000,0x0000,0x0000,0x0000,0x0000,
    0x0000,0x0000,0x0000,0x0000,0x0000,0x0000,0x0000,0x0000,0x0000,0x0000,0x0000,0x0000,0x1883,0x31ea,0x31c9,0x1882,
    0x944e,0x944e,0x8c0d,0xf6d7,0xf6f8,0xf6b7,0xd5d3,0xd5f4,0xee96,0xeeb7,0xeeb7,0xee76,0xc593,0xf6f8,0xeeb6,0xeeb7,
    0xee96,0xbd72,0xeeb7,0xee96,0xeeb7,0xee96,0xe676,0xde35,0xeeb6,0xf6b6,0xee96,0x734b,0x8c0d,0x83cc,0x20c3,0x2988,
    0x2987,0x1062,0x0000,0x0000,0x0000,0x0000,0x0000,0x0000,0x0000,0x0000,0x0000,0x0000,0x0000,0x0000,0x0000,0x0000,
    0x0000,0x0000,0x0000,0x0000,0x0841,0x2125,0x3a0a,0x1062,0x3a09,0x31c9,0x18a3,0x1062,0xa4af,0x732b,0xf6d7,0xee96,
    0xd5f5,0xcdd4,0xf6d7,0xf696,0xee55,0xde55,0xc592,0xee75,0xf719,0xeeb7,0xee76,0xbd72,0xf6b6,0xf6b7,0xf6d7,0xe634,
    0xde55,0xde35,0xf6b6,0xeed7,0x7b6b,0xa4af,0x0862,0x18a3,0x31a9,0x2988,0x1083,0x2126,0x18e5,0x1062,0x0000,0x0000,
    0x0000,0x0000,0x0000,0x0000,0x0000,0x0000,0x0000,0x0000,0x0000,0x0000,0x0000,0x0000,0x0000,0x83ae,0x426c,0x2166,
    0x424b,0x29a8,0x0000,0x2126,0x31c9,0x2167,0x31c9,0x2966,0x3125,0x6b0a,0xb4d0,0xd5d3,0xee96,0xee96,0xee75,0xee96,
    0xbd51,0xee76,0xee96,0xe655,0xf6f8,0xb510,0xee96,0xf6b6,0xee96,0xf696,0xd5d3,0xbd11,0x5227,0x49e7,0x29a8,0x39e9,
    0x2146,0x2967,0x2126,0x0000,0x2146,0x29a9,0x2146,0x31e9,0x3186,0x0000,0x0000,0x0000,0x0000,0x0000,0x0000,0x0000,
    0x0000,0x0000,0x0000,0x0000,0x0000,0x0000,0x39e9,0x39ea,0xff7a,0x31c8,0x3a0a,0x3a0a,0x31c9,0x29a7,0x0000,0x0841,
    0x1905,0x31c9,0x31e9,0x320a,0x1904,0x20e5,0x18c3,0x0841,0x1082,0x18c3,0x0841,0x20c4,0x8bed,0x940d,0x20e4,0x0821,
    0x18a3,0x1883,0x1042,0x18a3,0x10a3,0x1083,0x31c9,0x31ea,0x31c9,0x18e5,0x0821,0x0841,0x2125,0x29a8,0x29a8,0x29a9,
    0x31c8,0xf718,0xf77b,0x2987,0x0000,0x0000,0x0000,0x0000,0x0000,0x0000,0x0000,0x0000,0x0000,0x0000,0x0000,0x3144,
    0x4a4b,0x31a8,0x83ef,0x732c,0x2167,0x2988,0x10c4,0x2167,0x18e5,0x2125,0x0841,0x18c4,0x10a3,0x18e4,0x1905,0x2126,
    0x2126,0x2105,0x2126,0x2126,0x2125,0x2105,0x5aaa,0x4a28,0x2105,0x1905,0x2967,0x2126,0x2105,0x2126,0x2125,0x18e5,
    0x2146,0x18e4,0x18e4,0x1083,0x39c7,0x2125,0x2146,0x18c4,0x2105,0x2126,0x4a29,0x4a4a,0x2146,0x39e8,0x1082,0x0000,
    0x0000,0x0000,0x0000,0x0000,0x0000,0x0000,0x0000,0x0000,0x0820,0x31a8,0x422a,0x31e9,0x39ea,0xc553,0x31e9,0x39e9,
    0x2988,0x3a0a,0x29a8,0x39c8,0x2987,0xbd93,0x10a3,0x2105,0x18e4,0x2987,0x2987,0x31c9,0x31e9,0x31a8,0x2167,0x31a8,
    0xe6d9,0xc5d5,0x18c4,0x2967,0x31e9,0x31a8,0x31e9,0x2967,0x2146,0x2125,0x18c4,0x20e4,0xbd94,0x2967,0x39c8,0x2987,
    0x31c9,0x2967,0x2988,0x2988,0x83ef,0x2167,0x31c9,0x4a4b,0x2147,0x0000,0x0000,0x0000,0x0000,0x0000,0x0000,0x0000,
    0x0000,0x0000,0xe676,0x632e,0x8c30,0x4209,0x39e9,0x83ae,0x31c9,0x2947,0x31c9,0x31c9,0x2988,0x31c9,0xc553,0x39e9,
    0x5a68,0xacf1,0x2988,0xce15,0x2987,0x2126,0x2125,0x18c4,0x1083,0x18e5,0xd657,0xb533,0x1905,0x18c4,0x18c4,0x18e5,
    0x1905,0x2967,0xb4f1,0x944f,0xde75,0xd5f3,0x39e9,0x2166,0x31e9,0x2988,0x31c9,0x29a8,0x2125,0x31c9,0x6b2c,0x2987,
    0x632c,0x736d,0x4a6b,0xe656,0x0000,0x0000,0x0000,0x0000,0x0000,0x0000,0x5aed,0x528a,0x4a8a,0x31a8,0x2967,0x2967,
    0x4229,0xad13,0x31a8,0x0000,0x31c9,0x3a0a,0x2988,0x29a8,0xf739,0xcdd5,0xeed7,0x31a8,0x31ea,0xf73a,0x3a0a,0x31e9,
    0x31c9,0x3186,0x8bee,0x31c8,0x1083,0x2966,0x31c8,0x31a8,0x2966,0x31a8,0x31c9,0x31c9,0xde97,0x31e9,0x31a8,0xcdb5,
    0x7bad,0xf6b6,0x2967,0x2967,0x2988,0x31a8,0x0000,0x31c8,0x8bce,0x2146,0x31c8,0x39e8,0x2146,0x39e8,0x62ec,0x424a,
    0x0000,0x0000,0x0000,0x28e3,0x1905,0x29a8,0x3a0a,0xbd32,0x2967,0xf739,0x736d,0x2105,0x2126,0x1905,0x3a0a,0x31e9,
    0x31a8,0x2147,0x31a8,0x31e9,0xd656,0x3a0a,0x31a7,0xf71a,0x3a0a,0x29a8,0x31c9,0xa4d1,0xb552,0x2967,0x10c4,0x31e9,
    0x2967,0xc574,0xffdc,0x31c9,0x2988,0x3a0a,0xd636,0x9cd1,0x39e9,0xd637,0x31e9,0x2988,0x2146,0x2987,0x2988,0x2987,
    0x18e4,0x2146,0x2125,0xacd1,0x9c0f,0x2987,0xcdb4,0x31c9,0x2146,0x18c4,0x20c4,0x0000,0x0000,0x5a68,0xa48f,0x1083,
    0x2126,0x8c51,0x2946,0x4a4a,0x2126,0x1905,0x0020,0x2946,0x18e4,0x2125,0x2125,0x2146,0x2967,0x2146,0x2967,0x2967,
    0x1083,0x7b8d,0x2987,0x2967,0x2147,0x2986,0x2946,0x2967,0x08a3,0x2166,0x2967,0x29a8,0x1905,0x2146,0x2166,0x2967,
    0xacf2,0x2146,0x2146,0x2147,0x2126,0x2126,0x2167,0x2105,0x2125,0x18e5,0x18c4,0x1062,0x1905,0x2146,0x4229,0x6b4c,
    0x4a6a,0x2146,0x10a3,0x6aea,0x6ae9,0x0000,0x28e3,0xeed8,0xde55,0x1061,0x2126,0x31e9,0xf6d7,0x2146,0x2146,0x2146,
    0x0000,0x424b,0x31c9,0x31c8,0x2146,0x2967,0x2967,0x2126,0x29a8,0x2987,0x2166,0x2987,0x2967,0x2967,0x3a09,0x2125,
    0x2946,0x2987,0x1905,0x29a7,0x31a8,0x1926,0x18c5,0x31c9,0x31a8,0x2987,0x2987,0x2166,0x2987,0x2967,0x2147,0x2967,
    0x2126,0x2967,0x29a8,0x2987,0x31c8,0x0000,0x2126,0x2146,0x2125,0x83ce,0x31c9,0x1905,0x18a2,0xd5f4,0xde56,0x20c2,
    0xf6f7,0xff5a,0xd5f4,0xcdd4,0x20e3,0x2967,0x31a8,0xd616,0x2126,0x18e5,0x0000,0x8c0f,0xc5f6,0xffbd,0x738e,0x9450,
    0x83ad,0x39ea,0x2988,0x2147,0x2146,0x2947,0x29a8,0x31c9,0x31a8,0x83ee,0xb532,0x29a8,0x08a3,0x31e9,0x29a8,0x940f,
    0xe6d8,0x31c9,0x31a8,0x31a8,0x2967,0x2125,0x2988,0x31c9,0x31a9,0x5aaa,0x4a49,0xcdd4,0xe6b8,0xa4d2,0x630b,0x0000,
    0x10c4,0x2105,0xa4d1,0x31c9,0x2126,0x2903,0xe655,0xc593,0xfef9,0xeeb6,0xf6f8,0xf6f8,0xcdb3,0xde35,0xee95,0x28e3,
    0x18e5,0x2967,0xe6b7,0x18c4,0x0862,0xef19,0x9c4f,0xf77a,0x39e9,0x39e8,0x3a09,0xf6f8,0x5aeb,0x31a8,0x18e4,0x2146,
    0x31c9,0x2988,0x31e9,0xff7a,0x838d,0x29a8,0x10e4,0x2987,0x31a8,0xcdf5,0xc553,0x31c9,0x2988,0x2988,0x2967,0x2987,
    0x2987,0xa4b0,0xe6b8,0x2987,0x4229,0x39a8,0xff79,0x7b8d,0xe697,0x1062,0x0841,0x3165,0x2967,0x2106,0x28e3,0xee75,
    0xde35,0xc572,0xf6b7,0xeeb7,0x28e3,0xf6d7,0xcdd4,0xd5d3,0xee96,0xee75,0x1082,0x2126,0x0841,0x0841,0x2126,0x424b,
    0x4a8c,0x3a0a,0x2967,0x2988,0xde77,0x4a2a,0x5aac,0x9c70,0x2988,0x2146,0x2987,0x29a9,0x31c9,0xf759,0x9c6f,0x2987,
    0x2166,0x31e9,0x2146,0xce16,0xff79,0x29a8,0x31c9,0x31a9,0x2967,0x39e9,0xe6b6,0x3a09,0x9471,0xeef8,0x62eb,0x29a8,
    0x2987,0x31a8,0x31a8,0x2125,0x0841,0x0821,0x1905,0x20c3,0xe654,0xe655,0xcd92,0xc593,0xeeb7,0x28e3,0x0000,0x3123,
    0xde14,0xde35,0xe655,0xde13,0x3144,0x1082,0x0000,0x0020,0x29a8,0x426c,0x3a2b,0x31e9,0x2988,0x2147,0x31a8,0x4a6a,
    0x6b0c,0x3a0a,0x7bce,0x2146,0x29a8,0x29a8,0x29a8,0xf759,0xa4b1,0x31c8,0x10e4,0x2187,0x31c8,0xcdf4,0xff7a,0x31c9,
    0x29a8,0x31a8,0x2987,0x39c7,0x29a9,0x9450,0x6b2d,0x31a8,0x2967,0x2146,0x31c9,0x29a8,0x2167,0x2988,0x0862,0x0000,
    0x18a3,0x3144,0xddf3,0xe655,0xde35,0xbd11,0x3123,0x0000,0x0000,0x0000,0x3123,0x2903,0x3123,0x3123,0x0000,0x0000,
    0x0000,0x18c4,0x3a2a,0x2987,0x3a2b,0x3a0a,0x2167,0x2988,0x2988,0x29a8,0xfffe,0x39e9,0xff9b,0x62ec,0x29a8,0x2988,
    0x31e9,0xc573,0x8bae,0x2987,0x2987,0x29a8,0x2167,0xb533,0xe6d7,0x31c9,0x31a9,0x2988,0x3a0a,0xeeb7,0x31c8,0xfffc,
    0x2988,0x29a8,0x2147,0x2967,0x2988,0x29a8,0x29a8,0x2146,0x18c3,0x0000,0x0000,0x0820,0x3144,0x3124,0x28e3,0x20e3,
    0x0000,0x0000,0x0000,0x0000,0x0000,0x0000,0x0000,0x0000,0x0000,0x0000,0x0000,0x2125,0x31c9,0x2988,0x2987,0x2987,
    0x2967,0x2146,0x2967,0x2167,0x31e9,0xef19,0x31a8,0xd5d3,0x2987,0x2125,0x2988,0x3187,0x5a8a,0x2967,0x2146,0x2167,
    0x2146,0x3a09,0x2946,0x2967,0x2125,0x2987,0x9c91,0x31c9,0xbd33,0x31a8,0x2967,0x2146,0x2126,0x2146,0x2146,0x2126,
    0x2105,0x2146,0x18e4,0x1062,0x0000,0x0000,0x0000,0x0000,0x0000,0x0000,0x0000,0x0000,0x0000,0x0000,0x0000,0x0000,
    0x0000,0x0000,0x0000,0x0000,0x0000,0x2967,0x31c9,0x2146,0x2967,0x2987,0x2987,0x2126,0x2987,0x2147,0x2167,0x526a,
    0x2967,0x4a29,0x3188,0x2125,0x29a8,0x2966,0x4a69,0x2987,0x2166,0x29a7,0x31a8,0x41e8,0x2125,0x2967,0x2146,0x31e9,
    0xad32,0x31a7,0x39c8,0x2987,0x2967,0x2146,0x2126,0x2146,0x2967,0x2146,0x1905,0x2126,0x1905,0x1062,0x0000,0x0000,
    0x0000,0x0000,0x0000,0x0000,0x0000,0x0000,0x0000,0x0000,0x0000,0x0000,0x0000,0x0000,0x0000,0x0000,0x0020,0x31a8,
    0x3a2a,0x31a9,0x3a0a,0x31c9,0x2967,0x2167,0x2988,0x29a8,0x31e9,0xeed8,0x2987,0xa4d3,0x31e9,0x2987,0x31a8,0x7b6c,
    0x9470,0x31a8,0x2146,0x2167,0x31a8,0x83cd,0x10a4,0x31c9,0x31a9,0x31e9,0x4a49,0x3187,0xeeb8,0x31e9,0x29a8,0x2968,
    0x2126,0x2967,0x29a9,0x2988,0x2967,0x2967,0x1905,0x1083,0x0000,0x0000,0x0000,0x0000,0x0000,0x0000,0x0000,0x0000,
    0x0000,0x0000,0x0000,0x0000,0x0000,0x0000,0x0000,0x0000,0x0821,0x2125,0x31c9,0x31a9,0x2988,0x2988,0x2126,0x2967,
    0x29a8,0xeef8,0xe6b6,0xff5a,0x29a8,0xe6b7,0x31c8,0x29a8,0x31a8,0xcdd5,0xbd32,0x2967,0x2166,0x2187,0x2966,0xb532,
    0xbd53,0x29a8,0x2987,0x31c9,0x5aaa,0x39e8,0xff9b,0xd635,0xe6b8,0x2988,0x2967,0x2126,0x29a8,0x2988,0x2146,0x2967,
    0x18e5,0x1883,0x0000,0x0000,0x0000,0x0000,0x0000,0x0000,0x0000,0x0000,0x0000,0x0000,0x0000,0x0000,0x0000,0x0000,
    0x0000,0x0000,0x0000,0x2967,0x31c9,0x2967,0x2988,0x2987,0x2967,0x2967,0x4208,0x4209,0x31e8,0x39c8,0x2967,0x6b4e,
    0x39e9,0x2967,0x31c9,0xf6f8,0xb4d0,0x31a8,0x1904,0x2187,0x31a8,0xcdd4,0xffba,0x31a8,0x2967,0x31c8,0x0862,0x2987,
    0x31a8,0x39c8,0x2987,0xff9a,0x2126,0x2966,0x31a9,0x2146,0x2146,0x2126,0x2146,0x1083,0x0000,0x0000,0x0000,0x0000,
    0x0000,0x0000,0x0000,0x0000,0x0000,0x0000,0x0000,0x0000,0x0000,0x0000,0x0000,0x0000,0x0000,0xffdc,0xde55,0x39e9,
    0x524a,0x31c8,0x2946,0x2967,0x528a,0x2987,0x4a69,0xbd94,0x31c8,0xf719,0x39e9,0x2167,0x29a8,0xeeb8,0x83ad,0x2146,
    0x1946,0x29a8,0x2146,0xb4f2,0xf6f8,0x2988,0x2967,0x31c8,0x5a48,0x31c9,0xf6f8,0x9cd1,0x31a8,0x9c90,0x2946,0x2967,
    0x2966,0x4a29,0x3187,0x6b0b,0xe677,0x0000,0x0000,0x0000,0x0000,0x0000,0x0000,0x0000,0x0000,0x0000,0x0000,0x0000,
    0x0000,0x0000,0x0000,0x0000,0x0000,0x0000,0x0000,0x2145,0x2967,0x2966,0x6b4d,0x4a6a,0x31a7,0x736c,0x2967,0x2126,
    0x2187,0x942f,0x2147,0xeeb8,0x2146,0x1905,0x2967,0x52aa,0x4a29,0x2967,0x10e4,0x2967,0x2967,0x4228,0x942f,0x2147,
    0x2126,0x2126,0x942e,0x2946,0xe6b7,0x2147,0x2987,0x2967,0x4a29,0x2946,0xbd74,0x39c8,0x3a09,0x10a4,0x18e4,0x0000,
    0x0000,0x0000,0x0000,0x0000,0x0000,0x0000,0x0000,0x0000,0x0000,0x0000,0x0000,0x0000,0x0000,0x0000,0x0000,0x0000,
    0x0000,0xe6f8,0xb573,0x2967,0x2966,0x1905,0x2146,0x630c,0xad12,0xb532,0x944e,0x9c70,0x944f,0x2946,0x31a9,0x1905,
    0x31c9,0x10e4,0x7bad,0x2146,0x2146,0x2167,0x2946,0x524a,0x2945,0x2967,0x2125,0x3188,0x2125,0x7b8c,0x944e,0x942e,
    0xacf0,0xa4b0,0x734c,0x4a49,0x2125,0x18e4,0x2146,0x738d,0xce16,0x0000,0x0000,0x0000,0x0000,0x0000,0x0000,0x0000,
    0x0000,0x0000,0x0000,0x0000,0x0000,0x0000,0x0000,0x0000,0x0000,0x0000,0x0000,0x2987,0x2966,0x73ae,0x2166,0xeeb7,
    0xd656,0xd615,0x9470,0x3a0a,0x2125,0x2126,0x10a3,0x10a3,0x10a3,0x2147,0x1905,0x2966,0x41e7,0x2967,0x29a7,0x2187,
    0x2967,0x424a,0x2125,0x2126,0x2126,0x10a3,0x10a3,0x1083,0x18e4,0x2967,0x31a8,0xcdd3,0xde96,0xd634,0xeef7,0x2946,
    0x2126,0x2125,0x2126,0x0000,0x0000,0x0000,0x0000,0x0000,0x0000,0x0000,0x0000,0x0000,0x0000,0x0000,0x0000,0x0000,
    0x0000,0x0000,0x0000,0x0000,0x0000,0x10a3,0x18a3,0x0000,0x18e5,0x2967,0x2146,0x2126,0x2987,0x2167,0xa491,0xd616,
    0x7b6c,0x4a49,0xb533,0xbd53,0xb532,0x732c,0x2146,0x2967,0x29a7,0x2987,0x2967,0x2105,0xa490,0x734c,0xd615,0xd615,
    0xa46f,0x18c4,0x7b8d,0xd656,0x2967,0x39c9,0x2126,0x2146,0x2105,0x20e5,0x1062,0x10a3,0x1083,0x0000,0x0000,0x0000,
    0x0000,0x0000,0x0000,0x0000,0x0000,0x0000,0x0000,0x0000,0x0000,0x0000,0x0000,0x0000,0x0000,0x0000,0x0000,0x0000,
    0x0000,0x18e4,0x3165,0x1082,0x0821,0x0000,0x1062,0x10a3,0x2147,0x2967,0x2146,0x2967,0x31a8,0x29a7,0x29a8,0x2987,
    0x2105,0x2987,0x39c7,0x3a09,0x2987,0x2126,0x31c9,0x2967,0x31c8,0x2987,0x2146,0x2987,0x2987,0x2126,0x1083,0x1062,
    0x0821,0x0821,0x0841,0x3165,0x18e4,0x0000,0x0000,0x0000,0x0000,0x0000,0x0000,0x0000,0x0000,0x0000,0x0000,0x0000,
    0x0000,0x0000,0x0000,0x0000,0x0000,0x0000,0x0000,0x0000,0x0000,0x0000,0x0000,0x0000,0x2964,0x840e,0x5ac9,0x5aea,
    0x6b4b,0x5aa9,0x2103,0x1041,0x0000,0x0021,0x0000,0x0000,0x0000,0x0821,0x0000,0x0841,0x2926,0x18e4,0x0821,0x0000,
    0x0000,0x0821,0x0000,0x0821,0x1062,0x1082,0x18c3,0x2103,0x6b4b,0x6b2a,0x630a,0x632a,0x83ed,0x2924,0x0000,0x0000,
    0x0000,0x0000,0x0000,0x0000,0x0000,0x0000,0x0000,0x0000,0x0000,0x0000,0x0000,0x0000,0x0000,0x0000,0x0000,0x0000,
    0x0000,0x0000,0x0000,0x0000,0x0000,0x0000,0x2944,0x9cb0,0x738c,0x6b6c,0x8c6f,0x8c2e,0x842e,0x840e,0x736c,0x736c,
    0x8c2e,0x738c,0x7bcd,0x736b,0x62ea,0x3165,0x840e,0x83ed,0x62ea,0x6b2b,0x840e,0x73ac,0x7bad,0x7bcd,0x738c,0x736c,
    0x7bac,0x7bcd,0x8c2f,0x7bac,0x6b2b,0x6b4b,0x840e,0x2924,0x0000,0x0000,0x0000,0x0000,0x0000,0x0000,0x0000,0x0000,
    0x0000,0x0000,0x0000,0x0000,0x0000,0x0000,0x0000,0x0000,0x0000,0x0000,0x0000,0x0000,0x0000,0x0000,0x0000,0x0000,
    0x0000,0x3164,0x83ed,0x7bcd,0x9cb0,0x9cb0,0x9cd1,0x9cb0,0x738c,0x840e,0x948f,0x9490,0x8c4e,0x8c4f,0x632a,0x3985,
    0x8c6f,0x840e,0x62ea,0x6b4b,0x8c2f,0x9490,0x8c4f,0x946f,0x842e,0x7bed,0x946f,0x9cb0,0x8c6f,0x7bcd,0x6b4b,0x7bed,
    0x2103,0x0000,0x0000,0x0000,0x0000,0x0000,0x0000,0x0000,0x0000,0x0000,0x0000,0x0000,0x0000,0x0000,0x0000,0x0000,
    0x0000,0x0000,0x0000,0x0000,0x0000,0x0000,0x0000,0x0000,0x0000,0x0000,0x0000,0x2103,0x6b4b,0x6b6b,0x6b6b,0x6b6c,
    0x73ac,0x736c,0x738c,0x6b4b,0x738c,0x738c,0x73ac,0x6b2b,0x632b,0x630a,0x2103,0x39e6,0x6b4b,0x632b,0x736c,0x840e,
    0x73ac,0x738c,0x6b6c,0x6b4b,0x738c,0x738c,0x6b4b,0x6b2b,0x632a,0x6b2b,0x2923,0x0000,0x0000,0x0000,0x0000,0x0000,
    0x0000,0x0000,0x0000,0x0000,0x0000,0x0000,0x0000,0x0000,0x0000,0x0000,0x0000,0x0000,0x0000,0x0000,0x0000,0x0000,
    0x0000,0x0000,0x0000,0x0000,0x0000,0x3144,0x738c,0x738c,0x736c,0x6b6c,0x738c,0x738c,0x73ad,0x6b2b,0x738c,0x7bcd,
    0x6b2b,0x6b4b,0x632b,0x630a,0x2103,0x5289,0x736c,0x632b,0x7bcd,0x73ad,0x7bcd,0x7bcd,0x6b4b,0x6b6c,0x7bad,0x6b6b,
    0x6b4b,0x630a,0x736c,0x736c,0x2103,0x0000,0x0000,0x0000,0x0000,0x0000,0x0000,0x0000,0x0000,0x0000,0x0000,0x0000,
    0x0000,0x0000,0x0000,0x0000,0x0000,0x0000,0x0000,0x0000,0x0000,0x0000,0x0000,0x0000,0x0000,0x0000,0x0000,0x0000,
    0x2103,0x39a6,0x94b0,0x83ed,0x946f,0x83ed,0x6b4b,0x738d,0x8c4e,0x842e,0x840e,0x7bac,0x5aea,0x8c4f,0x2944,0x2123,
    0x8c4f,0x6b6c,0x840e,0x8c2e,0x8c4f,0x840e,0x83ee,0x6b6c,0x83ed,0x842e,0x842e,0x83ed,0x41e6,0x2923,0x0000,0x0000,
    0x0000,0x0000,0x0000,0x0000,0x0000,0x0000,0x0000,0x0000,0x0000,0x0000,0x0000,0x0000,0x0000,0x0000,0x0000,0x0000,
    0x0000,0x0000,0x0000,0x0000,0x0000,0x0000,0x0000,0x0000,0x0000,0x0000,0x0000,0x0000,0x2944,0x7bad,0x946f,0x7bed,
    0x736c,0x7bcd,0x840e,0x7bcd,0x83ed,0x7bed,0x5268,0x2103,0x0000,0x0000,0x3144,0x52a9,0x9470,0x842e,0x83ed,0x8c2e,
    0x840e,0x6b4b,0x946f,0x736b,0x738c,0x2924,0x0000,0x0000,0x0000,0x0000,0x0000,0x0000,0x0000,0x0000,0x0000,0x0000,
    0x0000,0x0000,0x0000,0x0000,0x0000,0x0000,0x0000,0x0000,0x0000,0x0000,0x0000,0x0000,0x0000,0x0000,0x0000,0x0000,
    0x0000,0x0000,0x0000,0x0000,0x0000,0x0000,0x0000,0x2944,0x2103,0x3185,0x2924,0x20e3,0x2944,0x3165,0x2944,0x2124,
    0x2944,0x0000,0x0000,0x0000,0x0000,0x2944,0x2924,0x2944,0x2964,0x2944,0x18e3,0x2944,0x2944,0x2924,0x2924,0x0000,
    0x0000,0x0000,0x0000,0x0000,0x0000,0x0000,0x0000,0x0000,0x0000,0x0000,0x0000,0x0000,0x0000,0x0000,0x0000,0x0000,
    0x0000,0x0000,0x0000,0x0000,0x0000,0x0000,0x0000,0x0000,0x0000,0x0000,0x0000,0x0000,0x0000,0x0000,0x0000,0x0000,
    0x0000,0x18a3,0x4a6a,0x4229,0x31a6,0x39a7,0x41e8,0x31a7,0x39c7,0x1063,0x0000,0x0000,0x0000,0x0000,0x0000,0x0000,
    0x1062,0x31a7,0x31a6,0x39e8,0x4208,0x39e7,0x39c7,0x39c7,0x20e4,0x0000,0x0000,0x0000,0x0000,0x0000,0x0000,0x0000,
    0x0000,0x0000,0x0000,0x0000,0x0000,0x0000,0x0000,0x0000,0x0000,0x0000,0x0000,0x0000,0x0000,0x0000,0x0000,0x0000,
    0x0000,0x0000,0x0000,0x0000,0x0000,0x0000,0x0000,0x0000,0x0000,0x0000,0x0000,0x2904,0xa4d2,0x4208,0x2965,0x31a6,
    0x31a6,0x3186,0x2104,0x0841,0x0841,0x0000,0x0000,0x0000,0x0000,0x0000,0x0821,0x2125,0x2104,0x31a6,0x2965,0x3186,
    0x4a49,0x9450,0x2925,0x0800,0x0000,0x0000,0x0000,0x0000,0x0000,0x0000,0x0000,0x0000,0x0000,0x0000,0x0000,0x0000,
    0x0000,0x0000,0x0000,0x0000,0x0000,0x0000,0x0000,0x0000,0x0000,0x0000,0x0000,0x0000,0x0000,0x0000,0x0000,0x0000,
    0x0000,0x0000,0x0000,0x0000,0x0841,0x4228,0xa4f2,0x52aa,0x31a6,0x31a7,0x39e8,0x3186,0x2965,0x0842,0x0841,0x0000,
    0x0000,0x0000,0x0000,0x0000,0x0821,0x2945,0x3186,0x39c7,0x39e7,0x3186,0x5acb,0xb575,0x4228,0x1082,0x0000,0x0000,
    0x0000,0x0000,0x0000,0x0000,0x0000,0x0000,0x0000,0x0000,0x0000,0x0000,0x0000,0x0000,0x0000,0x0000,0x0000,0x0000,
    0x0000,0x0000,0x0000,0x0000,0x0000,0x0000,0x0000,0x0000,0x0000,0x0000,0x0000,0x10a3,0x0821,0x1083,0x1062,0x39a7,
    0x39e8,0x31a6,0x2966,0x2966,0x3186,0x3166,0x2925,0x1062,0x1083,0x0841,0x1083,0x10a3,0x1083,0x0020,0x1042,0x2104,
    0x2945,0x39c7,0x31a6,0x31a7,0x31a7,0x31a6,0x39c7,0x1062,0x0841,0x0862,0x1083,0x0000,0x0000,0x0000,0x0000,0x0000,
    0x0000,0x0000,0x0000,0x0000,0x0000,0x0000,0x0000,0x0000,0x0000,0x0000,0x0000,0x0000,0x0000,0x0000,0x0000,0x0000,
    0x0000,0x0000,0x0000,0x0000,0x0000,0x1082,0x0020,0x1083,0x0000,0x5aeb,0x5aeb,0x62ec,0x52aa,0x4a49,0x5acb,0x5acb,
    0x5aeb,0x0000,0x0021,0x10a3,0x1083,0x10a3,0x10a3,0x0020,0x0000,0x52aa,0x630c,0x5aab,0x4a69,0x4a69,0x630c,0x630c,
    0x5aeb,0x0000,0x0861,0x0862,0x0862,0x0000,0x0000,0x0000,0x0000,0x0000,0x0000,0x0000,0x0000,0x0000,0x0000,0x0000,
    0x0000,0x0000,0x0000,0x0000,0x0000,0x0000,0x0000,0x0000,0x0000,0x0000,0x0000,0x0000,0x0000,0x0000,0x0000,0x0000,
    0x0000,0x0000,0x0842,0x0020,0x0000,0x0000,0x0000,0x0000,0x0000,0x0000,0x0020,0x0862,0x0841,0x0000,0x1062,0x1062,
    0x0000,0x10a3,0x0862,0x0020,0x0000,0x0000,0x0000,0x0000,0x0000,0x0000,0x0000,0x0862,0x0000,0x0020,0x0000,0x0000,
    0x0000,0x0000,0x0000,0x0000,0x0000,0x0000,0x0000,0x0000,0x0000,0x0000,0x0000,0x0000,0x0000,0x0000,0x0000,0x0000,
    0x0000,0x0000,0x0000,0x0000,0x0000,0x0000,0x0000,0x0000,0x0000,0x0000,0x0000,0x0000,0x0021,0x10a3,0x0863,0x18c3,
    0x1082,0x1083,0x10a3,0x1083,0x10a3,0x1082,0x1082,0x0000,0x1083,0x1083,0x1083,0x1083,0x10a3,0x10a3,0x1083,0x1083,
    0x10a3,0x1083,0x1083,0x10a3,0x1083,0x0000,0x0000,0x10a3,0x0000,0x0000,0x0000,0x0000,0x0000,0x0000,0x0000,0x0000,
    0x0000,0x0000,0x0000,0x0000,0x0000,0x0000,0x0000,0x0000,0x0000,0x0000,0x0000,0x0000,0x0000,0x0000,0x0000,0x0000,
    0x0000,0x0000,0x0000,0x0000,0x0000,0x0000,0x0000,0x18a4,0x1083,0x0000,0x1082,0x1083,0x10a3,0x0000,0x1083,0x10a3,
    0x1062,0x1083,0x10a3,0x0000,0x10a3,0x1062,0x0020,0x10a3,0x0000,0x10a3,0x1083,0x0000,0x0000,0x1083,0x0000,0x0000,
    0x0000,0x0000,0x0000,0x0000,0x0000,0x0000,0x0000,0x0000,0x0000,0x0000,0x0000,0x0000,0x0000,0x0000,0x0000,0x0000,
};
/* heatwave-linen.png; source sha256 0919f2dd9c9a47dca9fdaf85822acaca704f03c08f13acc4e8186b0b8d66f93a; crop (360, 436, 889, 1093) */
static const uint16_t muse_wardrobe_pixels_6[] = {
    0x0000,0x0000,0x0000,0x0000,0x0000,0x0000,0x0000,0x0000,0x0000,0x0000,0x0000,0x0000,0x0000,0x0000,0x0000,0x0000,
    0x0000,0x0000,0x0000,0x0000,0x0000,0x0000,0x0000,0x0000,0x8b27,0x8b48,0x8b47,0x9b88,0x8b27,0x9368,0x72a5,0x8307,
    0x7266,0x7285,0x0000,0x0000,0x0000,0x0000,0x0000,0x0000,0x0000,0x0000,0x0000,0x0000,0x0000,0x0000,0x0000,0x0000,
    0x0000,0x0000,0x0000,0x0000,0x0000,0x0000,0x0000,0x0000,0x0000,0x0000,0x0000,0x0000,0x0000,0x0000,0x0000,0x0000,
    0x0000,0x0000,0x0000,0x0000,0x0000,0x0000,0x0000,0x0000,0x0000,0x0000,0x0000,0x0000,0x0000,0x0000,0x49c4,0x51a4,
    0x4984,0x5184,0xff9b,0xd5f4,0xf6f7,0xff7b,0xff7b,0xff5a,0xbd0f,0xff39,0xff38,0xee95,0x4963,0x51a4,0x59e4,0x7265,
    0x0000,0x0000,0x0000,0x0000,0x0000,0x0000,0x0000,0x0000,0x0000,0x0000,0x0000,0x0000,0x0000,0x0000,0x0000,0x0000,
    0x0000,0x0000,0x0000,0x0000,0x0000,0x0000,0x0000,0x0000,0x0000,0x0000,0x0000,0x0000,0x0000,0x0000,0x0000,0x0000,
    0x0000,0x0000,0x0000,0x0000,0x0000,0x0000,0x1881,0x5183,0xf718,0xcdb2,0xff58,0xffbc,0xe634,0xcd91,0xff7a,0xe5f1,
    0xff5a,0xee74,0xac8c,0xf6d6,0xff38,0xe612,0xcd70,0xf6d6,0xee95,0xee95,0x4122,0x4963,0x0000,0x0000,0x0000,0x0000,
    0x0000,0x0000,0x0000,0x0000,0x0000,0x0000,0x0000,0x0000,0x0000,0x0000,0x0000,0x0000,0x0000,0x0000,0x0000,0x0000,
    0x0000,0x0000,0x0000,0x0000,0x0000,0x0000,0x0000,0x0000,0x0000,0x0000,0x0000,0x0000,0x0000,0x0000,0x0000,0x51c4,
    0x7b08,0xff9b,0xd5d2,0xbd0f,0xff38,0xff7a,0xff5a,0xcd6f,0xe632,0xff9c,0xf674,0xff59,0xacad,0xff17,0xe612,0xff59,
    0xbd50,0xff17,0xe633,0xd5d1,0xc591,0xe653,0x4963,0x0000,0x0000,0x0000,0x0000,0x0000,0x0000,0x0000,0x0000,0x0000,
    0x0000,0x0000,0x0000,0x0000,0x0000,0x0000,0x0000,0x0000,0x0000,0x0000,0x0000,0x0000,0x0000,0x0000,0x0000,0x0000,
    0x0000,0x0000,0x0000,0x0000,0x0000,0x0000,0x0000,0x0000,0x59e4,0xf6b5,0xeeb6,0xde13,0xff18,0xde13,0xff7a,0xff7a,
    0xf694,0xe634,0xff9a,0xee95,0xff59,0xfef6,0xb4ce,0xfed6,0xfeb5,0xff38,0xbd0f,0xff17,0xeeb5,0xee53,0x9c6d,0xee73,
    0xe633,0x51a4,0x1881,0x0000,0x0000,0x0000,0x0000,0x0000,0x0000,0x0000,0x0000,0x0000,0x0000,0x0000,0x0000,0x0000,
    0x0000,0x0000,0x0000,0x0000,0x0000,0x0000,0x0000,0x0000,0x0000,0x0000,0x0000,0x0000,0x0000,0x0000,0x0000,0x0000,
    0x0000,0x30e2,0xcd2e,0xd5b1,0xb4ac,0xcd70,0xd5f2,0xc54f,0xcd91,0xcd91,0xd591,0xcd91,0xd5d2,0xcd70,0xcd91,0xcd90,
    0xac6b,0xd590,0xd5b1,0xc54f,0xb4ad,0xcd71,0xcd91,0xc50e,0xac8d,0xbcad,0xc52f,0xc4cc,0x6224,0x3922,0x0000,0x0000,
    0x0000,0x0000,0x0000,0x0000,0x0000,0x0000,0x0000,0x0000,0x0000,0x0000,0x0000,0x0000,0x0000,0x0000,0x0000,0x0000,
    0x0000,0x0000,0x0000,0x0000,0x0000,0x0000,0x0000,0x0000,0x0000,0x0000,0x0000,0x3922,0xf6b5,0xe633,0xd5d2,0xf694,
    0xee94,0xcd91,0xee74,0xf717,0xf717,0xde54,0xeeb5,0xee74,0xf6f7,0xeeb5,0xac8c,0xf6b5,0xee95,0xee53,0xb4cd,0xf6f7,
    0xee95,0xe633,0xa42b,0xe612,0xe633,0xd590,0x72a6,0x4143,0x0000,0x0000,0x0000,0x0000,0x0000,0x0000,0x0000,0x0000,
    0x0000,0x0000,0x0000,0x0000,0x0000,0x0000,0x0000,0x0000,0x0000,0x0000,0x0000,0x0000,0x0000,0x0000,0x0000,0x0000,
    0x0000,0x0000,0x0000,0x0000,0x0020,0x9368,0xee74,0xf6d5,0xee53,0xff7a,0xff38,0xde13,0xe654,0x7a86,0x7266,0x6a66,
    0x6a46,0x7a86,0x7266,0x7286,0x51c4,0x7266,0x6a46,0x6a25,0x5a04,0x6a45,0xe612,0xf6b6,0xa42b,0xf6d6,0xe633,0xe633,
    0x9bc9,0x9389,0x0000,0x0000,0x0000,0x0000,0x0000,0x0000,0x0000,0x0000,0x0000,0x0000,0x0000,0x0000,0x0000,0x0000,
    0x0000,0x0000,0x0000,0x0000,0x0000,0x0000,0x0000,0x0000,0x0000,0x0000,0x0000,0x0000,0x0000,0x0000,0x8307,0xf694,
    0xf6b5,0x59e4,0x6204,0x6205,0x6a45,0x6225,0x7287,0x82c7,0x8ae7,0x7286,0x7aa7,0x7aa7,0x82a7,0x7ac7,0x59e4,0x7a86,
    0x7286,0x82c7,0x6a65,0x7266,0x7266,0x6205,0x4983,0x61e4,0x5184,0xddf2,0xb4ad,0xddd1,0x4963,0x0000,0x0000,0x0000,
    0x0000,0x0000,0x0000,0x0000,0x0000,0x0000,0x0000,0x0000,0x0000,0x0000,0x0000,0x0000,0x0000,0x0000,0x0000,0x0000,
    0x0000,0x0000,0x0000,0x0000,0x0000,0x0000,0x0020,0x2081,0xd52e,0x51a4,0x59c4,0x59c4,0x7266,0x7266,0x7aa7,0x6a46,
    0x7aa7,0x6a45,0x6a46,0x6225,0x7286,0x7245,0x7265,0x7245,0x51a3,0x7246,0x7a66,0x7a86,0x51e4,0x6a46,0x7266,0x7266,
    0x59c4,0x7266,0x51a4,0x5183,0x4963,0x4143,0xc4cd,0x0000,0x0000,0x0000,0x0000,0x0000,0x0000,0x0000,0x0000,0x0000,
    0x0000,0x0000,0x0000,0x0000,0x0000,0x0000,0x0000,0x0000,0x0000,0x0000,0x0000,0x0000,0x0000,0x0000,0x0000,0x0000,
    0x0000,0x59c4,0x5183,0x6205,0x6a25,0x59c4,0x6205,0x6205,0x7aa6,0xd54e,0xd54e,0xdd6e,0xedf0,0xddb0,0xe611,0xee32,
    0xedf0,0xf653,0xb4ac,0xe5d0,0xdd8f,0xdd8f,0xac2a,0xd54d,0xc4ac,0x6205,0x51c4,0x59e4,0x59a4,0x51a4,0x4983,0x4983,
    0x59e4,0x20a1,0x0000,0x0000,0x0000,0x0000,0x0000,0x0000,0x0000,0x0000,0x0000,0x0000,0x0000,0x0000,0x0000,0x0000,
    0x0000,0x0000,0x0000,0x0000,0x0000,0x0000,0x0000,0x0000,0x0000,0x0000,0x2081,0x4963,0x5183,0x5183,0xa3e9,0xf6b4,
    0xf6f6,0xff16,0xff59,0xee74,0xee53,0xfef6,0xff17,0xe673,0xf6d5,0xf652,0xfef6,0xfed5,0xacac,0xfeb5,0xfeb5,0xfeb4,
    0xbd2e,0xfef7,0xfe93,0xfeb4,0xb4ad,0xf651,0xd54e,0x6a25,0x4122,0x4143,0x4943,0x30c2,0x0000,0x0000,0x0000,0x0000,
    0x0000,0x0000,0x0000,0x0000,0x0000,0x0000,0x0000,0x0000,0x0000,0x0000,0x0000,0x0000,0x0000,0x0000,0x0000,0x0000,
    0x0000,0x0000,0x4183,0x7ac6,0xcd4f,0xfef5,0xfef6,0xff59,0xfef6,0xc52f,0xfed4,0xfe93,0xfeb4,0xd56f,0xe611,0xe5af,
    0xdd8f,0xc4cb,0xc4ec,0xe5f0,0xe5af,0xdd6e,0xa3e8,0xd56e,0xd52d,0xedcf,0xbccc,0xee31,0xf610,0xfe72,0xac8c,0xf672,
    0xf694,0xf6b4,0xcd4e,0xee52,0xe5f0,0xd56e,0x59c4,0x0000,0x0000,0x0000,0x0000,0x0000,0x0000,0x0000,0x0000,0x0000,
    0x0000,0x0000,0x0000,0x0000,0x0000,0x0000,0x0000,0x0000,0x0000,0x0000,0xa3a8,0xf693,0xd56f,0xddf2,0xe611,0xf673,
    0xf652,0xedf0,0xd50d,0x9be9,0xc4ab,0xd54e,0xa3e9,0xa46d,0xacce,0x9389,0x8349,0x7b48,0x8b69,0x8b8a,0x8b69,0x8349,
    0x7308,0x8b8a,0x8328,0x8b69,0x8348,0x8b69,0x93aa,0xc4ac,0x93a8,0xbc6a,0xe58f,0xe58f,0xc50c,0xee32,0xfe94,0xf652,
    0xf694,0xb44a,0x9347,0x49a2,0x0000,0x0000,0x0000,0x0000,0x0000,0x0000,0x0000,0x0000,0x0000,0x0000,0x0000,0x0000,
    0x0000,0x0000,0x9368,0xa3e9,0xdd6f,0xc4ed,0xcd0d,0xb46b,0xac2a,0xa3e9,0x93cb,0xacce,0x8baa,0x5a45,0x7b08,0xdd6f,
    0xe56f,0xedf1,0xe5b1,0xf611,0xf5d0,0xedf1,0xf633,0xedd0,0xedd0,0xedf1,0xbcee,0xedd0,0xedd1,0xf5f2,0xcd0e,0xf5d1,
    0xedf2,0xdd6f,0xa42b,0xd50d,0x7ae8,0x8baa,0xa40a,0x9bea,0xa409,0xbccd,0xb48c,0xc4ee,0xb4cd,0x93a9,0x4962,0x59e4,
    0x0000,0x0000,0x0000,0x0000,0x0000,0x0000,0x0000,0x0000,0x0000,0x0000,0x0000,0x0000,0x9ba8,0xddf2,0xee73,0xddaf,
    0xc4cc,0xa3e9,0xa3c8,0xa3e9,0x8bcb,0xacae,0x8369,0x5a46,0x7b28,0xcd0e,0xcd0d,0xc4ed,0xbccd,0xcd0e,0xd590,0xcd2e,
    0xcd2e,0xc50d,0xd52e,0xd570,0xb4ad,0xcd2e,0xcd2f,0xcd70,0xbced,0xcd0e,0xcd2f,0xc4cd,0xa42b,0xc4ed,0x8328,0x7b49,
    0x8347,0x9bea,0xa3c9,0xcd0d,0xe5f1,0xee32,0xcd2e,0xc4ed,0xd54f,0x6204,0x0000,0x0000,0x0000,0x0000,0x0000,0x0000,
    0x0000,0x0000,0x0000,0x0000,0x9368,0xe5af,0xf693,0xf651,0xccec,0xbc6a,0x72a5,0x49c4,0x72e8,0xbd50,0xde34,0xacce,
    0x8349,0x93aa,0xfe72,0xfe52,0xfe74,0xf632,0xf632,0xfe73,0xfe93,0xedf1,0xf610,0xfed5,0xf631,0xff16,0xc52f,0xf632,
    0xfe73,0xf611,0xcd4f,0xfed5,0xfe11,0xfe31,0xb4ac,0xf652,0xfe72,0x8329,0x838a,0xb4ef,0xb510,0x9c0c,0x82e6,0xb44a,
    0xcd0d,0xb46b,0xf672,0xf631,0xb44a,0x7285,0x0000,0x0000,0x0000,0x0000,0x0000,0x0000,0x1020,0xf652,0xb44b,0xf632,
    0xc4cc,0xa3c8,0xb42a,0x8b47,0x72a6,0xa44d,0x9c0c,0xeed7,0xb4ef,0x93ca,0xf673,0xcd90,0xfe72,0xf632,0xfef6,0xf693,
    0xf674,0xfef6,0xfe32,0xf6b5,0xff59,0xf632,0xff59,0xf652,0xd591,0xff17,0xf632,0xff58,0xee95,0xfe94,0xfef6,0xfe73,
    0xc550,0xfef6,0xf653,0xfeb4,0x9beb,0x93ca,0xcdd3,0xacae,0x72a7,0x8307,0x9ba8,0x8b67,0xa3c9,0xdd6e,0xf673,0xb46b,
    0xee31,0x0000,0x0000,0x0000,0x0000,0x0000,0xee31,0xee31,0x9b88,0xa3e9,0xbc8b,0xc4cc,0x9ba8,0x9368,0x6245,0xbd31,
    0xacce,0xd5f4,0xffbd,0x93aa,0xfe94,0xcd2e,0xff16,0xfed5,0xfed5,0xf6b5,0xf6d6,0xfed5,0xfed6,0xf6d6,0xff38,0xff38,
    0xff38,0xff38,0xd5f3,0xff38,0xfef7,0xff38,0xe654,0xff59,0xff17,0xff37,0xcd70,0xfed5,0xfeb4,0xff17,0x93aa,0x7b28,
    0xacce,0xde34,0xcdb2,0x9b89,0x7ac6,0x82e7,0xbc8b,0xbc6b,0xbc8b,0xac0a,0xee11,0xe5f1,0x0000,0x0000,0x0000,0x0000,
    0xdd6e,0xac2a,0x8b47,0xbc8b,0xc4ab,0xa3e9,0xbc8b,0x9347,0x8348,0xb4ef,0xb4f0,0xf75a,0xacae,0xe612,0xf6b6,0xd5d2,
    0xf6b5,0xfed6,0xf695,0xf6b6,0xee74,0xfef7,0xfef6,0xeed7,0xeeb6,0xf6f8,0xf6d7,0xff38,0xcdf3,0xf6f7,0xff18,0xf6b5,
    0xe676,0xf6d6,0xf6f7,0xfef6,0xcdb2,0xfe94,0xf694,0xee74,0xcd50,0xee95,0xd5f3,0xb4ef,0xbd51,0x72c7,0x9ba9,0x7ae7,
    0xb46b,0xb44a,0xbc6b,0x8b68,0xb46b,0xd52e,0x0000,0x0000,0x0000,0x0000,0x9ba8,0xc4cc,0x8327,0xac0a,0xa3a8,0x8306,
    0x8b27,0x72a6,0xacae,0xaccf,0xacae,0xaccf,0x940c,0xcd91,0xc54f,0xc550,0xcdd2,0xcd70,0xcd91,0x5aa8,0x5aa8,0x5a67,
    0xd5d3,0xcdb2,0xd5f4,0xc5d3,0xcdf3,0xcdd3,0xc5b3,0xcdf4,0xc592,0xcdb2,0xcdb2,0x5226,0x5a67,0xd5b1,0xcd92,0xc571,
    0xcd91,0xcd70,0xc52f,0xc550,0x9c2c,0xa48e,0x940b,0x59e4,0x6a85,0x7ac6,0x8b27,0x8b48,0x9b88,0x8b47,0xcd2e,0x9ba8,
    0x0000,0x0000,0x0000,0x0000,0x0000,0xc4ab,0xa40a,0x9ba8,0x9368,0xbc8b,0xa3c9,0x6245,0xffbb,0xc5b3,0xb4ef,0xd614,
    0xff7a,0xff37,0xfeb5,0xd5f2,0xff37,0xff37,0xff39,0x0000,0x0000,0x0000,0xf759,0xeeb6,0xff59,0xff7a,0xff59,0xff7a,
    0xd614,0xff59,0xff37,0xf718,0xff18,0x0000,0x0000,0xff78,0xcd70,0xff37,0xfef6,0xfef6,0xcd4f,0xf673,0x9c2c,0xe696,
    0xbd30,0x7ac7,0x9b87,0x7ae6,0x9ba9,0xc4ab,0xac09,0x9ba8,0xb44a,0x0000,0x0000,0x0000,0x0000,0x0000,0x0000,0x0000,
    0x6245,0x9b88,0x9ba8,0xac09,0x9367,0x6245,0xffbc,0xc592,0xbd10,0xff7b,0xacad,0xff16,0xfed5,0xd5f2,0xfef6,0xff16,
    0x0000,0xffff,0xe73c,0x0000,0x0000,0xff59,0xff38,0xff39,0xff38,0xff7a,0xeeb7,0xff37,0xff18,0x0020,0x0000,0xffff,
    0x0000,0x0000,0x0820,0xff17,0xfef6,0xfeb5,0xcd91,0xff37,0xe654,0xb4ee,0xc592,0xacae,0x7286,0x72a6,0x9ba8,0xac29,
    0x9ba9,0x9ba8,0x28c1,0x0000,0x0000,0x0000,0x0000,0x0000,0x0000,0x0000,0x0000,0x0820,0x8b27,0x9b88,0xa3e9,0x7b07,
    0xffbc,0xbd51,0xacf0,0xd614,0xffbd,0xff38,0xfed5,0xd5d2,0xff17,0xff17,0x0000,0x0000,0x0000,0x0000,0x0000,0xff59,
    0xff9b,0xff18,0xff7a,0xff39,0xde56,0xff38,0xff17,0x0000,0x0000,0x0000,0x0000,0x0000,0x0000,0xfef6,0xfeb5,0xfed6,
    0xcd70,0xff17,0xac8e,0xd635,0xcdb3,0xb4cf,0x6aa6,0x9388,0x9b88,0x8b47,0x0000,0x0000,0x0000,0x0000,0x0000,0x0000,
    0x0000,0x0000,0x0000,0x0000,0x0000,0x0000,0x1881,0x1081,0x1060,0x5a05,0xf719,0xbd51,0xb4cf,0xef19,0xac8e,0xee95,
    0xe654,0xd5f3,0xf6b6,0xee74,0xde55,0x0020,0x0000,0x0000,0xe6d8,0xeef8,0xeef7,0xeef9,0xeeb6,0xf6f8,0xce14,0xeed7,
    0xf6f8,0xde35,0xe614,0x0000,0x0000,0xde35,0xbd31,0xee95,0xf695,0xee95,0xc54f,0xe612,0xde55,0xb510,0xb4ef,0xbd2f,
    0x6225,0x28c1,0x1881,0x1060,0x0000,0x0000,0x0000,0x0000,0x0000,0x0000,0x0000,0x0000,0x0000,0x0000,0x0000,0x0000,
    0x0000,0x0000,0x0820,0x5a25,0xe6b7,0xbd72,0xbd51,0xeef9,0x93eb,0xf6b4,0xf6d6,0xde14,0xfed6,0xf6b5,0xf6f8,0x0841,
    0x0020,0x0020,0xff7a,0xde75,0xe696,0xff7b,0xee96,0xeed7,0xd635,0xf718,0xee95,0xff5a,0xf6f8,0x0020,0x0020,0xff59,
    0xc570,0xf653,0xfeb5,0xf6d6,0xc570,0xee95,0xde14,0xacae,0xbd51,0xc592,0x6a86,0x20a1,0x0000,0x0000,0x0000,0x0000,
    0x0000,0x0000,0x0000,0x0000,0x0000,0x0000,0x0000,0x0000,0x0000,0x0000,0x0000,0x0000,0x6266,0xffbd,0xf75a,0xbd30,
    0xd614,0xcdf3,0xff5a,0xff18,0xfeb5,0xd5d2,0xff37,0xf513,0xff58,0xff37,0xee96,0xff17,0xfed5,0xde34,0xff7a,0xff17,
    0xff59,0xff38,0xde34,0xff5a,0xfeb5,0xfef6,0xde54,0xff38,0xfed6,0xff38,0xd571,0xfd14,0xff18,0xfef5,0xcd91,0xfed5,
    0xacae,0xbd30,0xb510,0xd5f3,0x9c4d,0x7b08,0x4142,0x0000,0x0000,0x0000,0x0000,0x0000,0x0000,0x0000,0x0000,0x0000,
    0x0000,0x0000,0x0000,0x0000,0x0000,0x0000,0xa3ea,0xff9b,0xde55,0xb530,0xe696,0xff7a,0xacae,0xfef6,0xfe53,0xdcb1,
    0xfd34,0xff9a,0xf4d2,0xff16,0xeeb6,0xfef6,0xfed5,0xf6d7,0xff18,0x1040,0xff17,0xff17,0xfef7,0x0000,0xff18,0xfef6,
    0xe654,0xfef6,0xff16,0xf471,0xccf1,0xff9a,0xfd34,0xfeb4,0xcd70,0xf6d5,0xde55,0xbd50,0xd614,0xacae,0x940b,0x7b08,
    0x3942,0x0000,0x0000,0x0000,0x0000,0x0000,0x0000,0x0000,0x0000,0x0000,0x0000,0x0000,0x0000,0x0000,0x0000,0x0000,
    0x51c4,0xff5a,0xeed7,0xb530,0xd614,0xeeb7,0xf6f8,0x9c0c,0xfef7,0xd590,0xff16,0xfd13,0xfef6,0xfef6,0xee53,0xfeb4,
    0xfef7,0xee94,0xfed5,0xfed6,0x1861,0x2061,0x1040,0xfef7,0xfed5,0xff17,0xd5d2,0xfed6,0xfef6,0xff16,0xc531,0xfcf3,
    0xfeb4,0xfef6,0xa42c,0x838a,0xacce,0xbd30,0xbd30,0xbd50,0x6a86,0x1060,0x0000,0x0000,0x0000,0x0000,0x0000,0x0000,
    0x0000,0x0000,0x0000,0x0000,0x0000,0x0000,0x0000,0x0000,0x0000,0x0000,0x0000,0x6246,0xc592,0xb510,0xbd51,0xf739,
    0xb4ef,0x8baa,0xf653,0xcd50,0xfef6,0xf6d6,0xf695,0xe5f2,0xe613,0xf6b5,0xf674,0xe612,0xee33,0xee95,0xfed5,0xfef6,
    0xddf3,0xf695,0xf674,0xee33,0xd5f2,0xf6b5,0xf6b5,0xf6b5,0xbd0e,0xf694,0xf6d5,0xe612,0x93ca,0x836a,0xc5b2,0xbd71,
    0xac8e,0x72c7,0x0000,0x0000,0x0000,0x0000,0x0000,0x0000,0x0000,0x0000,0x0000,0x0000,0x0000,0x0000,0x0000,0x0000,
    0x0000,0x0000,0x0000,0x0000,0x0000,0x6a66,0xbd50,0xaccf,0xb4ef,0xc5d3,0xacae,0x8369,0xcd2f,0xcd91,0xddb1,0xd5b1,
    0xddf2,0xd5b1,0xcd90,0xddf2,0xd5b1,0xcd90,0xddd1,0xcd90,0xddd2,0xddf2,0xcdb1,0xddd2,0xd591,0xd5d1,0xcd90,0xd5b1,
    0xcd70,0xe634,0xbd0f,0xd590,0xddd2,0xc50f,0x7b28,0x8369,0xbd0f,0xa48d,0x942c,0x8328,0x0000,0x0000,0x0000,0x0000,
    0x0000,0x0000,0x0000,0x0000,0x0000,0x0000,0x0000,0x0000,0x0000,0x0000,0x0000,0x0000,0x0000,0x0000,0xa3c6,0xedcb,
    0xcd09,0xbcaa,0xcd92,0xff7b,0xf719,0xd5f3,0x93ca,0x9c0b,0xfeb4,0xfef6,0xfed5,0xfeb4,0xf6b5,0xfeb4,0xfe93,0xe632,
    0xfeb5,0xfef6,0xfeb4,0xfe94,0xddf2,0xfe93,0xfed5,0xfef5,0xd5b1,0xfe93,0xfe73,0xff17,0xbd0f,0xfed5,0xfe93,0x93eb,
    0xa46d,0xd5f3,0xd5f4,0xcdd2,0xc4c9,0xdd8b,0xa3e7,0xb468,0x0000,0x0000,0x0000,0x0000,0x0000,0x0000,0x0000,0x0000,
    0x0000,0x0000,0x0000,0x0000,0x0000,0x0000,0x0000,0xb447,0xfef2,0xfef1,0xe5ed,0xee2e,0xcd2a,0xc550,0xe696,0xf739,
    0xde34,0x8baa,0xa44c,0x93cb,0xfe73,0xfeb5,0xe5f2,0xfe31,0xf674,0xf673,0xfe73,0xfe94,0xfe72,0xfe73,0xcd4f,0xfeb4,
    0xf674,0xf652,0xcd4f,0xf653,0xfeb5,0xf652,0x8baa,0x93cb,0x9c2c,0xcdb2,0x9c2d,0xcdb2,0xaccf,0xcce9,0xf62d,0xfeaf,
    0xddad,0xf64f,0xc4c9,0x0000,0x0000,0x0000,0x0000,0x0000,0x0000,0x0000,0x0000,0x0000,0x0000,0x0000,0x0000,0x0000,
    0xcce9,0xff12,0xff13,0xfef2,0xee2f,0xee2f,0xfed2,0xfe90,0xd54b,0xc4a8,0xde33,0xbd2e,0xfef2,0xcd6f,0xbccc,0xd5d2,
    0xacae,0xac8e,0xee96,0x8b89,0x9c0b,0xff7a,0xb4ee,0xff59,0xa46d,0xa46c,0xf718,0x9c2b,0x9c2c,0xeeb7,0xcd0c,0xc4cb,
    0x940b,0xb510,0xf670,0xee72,0xac27,0xc4a8,0xee2e,0xfed1,0xfef2,0xfef1,0xddac,0xfe91,0xfed1,0xc4a8,0x0000,0x0000,
    0x0000,0x0000,0x0000,0x0000,0x0000,0x0000,0x0000,0x0000,0x0000,0x5223,0xddad,0xddcd,0xd56b,0xddad,0xd58c,0xd56b,
    0xd54b,0xd54b,0xd56c,0xbc88,0xe5ac,0xd56c,0xdd8c,0xd52a,0xd52a,0xbccb,0xc4eb,0x8389,0x9c2c,0x8389,0x93cb,0xa44d,
    0x93eb,0x940b,0x8369,0x8369,0x9c2c,0x8389,0x8369,0x8ba8,0xccc9,0xd56c,0xcd2b,0xdd6c,0xdd8c,0xdd6b,0xa3e7,0xbca9,
    0xcd09,0xdd6b,0xd54b,0xdd8c,0xcd2b,0xd56c,0xdd8d,0xcd2b,0x3963,0x0000,0x0000,0x0000,0x0000,0x0000,0x0000,0x0000,
    0x0000,0x0000,0x0840,0xcce9,0xff12,0xfeb0,0xfef1,0xfeb0,0xe60e,0xee2e,0xfeb1,0xfed2,0xfeb0,0xd509,0xfed1,0xf6f4,
    0xfed2,0xfeb1,0xfed1,0xf670,0xf670,0xa408,0xcd71,0xbd30,0xcdd2,0xc550,0xbd0f,0xc571,0xb510,0xacad,0xa48d,0xacae,
    0xacae,0xccc8,0xfed1,0xfef2,0xcd4b,0xfeb0,0xfeb1,0xff13,0xb467,0xd529,0xfeb0,0xfef2,0xfed1,0xfed1,0xddac,0xf66f,
    0xfef2,0xfef1,0xccea,0x1060,0x0020,0x0000,0x0000,0x0000,0x0000,0x0000,0x0000,0x8b66,0xcd0a,0xfed0,0xfeb1,0xfef2,
    0xfeb1,0xfeb0,0xddce,0xfeb0,0xfeb0,0xfed2,0xfed1,0xfe8f,0xbc87,0xffdf,0xff9b,0xffde,0xfed2,0xfed1,0xdd8c,0xfed1,
    0xbced,0xf6f7,0xff7a,0xff18,0xff7a,0xff7a,0xee95,0xd5f3,0xc591,0xbd51,0xc4c9,0xfeb0,0xfeb0,0xff13,0xddf0,0xffde,
    0xffde,0xcd0a,0xddac,0xf68f,0xfef2,0xfed0,0xfeb0,0xfed0,0xe60e,0xfeb1,0xfed1,0xfe90,0xff12,0xd54b,0xac27,0x0000,
    0x0000,0x0000,0x0000,0x0000,0xd54b,0xee2f,0xee2f,0xfeb0,0xfeb1,0xfeb0,0xfed1,0xfed1,0xddac,0xee2d,0xfed1,0xfed1,
    0xfeb1,0xfed1,0xf5ed,0xc4a8,0xbc67,0xc4e9,0xbc68,0xfeb0,0xd58c,0xfef2,0xfef3,0xc571,0xff59,0xff5a,0xff7a,0xff39,
    0xff5a,0xde35,0xcdd3,0xcd0a,0xee2f,0xfef2,0xfed1,0xa3e6,0xa3e6,0xc4c8,0xc488,0xfe6e,0xdded,0xfeb0,0xfed2,0xfed2,
    0xe5cb,0xfed0,0xddee,0xfeb1,0xfeb0,0xfed2,0xfef2,0xddce,0xe5ee,0xdd6b,0x0000,0x0000,0x0000,0x6244,0xf759,0xde97,
    0xe672,0xfef2,0xfed2,0xfe90,0xfed2,0xfed1,0xcd0a,0xbca9,0xfeb0,0xfeb1,0xfef3,0xfeb1,0xfed2,0xfed1,0xfed2,0xfed1,
    0xc4a8,0xfed1,0xd58c,0xfed2,0xfed0,0xc4ca,0xff7b,0xff7b,0xff39,0xff7a,0xff39,0xde35,0xd56d,0xdd8c,0xee2f,0xfed2,
    0xff56,0xb448,0xdd8c,0xfed2,0xfed1,0xfed2,0xddac,0xfeb1,0xfed1,0xfeb1,0xccc9,0xfef2,0xddcd,0xf670,0xfed1,0xfef2,
    0xfef2,0xe673,0xde34,0xf719,0x59e4,0x0000,0x0000,0xccca,0xe60f,0xd5cf,0xde11,0xe71a,0xee0d,0xee4f,0xee2e,0xedee,
    0xbcaa,0xa3c6,0xee2f,0xee0e,0xee0e,0xee2f,0xf670,0xee2e,0xf691,0xee4f,0xdd8c,0xac27,0xac28,0xee2f,0xee2f,0xf62f,
    0xc52f,0xe6b7,0xee96,0xeed8,0xe676,0xc550,0xcd4c,0xddad,0xddcd,0xff36,0xac27,0xd56c,0xddac,0xf64f,0xf670,0xee2f,
    0xddce,0xee50,0xf64f,0xee2e,0xb427,0xee0e,0xd56b,0xddce,0xee2f,0xedec,0xe6b7,0xde11,0xd56d,0xe5ee,0xbc48,0x0000,
    0x0000,0x0820,0xf6b1,0xe5ee,0xddce,0xef7c,0xe630,0xee0e,0xe5cc,0xddac,0xa428,0x9bc6,0xe62f,0xe60e,0xee0e,0xee2f,
    0xedee,0xe5cd,0xe60f,0xee0e,0xee2f,0xdd8c,0x8b66,0x93c7,0xee2f,0xe5ef,0xb4ac,0xde55,0xe697,0xde55,0xe6b7,0xbd0f,
    0xcd4c,0xd5ae,0xe60f,0x8b66,0xcd2a,0xddad,0xd5ce,0xe5ac,0xe60f,0xe5ee,0xd5ad,0xddee,0xe5ee,0xee30,0x9bc6,0xe5cc,
    0xddad,0xddce,0xe60e,0xee0e,0xef19,0xddce,0xddad,0xee70,0x0000,0x0000,0x0000,0x8307,0x72c7,0x7b07,0xddae,0xfed1,
    0xffff,0xffde,0xfeb0,0xdd6b,0x8b66,0xcd09,0xfe90,0xfed1,0xfed1,0xfeb0,0xfed1,0xfed2,0xfe8f,0xfed1,0xfed1,0xfeb0,
    0xdd8c,0xb447,0xbc88,0xfed2,0xbced,0xff39,0xff5a,0xff5a,0xf718,0xc550,0xddae,0xc4e9,0xb468,0xcd0a,0xf62e,0xddad,
    0xddee,0xfed1,0xfeb0,0xfef2,0xddcd,0xf690,0xfef2,0xfed1,0xccc8,0xdd8c,0xee0e,0xf64f,0xfe6f,0xffde,0xfed0,0xe5ce,
    0x72a6,0x5a25,0x7b08,0x0000,0x7ae7,0xff9c,0xf6d6,0x9c4d,0x5225,0x72a6,0xfeb0,0xef3b,0xfe91,0xbc88,0x7b26,0xf64f,
    0xfe90,0xf62f,0xffbe,0xf79d,0xffdf,0xf7be,0xf7be,0xf7be,0xe5cc,0xfef2,0xf670,0xdd8c,0xe5ac,0xfeb0,0xcd2f,0xff39,
    0xff59,0xff9b,0xff59,0xbd2e,0xe5ce,0xcd0a,0xddad,0xee30,0xee4f,0xddac,0xe60f,0xfed2,0xfed2,0xfed1,0xddcd,0xf6b1,
    0xfef3,0xfeb0,0xf62e,0xbc88,0xddac,0xee51,0xf691,0xfed1,0x9367,0x5205,0xb510,0xeed7,0xffbc,0x51c4,0x72c6,0xff5a,
    0xff9b,0xbd92,0xbd92,0xcd71,0x6a65,0xff13,0xf6b5,0xbc88,0x9be8,0xf66e,0xfeb1,0xee0e,0xf62d,0xf64f,0xe5ac,0xe5ac,
    0xee0e,0xe5cd,0xe58b,0xfef2,0xee0d,0xe6fa,0xffde,0xfed2,0xc4ed,0xff7b,0xff59,0xff59,0xff5a,0xc550,0xdd8c,0xe5ee,
    0xee30,0xee4f,0xee2f,0xddad,0xe60e,0xfef2,0xfed2,0xfeb1,0xe5ee,0xfeb1,0xfeb0,0xfed3,0xfeb0,0xac07,0xdeb8,0xddce,
    0xfef3,0x6245,0xc592,0xeed7,0xd655,0xff5a,0xc592,0x8308,0x8307,0xff9c,0xeeb6,0xb530,0xd634,0xf718,0xc551,0x72c6,
    0xfeb0,0xb447,0xbcca,0xf6b0,0xfe90,0xe5cc,0xfed1,0xfeb0,0xfeb0,0xfed2,0xfed1,0xfeb0,0xe5cc,0xfeb0,0xf64f,0xe6b7,
    0xce36,0xfeb0,0xc54f,0xff38,0xff5a,0xff7a,0xff39,0xc52f,0xe5ee,0xd58c,0xd58d,0xd58d,0xee2e,0xe5cd,0xe5ee,0xfef2,
    0xfef1,0xfed1,0xddcd,0xfed1,0xfef2,0xfed0,0xfef3,0xb447,0xc4ea,0xfe8f,0x7b07,0xd634,0xff38,0xd614,0xbd50,0xe675,
    0xffbc,0x8b28,0x0000,0x7286,0xeeb6,0xb531,0xb50f,0xcdd2,0xcdb2,0xbd50,0xa3e6,0xdd8b,0xfe70,0xf66f,0xfe6f,0xe58b,
    0xfed0,0xfef2,0xfeb1,0xfed2,0xfed1,0xfed1,0xdd6b,0xfeb0,0xf66f,0xcd4b,0xf66f,0xfed1,0xbced,0xff5a,0xff39,0xff7a,
    0xff39,0xbd2e,0xddad,0xe5ee,0xee4f,0xf6b1,0xee0d,0xdd8c,0xddee,0xfeb0,0xfed1,0xfed1,0xddad,0xfeb1,0xfed1,0xfe8f,
    0xfeb1,0xe5cd,0xac27,0xa3c8,0xc591,0xde34,0xe696,0xbd50,0xb50f,0xbd0f,0x59c4,0x0000,0x0000,0x6266,0x6266,0x836a,
    0xbd72,0xe675,0x6225,0x5a05,0x0000,0xfe6f,0xee2f,0xee2d,0xfed1,0xeded,0xfef2,0xfeb0,0xfeaf,0xfed1,0xfeb0,0xfed1,
    0xdd8b,0xfef3,0xfe90,0xd56c,0xf671,0xfeaf,0xc52e,0xff7a,0xff39,0xff5a,0xff39,0xc56f,0xddad,0xe5ee,0xf64f,0xfed1,
    0xee2e,0xddcd,0xddce,0xfef1,0xfef2,0xfed1,0xe5ee,0xfeb1,0xff13,0xfed1,0xfe90,0xfe8f,0x6244,0x0000,0x6a45,0x49a4,
    0xeed6,0xcdd3,0x7b08,0x6226,0x3102,0x0000,0x0000,0x0000,0x0000,0x41a4,0x6245,0x7aa6,0x0000,0x0000,0x0000,0xfe90,
    0xeded,0xee2f,0xfed2,0xfed1,0xdd8b,0xfeb0,0xfed1,0xfef3,0xfed1,0xfeb0,0xdd8b,0xfef3,0xfe90,0xe73b,0xffde,0xfed2,
    0xc52f,0xff59,0xff5a,0xff5a,0xff59,0xc54f,0xe5ce,0xddf0,0xe6d8,0xee73,0xeded,0xddce,0xddad,0xfed2,0xfed2,0xfed1,
    0xe5ee,0xfed1,0xfed1,0xfed2,0xfed2,0xfeb0,0x5a24,0x0000,0x0000,0x0000,0x7ae6,0x5a25,0x2902,0x0000,0x0000,0x0000,
    0x0000,0x0000,0x0000,0x0000,0x0000,0x0000,0x0000,0x0000,0xbc88,0xfeb0,0xee2e,0xee2e,0xfed1,0xfeb0,0xfe8f,0xdd8b,
    0xdd4a,0xdd6a,0xddac,0xdd8a,0xfeb0,0xfed0,0xfeb0,0xdeb7,0xde97,0xfeb0,0xc52e,0xff5a,0xff7b,0xff7a,0xff39,0xbd2e,
    0xddce,0xddcd,0xf670,0xfef1,0xee0d,0xe5ee,0xddad,0xfef2,0xfed1,0xfed1,0xe5cd,0xfeb0,0xfef2,0xfed1,0xfed2,0xfeb0,
    0xb488,0xbca9,0x0000,0x0000,0x0000,0x0000,0x0000,0x0000,0x0000,0x0000,0x0000,0x0000,0x0000,0x0000,0x0000,0x0000,
    0x0000,0x0000,0xcce8,0xfef3,0xee0e,0xe5ed,0xf66f,0xfeb0,0xfed1,0xfeb1,0xfed2,0xfed1,0xfef3,0xfeb0,0xfef2,0xfeb0,
    0xee2f,0xd56d,0xf64f,0xfeb1,0xbd0e,0xff5a,0xff39,0xff7a,0xff38,0xbd2f,0xddad,0xddce,0xf670,0xfef2,0xee0d,0xe5cd,
    0xddce,0xfed2,0xfed1,0xfed2,0xddcd,0xfed2,0xfed1,0xfe8f,0xedcc,0xfed1,0xd58c,0xd54b,0x0000,0x0000,0x0000,0x0000,
    0x0000,0x0000,0x0000,0x0000,0x0000,0x0000,0x0000,0x0000,0x0000,0x0000,0x0000,0x0000,0xdd8b,0xff13,0xee0e,0xee0d,
    0xfeb0,0xfeb0,0xfed2,0xfe90,0xfed1,0xfeb1,0xfeb1,0xfef2,0xfef2,0xfed0,0xee2f,0xde11,0xf79d,0xfed0,0xc52e,0xeeb6,
    0xff17,0xf718,0xde34,0xbd50,0xddce,0xe5ce,0xf718,0xfed2,0xe5ed,0xedee,0xddce,0xfed0,0xfed2,0xf64e,0xdd8c,0xf66f,
    0xf64f,0xfeb1,0xfeb0,0xfef1,0xddcd,0xee4e,0x0000,0x0000,0x0000,0x0000,0x0000,0x0000,0x0000,0x0000,0x0000,0x0000,
    0x0000,0x0000,0x0000,0x0000,0x0000,0x0000,0x0000,0x72a4,0xdd6b,0xf64f,0xfeb1,0xfed0,0xfed1,0xfe8f,0xfeb0,0xfeb0,
    0xfe90,0xfeaf,0xfed1,0xfeaf,0xdd8c,0xef7c,0xffde,0xfe90,0x732a,0x83ad,0x838c,0x7b8c,0x8bcd,0x6b0a,0xc50b,0xdd8e,
    0xde12,0xee51,0xe58b,0xe5cd,0xd58c,0xf64e,0xfe91,0xfeb1,0xee2f,0xfed1,0xfed1,0xfed2,0xfed3,0xac08,0x0000,0x0000,
    0x0000,0x0000,0x0000,0x0000,0x0000,0x0000,0x0000,0x0000,0x0000,0x0000,0x0000,0x0000,0x0000,0x0000,0x0000,0x0000,
    0x0000,0x0000,0x4a48,0x5289,0x41e7,0x6aa7,0xac4a,0xb4ab,0xd58c,0xe5ad,0xee0e,0xe5cd,0xe5cc,0xe5ce,0xddad,0xbcaa,
    0xcce9,0xe58b,0xde55,0xd615,0xf75b,0xff9c,0xacd0,0xcdd3,0xbcab,0xcd2b,0xe5ef,0xe5ad,0xd56c,0xd54b,0xcd2b,0xddcd,
    0xe5cd,0xd58c,0xa429,0xac6b,0x6287,0x6287,0x5289,0x18a2,0x0000,0x0000,0x0000,0x0000,0x0000,0x0000,0x0000,0x0000,
    0x0000,0x0000,0x0000,0x0000,0x0000,0x0000,0x0000,0x0000,0x0000,0x0000,0x0000,0x0000,0x4208,0x4a28,0x5269,0x4208,
    0x8bcb,0x9c4d,0xc4eb,0xddae,0xe5cd,0xe5ad,0xeded,0xee0e,0xe56b,0xccea,0xfeb0,0xccea,0xa48e,0xf77b,0xb510,0xbd31,
    0xf75b,0xa48f,0xa429,0xd52a,0xedcd,0xf62e,0xdd6c,0xdd6b,0xd54c,0xee2e,0xe5ce,0xcd4c,0x9c2b,0x9c2c,0x39a6,0x4a49,
    0x4a48,0x1061,0x0000,0x0000,0x0000,0x0000,0x0000,0x0000,0x0000,0x0000,0x0000,0x0000,0x0000,0x0000,0x0000,0x0000,
    0x0000,0x0000,0x0000,0x0000,0x0000,0x1862,0x6b4d,0x7bcf,0x7b8e,0x9c70,0xff79,0xe675,0xff18,0xe655,0x5aaa,0x9cb0,
    0xa4d0,0x8c2e,0x8c2e,0x9c6f,0x630b,0x83ee,0x6b2b,0xff9c,0x62ea,0x83ce,0xff7a,0x7bae,0x8c30,0x5289,0x8bed,0x9c8f,
    0xa4d0,0xa4d0,0x83ed,0x5269,0x9c4f,0xf717,0xd635,0xeeb7,0xf6d6,0x7bae,0x7bae,0x28e3,0x0020,0x0000,0x0000,0x0000,
    0x0000,0x0000,0x0000,0x0000,0x0000,0x0000,0x0000,0x0000,0x0000,0x0000,0x0000,0x0000,0x0000,0x0000,0x0000,0x5a47,
    0x62eb,0x7bce,0x7bad,0xff38,0xff39,0xf739,0xff5a,0x7b8e,0x6b2c,0x7bae,0xce15,0xce16,0xb573,0xce16,0x8c0f,0x8c30,
    0x736d,0xff7b,0x62ea,0x7bad,0xffbd,0x83ce,0x83ee,0xc5f6,0xad32,0xc5f5,0xcdf5,0xde98,0x6b0b,0x7bae,0x83ce,0xf739,
    0xe6b7,0xf6d7,0xff59,0x944f,0x7bae,0x49c6,0x0000,0x0000,0x0000,0x0000,0x0000,0x0000,0x0000,0x0000,0x0000,0x0000,
    0x0000,0x0000,0x0000,0x0000,0x0000,0x0000,0x0000,0x0000,0x0000,0x20a2,0x5289,0xcdf4,0xff59,0xf739,0xff38,0xff39,
    0x83ce,0x840f,0x5aaa,0x7bae,0xc5d5,0xce57,0xb573,0xce36,0xce37,0x8c0f,0x83ad,0xff9b,0x6b0b,0x7bce,0xff9b,0x7bce,
    0x944f,0xc5d4,0xb573,0xce57,0xce16,0x83ce,0x630c,0x83cf,0x7bae,0x7bae,0xf6f7,0xf718,0xff7a,0xff38,0x8bee,0x20a2,
    0x0000,0x0000,0x0000,0x0000,0x0000,0x0000,0x0000,0x0000,0x0000,0x0000,0x0000,0x0000,0x0000,0x0000,0x0000,0x0000,
    0x0000,0x0000,0x0000,0x1882,0x4a06,0xff7a,0xff59,0xff59,0xff7a,0x736d,0x8410,0x8c30,0x62cb,0x8c30,0x83ef,0xce36,
    0xbd93,0xd678,0xce36,0xce37,0xa4d1,0xffdc,0x5268,0x6b2c,0xfffd,0x944e,0xce36,0xce15,0xad32,0xce37,0xd657,0x7bae,
    0x5aca,0x840f,0x8410,0x8c10,0x6b4c,0xc593,0xff7a,0xff59,0xff59,0x28a2,0x0000,0x0000,0x0000,0x0000,0x0000,0x0000,
    0x0000,0x0000,0x0000,0x0000,0x0000,0x0000,0x0000,0x0000,0x0000,0x0000,0x0000,0x0000,0x0000,0x0840,0x2903,0x942d,
    0xcdd4,0xd614,0x944f,0x62ca,0x62eb,0x5aaa,0x62ca,0x62cb,0x5aca,0x840f,0xad11,0xa4f1,0xa4f1,0x9caf,0x9c8f,0xb553,
    0x4a28,0x4a08,0xc593,0xa4d0,0xad32,0xa4f1,0xacf1,0xa4d1,0x83ce,0x6b0b,0x5aca,0x62cb,0x62eb,0x62cb,0x734c,0x944f,
    0xc592,0xcdf4,0x8bcd,0x1041,0x0000,0x0000,0x0000,0x0000,0x0000,0x0000,0x0000,0x0000,0x0000,0x0000,0x0000,0x0000,
    0x0000,0x0000,0x0000,0x0000,0x0000,0x0000,0x0000,0x0000,0x1061,0x3144,0xe696,0xf718,0x7bae,0x7bae,0x738e,0x7bce,
    0x6b0c,0x7bce,0x738d,0x736d,0xbd93,0xc5d5,0xc5f5,0xc5d5,0xc5f5,0x734b,0x2945,0x5269,0x734b,0xbdb4,0xc615,0xc5d4,
    0xb552,0xc5f5,0x734c,0x7bae,0x62eb,0x7b8e,0x83cf,0x7b8e,0x734c,0x738d,0xf759,0xeef8,0x3924,0x0000,0x0000,0x0000,
    0x0000,0x0000,0x0000,0x0000,0x0000,0x0000,0x0000,0x0000,0x0000,0x0000,0x0000,0x0000,0x0000,0x0000,0x0000,0x0000,
    0x0000,0x0000,0x1881,0x49c6,0xf6d7,0x7b8d,0x738d,0x736d,0x7bcf,0x83ef,0x6b0b,0x7bae,0x8c30,0x6b4c,0x6b2c,0xce36,
    0xce36,0xc5d5,0xc5d4,0x6b2b,0x20a2,0x1082,0x62eb,0xce56,0xc5f5,0xc5d4,0xb593,0x7b8d,0x83ef,0x7b8e,0x5aaa,0x7bce,
    0x83ef,0x7bae,0x62eb,0x738d,0x736d,0xf718,0x3924,0x0000,0x0000,0x0000,0x0000,0x0000,0x0000,0x0000,0x0000,0x0000,
    0x0000,0x0000,0x0000,0x0000,0x0000,0x0000,0x0000,0x0000,0x0000,0x0000,0x0000,0x0000,0x0820,0x1862,0xf718,0xf738,
    0xf739,0xf739,0xff5a,0xff7b,0xcdd3,0xff7a,0xff7b,0xe675,0xe6d8,0xf6f8,0xcdf5,0xc5f5,0x9c6f,0x5269,0x1041,0x1861,
    0x5aaa,0x8c2e,0xc5d5,0xc5d4,0xb531,0xf718,0xf75a,0xff7a,0xc592,0xff7a,0xf739,0xff59,0xde35,0xf6f8,0xf6f7,0xf739,
    0x28c3,0x0000,0x0000,0x0000,0x0000,0x0000,0x0000,0x0000,0x0000,0x0000,0x0000,0x0000,0x0000,0x0000,0x0000,0x0000,
    0x0000,0x0000,0x0000,0x0000,0x0000,0x0000,0x0000,0x0000,0x28e3,0x28c3,0x28c3,0x41c6,0x6ac8,0x6ac8,0x5a68,0x7309,
    0x6ac9,0x7b6b,0x7309,0x8bcc,0x93ec,0x8bcc,0x940d,0x940d,0x0000,0x0000,0xacf0,0xbd32,0x9c2e,0xacaf,0x7b4a,0x83ab,
    0x732a,0x7329,0x5246,0x7b49,0x7b29,0x6287,0x4185,0x2082,0x30e3,0x20a2,0x0000,0x0000,0x0000,0x0000,0x0000,0x0000,
    0x0000,0x0000,0x0000,0x0000,0x0000,0x0000,0x0000,0x0000,0x0000,0x0000,0x0000,0x0000,0x0000,0x0000,0x0000,0x0000,
    0x0000,0x0000,0x0000,0x0000,0x0020,0x5a25,0xff7a,0xff58,0xf739,0xff58,0xee95,0xb510,0xbd0f,0xac8d,0x940b,0x838a,
    0x3103,0x1861,0x0000,0x0000,0x1841,0x30e3,0x836a,0x9c2c,0x838a,0xb4ef,0xcd91,0xf6d6,0xd5d3,0xff7a,0xff16,0xff59,
    0x5a05,0x0000,0x0000,0x0000,0x0000,0x0000,0x0000,0x0000,0x0000,0x0000,0x0000,0x0000,0x0000,0x0000,0x0000,0x0000,
    0x0000,0x0000,0x0000,0x0000,0x0000,0x0000,0x0000,0x0000,0x0000,0x0000,0x0000,0x0000,0x0000,0x0000,0x5183,0xc4ab,
    0x7245,0x6a45,0x61e4,0x6a45,0xbc4a,0xbd0f,0xf6f7,0xff59,0xcdb1,0xc550,0x6205,0x0000,0x0000,0x0000,0x0000,0x59e4,
    0xde13,0xf695,0xcdd3,0xe696,0xffdc,0xac09,0x9b88,0x59e4,0x6a25,0x6a25,0xbc4a,0x30e2,0x0000,0x0000,0x0000,0x0000,
    0x0000,0x0000,0x0000,0x0000,0x0000,0x0000,0x0000,0x0000,0x0000,0x0000,0x0000,0x0000,0x0000,0x0000,0x0000,0x0000,
    0x0000,0x0000,0x0000,0x0000,0x0000,0x0000,0x0000,0x0000,0x3943,0xff9b,0xff59,0xff9b,0xbd30,0xff99,0x9368,0x9347,
    0x8ae7,0xff79,0xfef6,0xee53,0x59c4,0x0000,0x0000,0x0000,0x0000,0x59a4,0xf694,0xee73,0xcdd3,0x9b68,0xa3a8,0x9368,
    0xbd30,0xee75,0xff59,0xff9a,0xff9a,0x28c1,0x0000,0x0000,0x0000,0x0000,0x0000,0x0000,0x0000,0x0000,0x0000,0x0000,
    0x0000,0x0000,0x0000,0x0000,0x0000,0x0000,0x0000,0x0000,0x0000,0x0000,0x0000,0x0000,0x0000,0x0000,0x0000,0x0000,
    0x0000,0x0000,0x38e2,0x72a7,0x8308,0x7ac7,0x5a05,0xde14,0x6225,0x7266,0xa3a9,0x6205,0xa3e9,0x9ba9,0x30c1,0x0000,
    0x0000,0x0000,0x1062,0x1020,0xa387,0x9b88,0x7aa6,0x7aa6,0x7ac6,0x7aa7,0xbcef,0x5183,0x82e7,0x8328,0x72a6,0x1860,
    0x0041,0x0020,0x0000,0x0000,0x0000,0x0000,0x0000,0x0000,0x0000,0x0000,0x0000,0x0000,0x0000,0x0000,0x0000,0x0000,
    0x0000,0x0000,0x0000,0x0000,0x0000,0x0000,0x0000,0x0000,0x0000,0x0000,0x0000,0x0021,0x28a1,0x82c6,0x82c6,0x7a86,
    0x6a44,0x7ac6,0x61e3,0x59e4,0xa3c9,0x59c3,0xac09,0x9b89,0x0000,0x0000,0x0021,0x0000,0x0841,0x0820,0x9368,0x9b88,
    0x7a85,0x7aa5,0x7a85,0x82e7,0x72a6,0x7265,0x8b07,0x7ac6,0x82e6,0x38e2,0x0021,0x0841,0x0000,0x0020,0x0000,0x0000,
    0x0000,0x0000,0x0000,0x0000,0x0000,0x0000,0x0000,0x0000,0x0000,0x0000,0x0000,0x0000,0x0000,0x0000,0x0000,0x0000,
    0x0000,0x0000,0x1062,0x1062,0x0862,0x0842,0x1040,0xb44b,0xac0a,0xbc6b,0x9ba9,0xabe9,0x9ba8,0x9b68,0x8b27,0x1860,
    0x0000,0x0820,0x1083,0x0000,0x0862,0x0862,0x0000,0x0862,0x1861,0x0000,0x0000,0xb44a,0x9b88,0xa3e9,0x9368,0xbc4b,
    0xac09,0xabea,0xa3c9,0x3102,0x0000,0x0862,0x1083,0x0842,0x0000,0x0000,0x0000,0x0000,0x0000,0x0000,0x0000,0x0000,
    0x0000,0x0000,0x0000,0x0000,0x0000,0x0000,0x0000,0x0000,0x0000,0x0000,0x0000,0x0000,0x0000,0x10a3,0x0021,0x1083,
    0x10a3,0x2081,0x30c2,0x28a1,0x1840,0x30c2,0x30e2,0x1861,0x2081,0x0862,0x1083,0x0842,0x1082,0x10a3,0x1062,0x1083,
    0x1083,0x1083,0x0862,0x0862,0x1062,0x28a1,0x2081,0x2081,0x28a1,0x2081,0x2081,0x30e2,0x1861,0x0000,0x18a4,0x1083,
    0x18c4,0x0000,0x0000,0x0000,0x0000,0x0000,0x0000,0x0000,0x0000,0x0000,0x0000,0x0000,0x0000,0x0000,0x0000,0x0000,
    0x0000,0x0000,0x0000,0x0000,0x0000,0x0000,0x0000,0x0000,0x0000,0x0000,0x1083,0x10a3,0x0000,0x1083,0x0000,0x18a3,
    0x1083,0x0000,0x1082,0x1083,0x0862,0x0862,0x18a3,0x0000,0x1083,0x0000,0x10a3,0x1083,0x0000,0x1062,0x1083,0x1083,
    0x0000,0x1083,0x0000,0x1083,0x1083,0x0000,0x10a3,0x10a3,0x0000,0x1082,0x0000,0x0000,0x0000,0x0000,0x0000,0x0000,
    0x0000,0x0000,0x0000,0x0000,0x0000,0x0000,0x0000,0x0000,0x0000,0x0000,0x0000,0x0000,0x0000,0x0000,0x0000,0x0000,
    0x0000,0x0000,0x0000,0x0000,0x0000,0x0000,0x0000,0x0000,0x0000,0x0000,0x0000,0x0000,0x10a3,0x0000,0x0000,0x0000,
    0x10a3,0x0000,0x1082,0x10a3,0x0000,0x0000,0x1083,0x0000,0x0000,0x0000,0x1083,0x0000,0x0000,0x0000,0x0000,0x0000,
    0x0000,0x0000,0x0000,0x0000,0x0000,0x0000,0x0000,0x0000,0x0000,0x0000,0x0000,0x0000,0x0000,0x0000,0x0000,0x0000,
};
/* freezing-puffer.png; source sha256 f17426c89c2d1d681db76d808399bd9cc3fbb83fbc9e0e870d57acc1a28ba899; crop (370, 470, 884, 1109) */
static const uint16_t muse_wardrobe_pixels_7[] = {
    0x0000,0x0000,0x0000,0x0000,0x0000,0x0000,0x0000,0x0000,0x0000,0x0000,0x0000,0x0000,0x0000,0x0000,0x0000,0x0000,
    0x0000,0x0000,0x0000,0x0000,0x0820,0x0020,0x0000,0x28e2,0x6205,0x7a66,0x7246,0x7246,0x28e2,0x20a1,0x92c7,0x8286,
    0x7246,0x49a4,0x7245,0x51a4,0x0000,0x0000,0x0000,0x0000,0x0000,0x0000,0x0000,0x0000,0x0000,0x0000,0x0000,0x0000,
    0x0000,0x0000,0x0000,0x0000,0x0000,0x0000,0x0000,0x0000,0x0000,0x0000,0x0000,0x0000,0x0000,0x0000,0x0000,0x0000,
    0x0000,0x0000,0x0000,0x0000,0x0000,0x0000,0x0000,0x0000,0x0000,0x0000,0x0000,0x0000,0x0000,0x0000,0x8286,0x7225,
    0x59e5,0x4984,0x4184,0x3943,0x4164,0x4164,0x28c2,0x20c1,0x7a46,0x61e5,0x51a4,0x59c4,0x7226,0x8286,0x7a46,0x4963,
    0x4984,0x4984,0x0000,0x0000,0x0000,0x0000,0x0000,0x0000,0x0000,0x0000,0x0000,0x0000,0x0000,0x0000,0x0000,0x0000,
    0x0000,0x0000,0x0000,0x0000,0x0000,0x0000,0x0000,0x0000,0x0000,0x0000,0x0000,0x0000,0x0000,0x0000,0x0000,0x0000,
    0x0000,0x0000,0x0000,0x0000,0x0000,0x4964,0x6a26,0x7a46,0x4184,0x3123,0x2903,0x2902,0x3963,0x3943,0x4163,0x4163,
    0x20a1,0x20c1,0x61e5,0x51a4,0x61e4,0x4983,0x59c4,0x51a4,0x51a4,0x3943,0x59c4,0x7a66,0x7205,0x4143,0x3922,0x0000,
    0x0000,0x0000,0x0000,0x0000,0x0000,0x0000,0x0000,0x0000,0x0000,0x0000,0x0000,0x0000,0x0000,0x0000,0x0000,0x0000,
    0x0000,0x0000,0x0000,0x0000,0x0000,0x0000,0x0000,0x0000,0x0000,0x0000,0x0000,0x0000,0x0000,0x1040,0x1061,0x4963,
    0x4163,0x4163,0x3943,0x28e2,0x3123,0x3103,0x3103,0x3123,0x3123,0x3123,0x1881,0x1061,0x4984,0x4163,0x49a4,0x4143,
    0x4163,0x4163,0x4183,0x3123,0x4984,0x51a4,0x51a4,0x3923,0x4143,0x0820,0x0000,0x0000,0x0000,0x0000,0x0000,0x0000,
    0x0000,0x0000,0x0000,0x0000,0x0000,0x0000,0x0000,0x0000,0x0000,0x0000,0x0000,0x0000,0x0000,0x0000,0x0000,0x0000,
    0x0000,0x0000,0x0000,0x0000,0x0000,0x0000,0x0000,0x7246,0x51a4,0x8287,0x3943,0x4163,0x4143,0x3943,0x3123,0x3103,
    0x3943,0x4143,0x4163,0x4143,0x20c2,0x20c2,0x61e5,0x59e4,0x59c4,0x4984,0x59c4,0x59c4,0x61e5,0x3923,0x51c4,0x59c4,
    0x59e5,0x61e5,0x6a25,0x30e2,0x0000,0x0000,0x0000,0x0000,0x0000,0x0000,0x0000,0x0000,0x0000,0x0000,0x0000,0x0000,
    0x0000,0x0000,0x0000,0x0000,0x0000,0x0000,0x0000,0x0000,0x0000,0x0000,0x0000,0x0000,0x0000,0x0000,0x0000,0x0000,
    0x8287,0x3122,0x3123,0x4164,0x3123,0x4163,0x3103,0x3122,0x3943,0x20c2,0x3102,0x3943,0x3103,0x3943,0x1881,0x28c2,
    0x4984,0x4163,0x4963,0x3943,0x4984,0x51a4,0x4984,0x3102,0x49a4,0x51a4,0x5184,0x59c4,0x3943,0x6a05,0x28c2,0x0000,
    0x0000,0x0000,0x0000,0x0000,0x0000,0x0000,0x0000,0x0000,0x0000,0x0000,0x0000,0x0000,0x0000,0x0000,0x0000,0x0000,
    0x0000,0x0000,0x0000,0x0000,0x0000,0x0000,0x0000,0x0000,0x0000,0x7a66,0x3943,0x20c2,0x18a1,0x8287,0x7a87,0x8266,
    0x8aa7,0x82a6,0x6a05,0x4984,0x7246,0x82a7,0x7225,0x8aa7,0x8286,0x6a05,0x8ac7,0x7a66,0x7246,0x6a05,0x8286,0x7a66,
    0x8287,0x59a4,0x8287,0x8a87,0x61c5,0x5184,0x20c2,0x3102,0x61e5,0x1040,0x0000,0x0000,0x0000,0x0000,0x0000,0x0000,
    0x0000,0x0000,0x0000,0x0000,0x0000,0x0000,0x0000,0x0000,0x0000,0x0000,0x0000,0x0000,0x0000,0x0000,0x0000,0x0000,
    0x0000,0x0000,0x1881,0x3102,0x61e5,0x61e5,0x7226,0x7a66,0x5184,0x7a46,0x5184,0x59a4,0x1881,0x3102,0x20c2,0x51a4,
    0x61c4,0x5184,0x3922,0x18a1,0x3923,0x5184,0x69e5,0x3102,0x5184,0x4963,0x61c4,0x20c2,0x4963,0x61c4,0x6a05,0x7246,
    0x59c5,0x61e5,0x3102,0x1881,0x0000,0x0000,0x0000,0x0000,0x0000,0x0000,0x0000,0x0000,0x0000,0x0000,0x0000,0x0000,
    0x0000,0x0000,0x0000,0x0000,0x0000,0x0000,0x0000,0x0000,0x0000,0x0000,0x0000,0x0000,0x1061,0x4143,0x8286,0x3923,
    0x59a4,0x4143,0x51a4,0x4963,0x51c4,0x20a1,0x28e2,0x28e2,0x59c4,0x3943,0x4963,0x4163,0x3923,0x20c1,0x4963,0x4143,
    0x4163,0x4143,0x4143,0x4963,0x3943,0x3922,0x3102,0x4963,0x51a4,0x59c4,0x4163,0x7266,0x7a86,0x2081,0x0000,0x0000,
    0x0000,0x0000,0x0000,0x0000,0x0000,0x0000,0x0000,0x0000,0x0000,0x0000,0x0000,0x0000,0x0000,0x0000,0x0000,0x0000,
    0x0000,0x0000,0x0000,0x0000,0x0000,0x1040,0x8286,0x6a05,0x51a4,0x30e2,0x61c4,0x4143,0x4963,0x4123,0x3923,0x5184,
    0x3943,0x3102,0x4143,0x3923,0x4143,0x59a4,0x4143,0x3923,0x4143,0x5184,0x30e2,0x3902,0x51a4,0x6205,0x4943,0x28c2,
    0x30e2,0x61c4,0x4143,0x3922,0x28e2,0x4963,0x7a86,0x8287,0x1861,0x0000,0x0000,0x0000,0x0000,0x0000,0x0000,0x0000,
    0x0000,0x0000,0x0000,0x0000,0x0000,0x0000,0x0000,0x0000,0x0000,0x0000,0x0000,0x0000,0x0000,0x0000,0x0000,0x4143,
    0x8aa7,0x61c4,0x4143,0x4963,0x3902,0x4143,0x4984,0x3923,0x4964,0x4143,0x4143,0x3102,0x3922,0x51a4,0x59e5,0x4984,
    0x4143,0x30e2,0x59a4,0x3923,0x4963,0x3923,0x51a4,0x59a4,0x59c4,0x20c2,0x59c5,0x3922,0x4143,0x4143,0x4984,0x51a4,
    0x3923,0x7246,0x4984,0x0000,0x0000,0x0000,0x0000,0x0000,0x0000,0x0000,0x0000,0x0000,0x0000,0x0000,0x0000,0x0000,
    0x0000,0x0000,0x0000,0x0000,0x0000,0x0000,0x0000,0x0000,0x0000,0x82a7,0x5184,0x4143,0x61c4,0x4143,0x3923,0x4984,
    0x4963,0x61c4,0x7225,0x4123,0x3102,0x3902,0x59c5,0x4943,0x4963,0x4963,0x59a4,0x3102,0x4143,0x59a4,0x4984,0x4964,
    0x59c5,0x4143,0x59a4,0x3922,0x4163,0x5163,0x4143,0x4963,0x3903,0x4963,0x4984,0x4963,0x8287,0x0000,0x0000,0x0000,
    0x0000,0x0000,0x0000,0x0000,0x0000,0x0000,0x0000,0x0000,0x0000,0x0000,0x0000,0x0000,0x0000,0x0000,0x0000,0x0000,
    0x0000,0x0000,0x3923,0x8aa7,0x30e2,0x5183,0x59a4,0x4143,0x30e2,0x61e5,0x4963,0x4123,0x5184,0x4964,0x30e2,0x3902,
    0x3923,0x4984,0x4984,0x5184,0x4143,0x4143,0x4143,0x4143,0x4143,0x4964,0x4143,0x61c4,0x5184,0x3102,0x3943,0x4123,
    0x5183,0x5184,0x4963,0x4963,0x3923,0x51a4,0x6a25,0x30e2,0x0020,0x0000,0x0000,0x0000,0x0000,0x0000,0x0000,0x0000,
    0x0000,0x0000,0x0000,0x0000,0x0000,0x0000,0x0000,0x0000,0x0000,0x0000,0x0000,0x0000,0x3923,0x7a46,0x7a46,0x5184,
    0x59c4,0x61e5,0x4963,0x4163,0x3923,0x4963,0x5163,0x4163,0x3102,0x18a1,0x3922,0x51a4,0x4143,0x59a4,0x4983,0x3102,
    0x3102,0x3943,0x4963,0x3102,0x59c4,0x4963,0x4143,0x28c2,0x4963,0x4123,0x4143,0x4143,0x28c2,0x4963,0x6205,0x3923,
    0x59c4,0x20c2,0x0000,0x0000,0x0000,0x0000,0x0000,0x0000,0x0000,0x0000,0x0000,0x0000,0x0000,0x0000,0x0000,0x0000,
    0x0000,0x0000,0x0000,0x0000,0x0000,0x0000,0x20e2,0x5184,0x4143,0x4143,0x3902,0x20a1,0x30e2,0x30e2,0x3922,0x3102,
    0x3102,0x28e2,0x20a1,0x28c2,0x28c2,0x3902,0x3923,0x4123,0x3102,0x1881,0x4143,0x3943,0x30e2,0x3102,0x4143,0x30e2,
    0x3923,0x18a1,0x28c2,0x4143,0x28e2,0x3102,0x3102,0x3102,0x3102,0x3923,0x4943,0x28c2,0x0820,0x0000,0x0000,0x0000,
    0x0000,0x0000,0x0000,0x0000,0x0000,0x0000,0x0000,0x0000,0x0000,0x0000,0x0000,0x0000,0x0000,0x0000,0x0000,0x0000,
    0x28e2,0x7246,0x59c4,0x28c2,0x4163,0x4963,0x28c1,0x5184,0x3102,0x3923,0x5184,0x4143,0x3102,0x28e2,0x30e2,0x59c5,
    0x4143,0x4143,0x3923,0x3902,0x20c2,0x3122,0x4984,0x4143,0x4964,0x61e5,0x3923,0x28e2,0x3923,0x3102,0x3903,0x3943,
    0x20c2,0x3903,0x3923,0x4143,0x59c5,0x30e2,0x0820,0x0000,0x0000,0x0000,0x0000,0x0000,0x0000,0x0000,0x0000,0x0000,
    0x0000,0x0000,0x0000,0x0000,0x0000,0x0000,0x0000,0x0000,0x0000,0x0000,0x20c2,0x59c4,0x59a4,0x3102,0x3102,0x28c2,
    0x2081,0x30e2,0x3923,0x3923,0x28c2,0x3102,0x1881,0x1881,0x28e2,0x3102,0x30e2,0x28c2,0x28c2,0x20c2,0x20a1,0x30e2,
    0x3102,0x28c2,0x3902,0x28c2,0x3902,0x1881,0x30e2,0x4143,0x3902,0x3102,0x18a1,0x3902,0x4143,0x4143,0x5184,0x20a1,
    0x0820,0x0000,0x0000,0x0000,0x0000,0x0000,0x0000,0x0000,0x0000,0x0000,0x0000,0x0000,0x0000,0x0000,0x0000,0x0000,
    0x0000,0x0000,0x0000,0x0820,0x3923,0x4143,0x5183,0x28e2,0x3923,0x20a1,0x2081,0x4123,0x3923,0x28e2,0x8328,0x8b48,
    0x8308,0x8329,0x7b08,0x6aa8,0x7ae8,0x8b49,0x72e8,0x5226,0x7ae8,0x72c7,0x7b08,0x72a7,0x8328,0x6a66,0x7287,0x3964,
    0x72a7,0x3922,0x4123,0x28e2,0x28c2,0x3102,0x3923,0x4163,0x4963,0x28e2,0x0820,0x0000,0x0000,0x0000,0x0000,0x0000,
    0x0000,0x0000,0x0000,0x0000,0x0000,0x0000,0x0000,0x0000,0x0000,0x0000,0x0000,0x0000,0x0000,0x1881,0x3943,0x28c2,
    0x5984,0x4143,0x4143,0x4123,0x4143,0x3122,0x3122,0x3102,0xc52f,0xbcee,0xbd0f,0xbd0f,0xcd70,0xaccf,0xbcef,0xc50f,
    0xc550,0xa44d,0xc52f,0xc52f,0xc530,0xb4ce,0xc550,0xc50f,0xbd0f,0x940c,0xc50f,0x3902,0x3943,0x3922,0x4163,0x3923,
    0x3923,0x51a4,0x1881,0x3102,0x20a1,0x0000,0x0000,0x0000,0x0000,0x0000,0x0000,0x0000,0x0000,0x0000,0x0000,0x0000,
    0x0000,0x0000,0x0000,0x0000,0x0000,0x0000,0x0000,0x4984,0x4143,0x2902,0x28c2,0x8286,0x4963,0x18a1,0x20a1,0x8b8a,
    0xfe93,0xfed5,0xfe94,0xf6b5,0xfed5,0xfef6,0xfef6,0xb50f,0xfef6,0xfed6,0xf6b5,0xb4ef,0xff16,0xff17,0xfeb4,0xcdb2,
    0xff37,0xfeb5,0xff37,0xa4ae,0xfeb4,0xfeb4,0xc52f,0x28c2,0x28c1,0x5184,0x7246,0x28c2,0x20c2,0x3943,0x59c4,0x0020,
    0x0000,0x0000,0x0000,0x0000,0x0000,0x0000,0x0000,0x0000,0x0000,0x0000,0x0000,0x0000,0x0000,0x0000,0x0000,0x0000,
    0x0000,0x51a4,0x3943,0x3923,0x3923,0x6a25,0x28e2,0xd570,0xa46d,0xfeb5,0xfeb4,0xfe94,0xfed6,0xee75,0xfed6,0xfef6,
    0xfed5,0xbd51,0xff18,0xff17,0xfef7,0xbd51,0xff17,0xff17,0xfef6,0xc592,0xfed6,0xff17,0xfed6,0xacef,0xfef6,0xfe94,
    0xfe94,0xac8d,0xddd2,0x28c2,0x61e5,0x4984,0x28e2,0x3943,0x4984,0x0820,0x0000,0x0000,0x0000,0x0000,0x0000,0x0000,
    0x0000,0x0000,0x0000,0x0000,0x0000,0x0000,0x0000,0x0000,0x0000,0x0000,0x3102,0x4984,0x3943,0x3102,0x8266,0x8266,
    0x3943,0xfed5,0xc550,0xfef5,0xff38,0xfef6,0xfeb5,0xf6f7,0xff38,0xfed6,0xff17,0xc592,0xff7a,0xfef7,0xff17,0xc5b3,
    0xff38,0xff17,0xff38,0xc592,0xff18,0xfef6,0xff18,0xacf0,0xfed5,0xff18,0xff17,0xbd30,0xfed5,0x51a4,0x61c5,0x8286,
    0x28e2,0x3923,0x4984,0x20a1,0x0000,0x0000,0x0000,0x0000,0x0000,0x0000,0x0000,0x0000,0x0000,0x0000,0x0000,0x0000,
    0x0000,0x0000,0x0000,0x0820,0x4984,0x4163,0x4163,0x28e2,0x7a66,0x28e2,0xc52f,0xf675,0xc551,0xee55,0xe633,0xe675,
    0xee95,0x0000,0x0000,0x0000,0xf6f8,0xc5d4,0xee75,0xf6f7,0xf6d7,0xbd51,0xeeb7,0xee75,0xe675,0xd615,0xee96,0x0000,
    0x0000,0x18c2,0xee95,0xe675,0xf675,0xbd10,0xf695,0xbd0f,0x3902,0x7a46,0x20a1,0x4143,0x3943,0x59c5,0x0000,0x0000,
    0x0000,0x0000,0x0000,0x0000,0x0000,0x0000,0x0000,0x0000,0x0000,0x0000,0x0000,0x0000,0x0000,0x0020,0x59e5,0x4184,
    0x3943,0x28e2,0x61c4,0x20a1,0xb4ce,0xfed5,0xc592,0xff58,0xfef6,0xf6b5,0xff17,0x0820,0x0861,0x0000,0xf6f8,0xc5d4,
    0xfef7,0xff38,0xff39,0xb531,0xf6f7,0xff59,0xf6d6,0xde14,0xf6d7,0x0861,0x0000,0x20e3,0xff18,0xfed6,0xfef7,0xc572,
    0xff38,0xbcee,0x3902,0x6a05,0x20c2,0x3943,0x4984,0x51a4,0x0000,0x0000,0x0000,0x0000,0x0000,0x0000,0x0000,0x0000,
    0x0000,0x0000,0x0000,0x0000,0x0000,0x0000,0x0000,0x1061,0x59e5,0x4163,0x3943,0x28c2,0x5184,0x4123,0xd5b2,0xfeb5,
    0xbd30,0xfed6,0xff17,0xff18,0x0000,0xffff,0xffff,0x0000,0x0000,0x1061,0xff59,0xff38,0xfef6,0xc5d3,0xff17,0xff18,
    0xff18,0x18a2,0x0841,0xffff,0x0000,0x0000,0x0000,0xfef7,0xff38,0xbd10,0xfef6,0xcd71,0x5184,0x61e4,0x20a1,0x4163,
    0x3943,0x51c4,0x0000,0x0000,0x0000,0x0000,0x0000,0x0000,0x0000,0x0000,0x0000,0x0000,0x0000,0x0000,0x0000,0x0000,
    0x20a1,0x59c4,0x3943,0x4163,0x3123,0x3102,0x7a46,0x38e2,0xe5f2,0xfed6,0xbd51,0xff38,0xff16,0xfed5,0x0000,0x0000,
    0x0000,0x0000,0x0000,0x1081,0xff38,0xff18,0xff18,0xbd72,0xff59,0xfef7,0xfef7,0x10a2,0x0000,0x0000,0x0000,0x0000,
    0x0000,0xff17,0xfef6,0xacce,0xff58,0xe613,0x30e2,0x61c4,0x28e2,0x3943,0x4164,0x4164,0x59c5,0x0000,0x0000,0x0000,
    0x0000,0x0000,0x0000,0x0000,0x0000,0x0000,0x0000,0x0000,0x0000,0x0000,0x4984,0x3123,0x3123,0x2902,0x2902,0x3103,
    0x4963,0x28a1,0xd5b1,0xcd71,0xbd71,0xd614,0xcd92,0xd5f3,0xac8e,0x0000,0x0000,0x0000,0xbd30,0xa4af,0xd5f4,0xd614,
    0xde35,0xb531,0xde14,0xd614,0xcdb2,0xa4af,0xc572,0x0000,0x0000,0x18a2,0xc550,0xd5d3,0xd5f3,0xb530,0xcd92,0xd5b2,
    0x30e2,0x61e5,0x28c2,0x3102,0x28e2,0x3923,0x4984,0x1061,0x0000,0x0000,0x0000,0x0000,0x0000,0x0000,0x0000,0x0000,
    0x0000,0x0000,0x0000,0x0000,0x59c5,0x3943,0x3943,0x4163,0x3943,0x2902,0x4143,0x4123,0xfef6,0xff16,0xbd0f,0xff17,
    0xff17,0xff37,0xfef6,0x0841,0x0840,0x0841,0xff38,0xcdb3,0xff38,0xff37,0xff38,0xc593,0xff37,0xff37,0xff38,0xd5f3,
    0xff39,0x0841,0x0840,0x3164,0xff17,0xff17,0xff38,0xbd51,0xfef5,0xfed5,0x3902,0x4963,0x3102,0x3943,0x4984,0x4163,
    0x51a4,0x1881,0x0000,0x0000,0x0000,0x0000,0x0000,0x0000,0x0000,0x0000,0x0000,0x0000,0x0000,0x0000,0x51a4,0x3943,
    0x3943,0x4163,0x3123,0x3943,0x7246,0x3923,0xf673,0xfeb5,0xb510,0xf6d6,0xed12,0xff16,0xfef7,0xeeb6,0xfef6,0xfed6,
    0xfef6,0xc5b3,0xff18,0xfef7,0xfef7,0xc572,0xff38,0xfef7,0xf6d6,0xcdf3,0xfed6,0xfed6,0xfef7,0xa4af,0xf6b5,0xf512,
    0xfef6,0xbd30,0xff17,0xee95,0x4964,0x61e5,0x28e2,0x3923,0x4163,0x4163,0x4163,0x51a4,0x0000,0x0000,0x0000,0x0000,
    0x0000,0x0000,0x0000,0x0000,0x0000,0x0000,0x0000,0x4984,0x3943,0x3102,0x28e2,0x3943,0x3102,0x3923,0x61a4,0x3902,
    0xf695,0xfed5,0xb46f,0xecb1,0xff58,0xfd33,0xf531,0xfeb5,0xff17,0xfef7,0xfed5,0xc571,0xf719,0x0000,0xf739,0xc592,
    0xff39,0x0000,0xfef7,0xc571,0xff17,0xfef7,0xff17,0xac8f,0xf4f2,0xff79,0xf553,0xc4ef,0xfeb5,0xf673,0x3902,0x6a05,
    0x3102,0x28e2,0x4163,0x3923,0x3943,0x4984,0x20a1,0x0000,0x0000,0x0000,0x0000,0x0000,0x0000,0x0000,0x0000,0x0000,
    0x0000,0x4143,0x2902,0x2923,0x41a6,0x3123,0x20c2,0x3102,0x5163,0x3923,0xb4ce,0xb4ef,0xac8f,0xb44e,0xcc8f,0xbcd0,
    0xbcd0,0xc591,0xbd30,0xb530,0xbd0f,0xad10,0xc592,0x41e6,0x41e6,0x39c5,0x49e6,0x49e6,0xbd51,0xb531,0xad10,0xbd31,
    0xbd31,0xa46e,0xbcb0,0xc4f0,0xbc4f,0xb510,0xbd11,0xa44d,0x28c1,0x4963,0x28e2,0x20c2,0x3102,0x41a6,0x30e2,0x3923,
    0x20a2,0x0000,0x0000,0x0000,0x0000,0x0000,0x0000,0x0000,0x0000,0x0000,0x0000,0x51a4,0x3943,0x3185,0x4208,0x3123,
    0x28e2,0x3102,0x4123,0x4123,0xc550,0xff17,0xacae,0xf6d6,0xf512,0xff17,0xf6b5,0xf6b6,0xfed6,0xfeb6,0xfed5,0xbd71,
    0xfef7,0xfed6,0x0000,0x0000,0x0000,0xfed6,0xfed6,0xcdb2,0xfef6,0xfeb5,0xfef6,0xa4ae,0xfed6,0xf512,0xfef6,0xb4ef,
    0xff17,0xc530,0x30e2,0x61e4,0x3102,0x28e2,0x3943,0x39e7,0x28e2,0x4984,0x28c2,0x0000,0x0000,0x0000,0x0000,0x0000,
    0x0000,0x0000,0x0000,0x0000,0x0000,0x4984,0x3943,0x28c2,0x20a1,0x3943,0x3102,0x51a4,0x4963,0x28c2,0x3186,0xee32,
    0xacae,0xff17,0xfed6,0xfe94,0xfed5,0xf6b5,0xf6b4,0xfed5,0xfed6,0xbd51,0xfeb5,0xfef7,0xfed6,0xbd51,0xfed6,0xff17,
    0xfed5,0xc550,0xfeb5,0xf695,0xfed6,0xac8e,0xfe94,0xfe94,0xff17,0xc550,0xf653,0x31a7,0x28c2,0x59a4,0x4963,0x28c2,
    0x3943,0x20c2,0x3123,0x4163,0x28c2,0x0000,0x0000,0x0000,0x0000,0x0000,0x0000,0x0000,0x0000,0x0000,0x0000,0x7a86,
    0x2902,0x3923,0x4163,0x3923,0x20a1,0x8aa7,0x61c4,0x528a,0x8c31,0x39c7,0x2966,0x6ac9,0xfe93,0xfeb5,0xfef6,0xf674,
    0xcdb1,0xddf3,0xfef7,0xde12,0xfeb5,0xff17,0xfef6,0xacae,0xfed5,0xfed6,0xfeb4,0xc571,0xfe93,0xfed5,0xfeb5,0xaccf,
    0xfeb4,0xfeb4,0xac8d,0x39c7,0x3186,0x7bcf,0x4a6a,0x4943,0x8287,0x28c2,0x4143,0x4984,0x3943,0x3102,0x28c2,0x0000,
    0x0000,0x0000,0x0000,0x0000,0x0000,0x0000,0x0000,0x0000,0x0000,0x61e5,0x59c4,0x3102,0x20c2,0x3103,0x82a7,0x6a05,
    0x2081,0x630c,0x73ae,0xa514,0x7bcf,0x7bcf,0x4228,0x4228,0xbcef,0xee53,0xaccf,0xe614,0xcd6f,0xe5f0,0xc50f,0xe613,
    0xbcad,0xa42c,0xf694,0xcd70,0xfe73,0xac8d,0xddb1,0xfeb4,0xbcee,0x6ae9,0x39c7,0x4229,0x4a69,0x9cd3,0x9cd3,0x6b4d,
    0x5acb,0x28c2,0x6a05,0x7226,0x28e2,0x28e2,0x4164,0x7225,0x0800,0x0000,0x0000,0x0000,0x0000,0x0000,0x0000,0x0000,
    0x0000,0x0000,0x0000,0x0000,0x6a05,0x59c4,0x59a4,0x8286,0x59a4,0x28c2,0x4229,0x6b6d,0x73ae,0x738e,0x4a69,0x9cd3,
    0x94b2,0x9cd3,0x4a49,0x4208,0x31a7,0x31a7,0x39e8,0x4208,0x6b2d,0x7b4a,0x93aa,0x7b29,0x4a49,0x62eb,0x41e8,0x3186,
    0x4228,0x41e8,0x4a69,0x4208,0x9cb2,0xa513,0x9492,0x6b6d,0x630c,0x736d,0x6b6d,0x4a49,0x30e2,0x59a4,0x92e8,0x7246,
    0x7a66,0x0000,0x0000,0x0000,0x0000,0x0000,0x0000,0x0000,0x0000,0x0000,0x0000,0x0000,0x0000,0x0000,0x0000,0x1061,
    0x28e2,0x28c2,0x28e2,0x10a3,0x31a6,0x630c,0x6b2d,0x6b6d,0x5acb,0x736e,0x73ce,0x6b6d,0x8c71,0x8c71,0x632c,0x738e,
    0x9cd3,0x9492,0x6b4d,0x2945,0xef5c,0xa535,0x2125,0x6b2c,0x9492,0x8c71,0x9492,0x9492,0x8c51,0x5acb,0x73ae,0x73ae,
    0x6b4d,0x73ae,0x6b4d,0x630c,0x5acb,0x39c7,0x2104,0x30e2,0x30e2,0x30e2,0x0020,0x0000,0x0000,0x0000,0x0000,0x0000,
    0x0000,0x0000,0x0000,0x0000,0x0000,0x0000,0x0000,0x2125,0x94d3,0x632c,0x6b6e,0x528a,0x39e8,0x630c,0x39e8,0x2945,
    0x5acb,0x6b4d,0x5aeb,0x632d,0x73ae,0x7bef,0x7bae,0x6b6d,0x528a,0x630c,0x7bcf,0x73ae,0x630c,0x2966,0xb595,0xb595,
    0x2125,0x5aeb,0x7bcf,0x632c,0x73ae,0x736d,0x738e,0x4a69,0x7bcf,0x738e,0x6b4d,0x6b4d,0x52aa,0x5acb,0x2946,0x39c7,
    0x630c,0x3186,0x52aa,0x738e,0xad75,0x18e3,0x0000,0x0000,0x0000,0x0000,0x0000,0x0000,0x0000,0x0000,0x0000,0x0000,
    0x2124,0xbdb7,0x7bef,0x632c,0x62eb,0x94b2,0x630b,0x39c7,0x7bef,0x52aa,0x31a7,0x2105,0x3186,0x5aec,0x630c,0x6b4d,
    0x738e,0x6b4d,0x5aeb,0x528a,0x7bcf,0x6b2c,0x6b6d,0x3186,0xe6b9,0xd637,0x3186,0x632c,0x630c,0x6b4d,0x6b4d,0x738e,
    0x6b4d,0x4208,0x632c,0x5acb,0x5aeb,0x39e8,0x2125,0x2966,0x5acb,0x73ce,0x4229,0x4a69,0x8430,0x9471,0x7bcf,0xad75,
    0x4228,0x0000,0x0000,0x0000,0x0000,0x0000,0x0000,0x0000,0x0000,0x2104,0xad75,0x5aeb,0x5b0c,0x4a49,0x528a,0x6b4d,
    0x630c,0x2945,0x528a,0x738e,0x630c,0x52aa,0x3186,0x39c7,0x39a7,0x39e8,0x528a,0x5aeb,0x4a49,0x4228,0x528a,0x528a,
    0x528a,0x18e4,0xad13,0xbd95,0x18c3,0x4249,0x528a,0x4a49,0x528a,0x528a,0x4a8a,0x39e8,0x4229,0x3186,0x31a7,0x4228,
    0x4a49,0x630c,0x6b6d,0x52ab,0x2104,0x6b4d,0x6b2c,0x738e,0x630c,0x6b4d,0x94b2,0x2104,0x18a3,0x0000,0x0000,0x0000,
    0x0000,0x0000,0x0000,0x2966,0x73ae,0x630c,0x52ab,0x4a6a,0x630c,0x632c,0x6b4d,0x2946,0x4a69,0x6b6d,0x630c,0x6b6d,
    0x4208,0x31a7,0x2965,0x39c7,0x528a,0x4a49,0x4a49,0x4a49,0x52aa,0x528a,0x528a,0x2125,0xc5f6,0xbdb5,0x2966,0x526a,
    0x4a69,0x4a6a,0x52ab,0x4a69,0x4a49,0x31a7,0x4a69,0x3186,0x2945,0x52aa,0x52ab,0x630c,0x738e,0x52aa,0x2925,0x6b6d,
    0x738e,0x630c,0x6b4d,0x630c,0x528a,0x3186,0x18c3,0x0000,0x0000,0x0000,0x0000,0x0000,0x0000,0xa534,0x31a7,0x39e8,
    0x52aa,0x5aab,0x632c,0x738e,0x738e,0x5acb,0x3186,0x9492,0x9cd3,0x738e,0x5aeb,0x8410,0x6b4d,0x5aec,0x31a7,0x2966,
    0x2966,0x2966,0x31a7,0x3186,0x4229,0x39c7,0x526a,0x39e8,0x3186,0x4a49,0x31a6,0x3166,0x39c7,0x31a7,0x2966,0x2104,
    0x4208,0x630c,0x738e,0x8c71,0x73ae,0x9cd3,0x8c71,0x31a7,0x4a49,0x73ae,0x73ae,0x7bef,0x6b6d,0x4208,0x31a7,0xad75,
    0x528a,0x0000,0x0000,0x0000,0x0000,0x0000,0x2125,0x8c71,0x9cd3,0x5aeb,0x31a7,0x2966,0x2965,0x6b6d,0x6b4d,0x2966,
    0x4a49,0x8430,0x8430,0x9492,0x6b4d,0x9cd3,0x94b2,0x8c71,0x9cd3,0xa514,0x5b0c,0x738e,0xa513,0x94b2,0x630c,0x31c7,
    0xd699,0xb595,0x3186,0x6b4d,0xa514,0x8c51,0x94b2,0x9cb2,0x9cf3,0x630c,0x94b2,0x9492,0x94b2,0x7bcf,0x7bcf,0x8430,
    0x738e,0x4a6a,0x2966,0x630c,0x738e,0x5aeb,0x31a7,0x6b4d,0x94b2,0x738e,0x8410,0x10a3,0x0000,0x0000,0x0000,0x2966,
    0x8c71,0x73ae,0x738e,0x6b4d,0x8430,0x5aeb,0x39e8,0x39c7,0x5acb,0x2104,0x5aeb,0x73ae,0x7bcf,0x7bef,0x6b6d,0x8410,
    0x7bcf,0x73ae,0x7bef,0x7bcf,0x5aeb,0x632c,0x73ae,0x7bcf,0x8410,0x4208,0xce38,0x8410,0x4208,0x9cb2,0x73ae,0x7bae,
    0x7bae,0x7bcf,0x7bce,0x526a,0x8410,0x7bef,0x7bcf,0x73ae,0x6b6d,0x73ae,0x73ae,0x630c,0x20e4,0x5acb,0x31a7,0x4208,
    0x8c71,0x8c51,0x6b6d,0x6b4d,0x6b4d,0x9cb3,0x2946,0x0000,0x0000,0x2125,0x39c7,0x528a,0x7bcf,0x6b6d,0x630c,0x4a49,
    0x73ae,0x5aeb,0x2966,0x18c4,0x4a49,0x6b4d,0x6b6d,0x738e,0x632c,0x4a69,0x4a6a,0x632c,0x7bcf,0x73ae,0x630c,0x630c,
    0x7bcf,0x7bce,0x6b6d,0x4a49,0x94b2,0xb5b6,0x3a08,0x7bef,0x73ae,0x6b6d,0x7bcf,0x7bcf,0x738e,0x528a,0x7bcf,0x4a49,
    0x4a6a,0x630c,0x632c,0x738e,0x6b4d,0x4a6a,0x18c3,0x2966,0x5acb,0x738e,0x7bcf,0x73ae,0x738e,0x528a,0x4a49,0x39c7,
    0x2104,0x0000,0x1060,0x61e5,0x28e2,0x28c2,0x31a6,0x4a8a,0x5aec,0x52ab,0x5aeb,0x5b0c,0x18a3,0x5acb,0x6b4d,0x4a49,
    0x4208,0x4a49,0x4a49,0x632c,0x39e7,0x4229,0x738d,0x73ae,0x5acb,0x5aeb,0x632c,0x738e,0x6b4d,0x39e8,0xd6ba,0xad75,
    0x4228,0x630c,0x6b4d,0x6b4d,0x738e,0x7bef,0x5acb,0x5aab,0x630c,0x41e8,0x6b6d,0x4a69,0x4a49,0x4a49,0x4228,0x632c,
    0x528a,0x1062,0x5aeb,0x738e,0x7bef,0x630c,0x39e8,0x1881,0x1881,0x30e2,0x6a25,0x1040,0x6a25,0x6a25,0x3102,0x4984,
    0x3123,0x2081,0x2125,0x39c7,0x526a,0x526a,0x2125,0x73ae,0x9cf3,0xa514,0x9cd3,0x73ae,0x4228,0x9cf3,0x4229,0x4a69,
    0x4a49,0x4a49,0x39c7,0x3186,0x4249,0x4228,0x4a69,0x4208,0xa534,0xad34,0x4208,0x4a69,0x4208,0x4229,0x4a49,0x4208,
    0x4a29,0x3166,0x4a6a,0x39e8,0x9491,0x4208,0x7bef,0x9cd3,0x9cd3,0x8430,0x738e,0x2125,0x528a,0x5aeb,0x39e8,0x20a1,
    0x28c2,0x49a4,0x3123,0x51c4,0x4164,0x6205,0x4163,0x6a25,0x3102,0x51a4,0x4143,0x3943,0x3102,0x1881,0x1860,0x3186,
    0x4228,0x738e,0x7bcf,0x8410,0x738e,0x39c7,0xa534,0x7bcf,0x3186,0x9cd3,0x9cf3,0x9492,0x630c,0x738e,0x9cd3,0x94b2,
    0x6b6d,0x4208,0x7bcf,0x7bce,0x39c7,0x738e,0x94b2,0x7bef,0x9cd3,0x9492,0x94b2,0x630c,0x8c51,0x31a7,0x738e,0x94b2,
    0x4208,0x7bef,0x7bef,0x7bcf,0x73ae,0x4208,0x2946,0x18a2,0x28c2,0x51a4,0x3943,0x4984,0x4984,0x59c4,0x61e5,0x6a25,
    0x3943,0x4143,0x28e2,0x3102,0x2902,0x28e2,0x3922,0x28e2,0x1860,0x0841,0x4208,0x5aeb,0x5aeb,0x6b4d,0x39e7,0x6b6d,
    0x6b4d,0x31a7,0x630c,0x6b4d,0x630c,0x6b6d,0x52aa,0x5aec,0x6b6d,0x6b2c,0x738d,0x39e7,0x8c50,0x840f,0x31a6,0x738e,
    0x6b4d,0x6b4d,0x632c,0x62ec,0x6b4d,0x4a49,0x6b4d,0x630c,0x31a7,0x6b6d,0x632c,0x39c7,0x630c,0x5aab,0x630c,0x4229,
    0x0820,0x20a1,0x3102,0x4143,0x3102,0x3102,0x28e2,0x3102,0x3943,0x4984,0x51c5,0x6205,0x28e2,0x49a4,0x4984,0x30e2,
    0x3123,0x3943,0x20a1,0x0000,0x528a,0x6b6d,0x738e,0x632c,0x4208,0x9cd3,0x5aeb,0x39c7,0x8410,0x8410,0x73ae,0x7bef,
    0x632c,0x632c,0x8430,0x7bae,0x7bef,0x4229,0x7c10,0x8410,0x39c7,0x94b2,0x7bef,0x738e,0x83ef,0x8410,0x83f0,0x4a49,
    0x8c51,0x7bcf,0x31a7,0x5aeb,0x9cb2,0x39e8,0x7bcf,0x738e,0x73ae,0x528a,0x0000,0x28c2,0x4984,0x4984,0x18a1,0x4984,
    0x4163,0x3922,0x59e5,0x7266,0x0000,0x7286,0x4163,0x4163,0x3923,0x1881,0x4163,0x3923,0x1881,0x0842,0x39a7,0x4a49,
    0x6b4c,0x39c7,0x8430,0x73ae,0x39c7,0x52ab,0x7bcf,0x738e,0x7bcf,0x7bef,0x630c,0x6b6d,0x7bce,0x7bcf,0x738e,0x4a49,
    0xc617,0xc617,0x4208,0x7bcf,0x7bef,0x6b4d,0x840f,0x7bef,0x7bce,0x52aa,0x8410,0x7bef,0x6b4d,0x4208,0x7bef,0x8430,
    0x39c7,0x6b4d,0x4229,0x39c7,0x1062,0x2081,0x51a4,0x28e2,0x1881,0x4163,0x2903,0x4963,0x6205,0x0000,0x0000,0x0020,
    0x0020,0x3102,0x3923,0x28e2,0x1881,0x1861,0x0800,0x18c4,0x630c,0x6b4d,0x4a49,0x31a7,0x7bef,0x4228,0x2965,0x632c,
    0x6b2d,0x73ae,0x7bef,0x7bcf,0x528a,0x6b4d,0x7bcf,0x6b6d,0x738e,0x4228,0x9cd3,0x8c71,0x4208,0x738e,0x736d,0x6b6d,
    0x7bef,0x73ae,0x7bef,0x4a49,0x738e,0x7bcf,0x630b,0x4208,0x39e8,0x738e,0x3187,0x4208,0x5aeb,0x630c,0x18c3,0x0820,
    0x1881,0x20a1,0x3922,0x28e2,0x28e2,0x0840,0x0820,0x0000,0x0000,0x0000,0x0000,0x28c2,0x28c2,0x20a1,0x0000,0x0000,
    0x0000,0x2104,0x9492,0x6b4d,0x6b6e,0x3186,0x5aeb,0x18e4,0x52aa,0x73af,0x738e,0x73ae,0x5acb,0x52aa,0x5acb,0x52aa,
    0x6b8d,0x630c,0x6b6d,0x3186,0xce38,0x73af,0x39e8,0x632c,0x5aeb,0x528a,0x5acb,0x6b4d,0x738e,0x528a,0x632c,0x738e,
    0x73ae,0x632c,0x1904,0x632c,0x2966,0x6b4d,0x7bef,0x6b4d,0x2946,0x0000,0x0000,0x20a1,0x28c2,0x20a1,0x28c2,0x0000,
    0x0000,0x0000,0x0000,0x0000,0x0000,0x0000,0x0000,0x0000,0x0000,0x0000,0x0000,0x2105,0x630c,0x736e,0x5aeb,0x4228,
    0x2965,0x5acb,0x5aeb,0x630c,0x6b4d,0x6b4d,0x630c,0x6b4d,0x528a,0x4a69,0x6b6d,0x738e,0x5acb,0x39e7,0x8410,0x94b2,
    0x39c7,0x6b2c,0x6b4d,0x5aeb,0x5aeb,0x6b4d,0x6b4d,0x5269,0x6b6d,0x632c,0x6b6d,0x630c,0x5aeb,0x3186,0x528a,0x632c,
    0x630c,0x632c,0x2966,0x0000,0x0000,0x0000,0x0000,0x0000,0x0000,0x0000,0x0000,0x0000,0x0000,0x0000,0x0000,0x0000,
    0x0000,0x0000,0x0000,0x0000,0x0000,0x2125,0x6b6d,0x6b6d,0x7bce,0x7bef,0x738e,0x7bcf,0x630c,0x73ae,0x6b6d,0x6b6d,
    0x7bef,0x632c,0x4228,0x528a,0x6b6d,0x5aeb,0x5acb,0x39e8,0x9492,0x7bf0,0x39e7,0x6b4d,0x6b6d,0x62ec,0x73ae,0x5acb,
    0x73ae,0x528a,0x6b6d,0x632c,0x738d,0x73ae,0x630c,0x73ae,0x73ae,0x738e,0x6b4d,0x5b0b,0x2125,0x0000,0x0000,0x0000,
    0x0000,0x0000,0x0000,0x0000,0x0000,0x0000,0x0000,0x0000,0x0000,0x0000,0x0000,0x0000,0x0000,0x0000,0x0000,0x0020,
    0x2966,0x2966,0x4a6a,0x528a,0x4a69,0x4a29,0x39e7,0x52aa,0x4a49,0x4229,0x528a,0x52aa,0x4208,0x39c7,0x4a49,0x528a,
    0x52ab,0x4208,0xd6da,0xc617,0x31a7,0x4a69,0x4a69,0x4208,0x4a49,0x5aeb,0x4a6a,0x2945,0x39e8,0x4a49,0x4a49,0x528a,
    0x3186,0x4a6a,0x4229,0x4228,0x2105,0x2925,0x0000,0x0000,0x0000,0x0000,0x0000,0x0000,0x0000,0x0000,0x0000,0x0000,
    0x0000,0x0000,0x0000,0x0000,0x0000,0x0000,0x0000,0x0000,0x0000,0x0000,0x18c3,0x2104,0x18e4,0x1082,0x10a3,0x10a3,
    0x0842,0x18c3,0x18c3,0x1082,0x10a3,0x1083,0x1082,0x1082,0x10a3,0x18c3,0x10a3,0x1083,0x20e4,0x1082,0x18c3,0x18c3,
    0x18c3,0x1083,0x18c3,0x18c4,0x1082,0x0862,0x18c4,0x18a3,0x18c3,0x18e4,0x10a3,0x10a3,0x18e4,0x18e4,0x2125,0x10a3,
    0x0000,0x0000,0x0000,0x0000,0x0000,0x0000,0x0000,0x0000,0x0000,0x0000,0x0000,0x0000,0x0000,0x0000,0x0000,0x0000,
    0x0000,0x0000,0x0000,0x0000,0x1082,0x4a49,0x2945,0x528a,0x2945,0x4228,0x2966,0x4a69,0x39a7,0x4a49,0x2945,0x4228,
    0x2145,0x2125,0x3186,0x2945,0x39c7,0x1082,0x528a,0x2966,0x31a6,0x10a3,0x39c7,0x2966,0x39c7,0x2125,0x4229,0x2945,
    0x2966,0x4a49,0x31a7,0x39c7,0x3186,0x4a49,0x4a49,0x2145,0x4208,0x1062,0x0000,0x0000,0x0000,0x0000,0x0000,0x0000,
    0x0000,0x0000,0x0000,0x0000,0x0000,0x0000,0x0000,0x0000,0x0000,0x0000,0x0000,0x0000,0x0000,0x0000,0x0000,0x20e4,
    0x4a49,0x3186,0x4a6a,0x31a7,0x39c7,0x31a7,0x4a49,0x4a6a,0x4a6a,0x31c7,0x39c7,0x2945,0x4229,0x39c7,0x4208,0x18c3,
    0x4a8a,0x2104,0x18e4,0x31a6,0x4a49,0x31a6,0x31a6,0x4a6a,0x4208,0x2966,0x4229,0x4a6a,0x4a69,0x4229,0x3186,0x4a49,
    0x3187,0x4a6a,0x10a3,0x0000,0x0000,0x0000,0x0000,0x0000,0x0000,0x0000,0x0000,0x0000,0x0000,0x0000,0x0000,0x0000,
    0x0000,0x0000,0x0000,0x0000,0x0000,0x0000,0x0000,0x0000,0x0000,0x1082,0x39e7,0x4229,0x4229,0x4a6a,0x31a6,0x4a6a,
    0x4a49,0x4a6a,0x4208,0x41e8,0x3186,0x2965,0x31c7,0x31a7,0x2104,0x18c3,0x10a3,0x18c3,0x2965,0x18e4,0x2125,0x2966,
    0x526a,0x528a,0x528a,0x2104,0x528a,0x528a,0x52aa,0x4229,0x39e8,0x4a6a,0x4229,0x2966,0x0862,0x0000,0x0000,0x0000,
    0x0000,0x0000,0x0000,0x0000,0x0000,0x0000,0x0000,0x0000,0x0000,0x0000,0x0000,0x0000,0x0000,0x0000,0x0000,0x0000,
    0x0000,0x0000,0x0000,0x1082,0x4249,0x4249,0x4249,0x31a7,0x39e7,0x4a49,0x4a49,0x39c7,0x4229,0x39c7,0x39e7,0x2945,
    0x31a6,0x31a7,0x2965,0x31a7,0x1083,0x1082,0x2125,0x2966,0x3186,0x31a7,0x4208,0x4a6a,0x31a7,0x2124,0x4228,0x4a69,
    0x39e8,0x4208,0x2925,0x39c7,0x4208,0x31a7,0x0862,0x0000,0x0000,0x0000,0x0000,0x0000,0x0000,0x0000,0x0000,0x0000,
    0x0000,0x0000,0x0000,0x0000,0x0000,0x0000,0x0000,0x0000,0x0000,0x0000,0x0000,0x0000,0x0000,0x0000,0x18c3,0x3186,
    0x4a49,0x2125,0x2945,0x39c7,0x4229,0x4229,0x528a,0x39c7,0x39e8,0x2966,0x39e8,0x4208,0x39c7,0x2104,0x0862,0x0861,
    0x2125,0x3186,0x31a7,0x31a7,0x4a6a,0x4a6a,0x39c7,0x2966,0x4a69,0x4208,0x31a6,0x2945,0x4a49,0x4a6a,0x2945,0x10a3,
    0x0000,0x0000,0x0000,0x0000,0x0000,0x0000,0x0000,0x0000,0x0000,0x0000,0x0000,0x0000,0x0000,0x0000,0x0000,0x0000,
    0x0000,0x0000,0x0000,0x0000,0x0000,0x0000,0x0000,0x0000,0x0000,0x0000,0x18c3,0x1082,0x7b09,0x7b2a,0x18c3,0x18c3,
    0x18e4,0x1082,0x1082,0x0841,0x2104,0x1082,0x1083,0x1082,0x0000,0x0000,0x1082,0x10a3,0x1082,0x10a3,0x10a3,0x18a3,
    0x18e4,0x1082,0x18c3,0x18c3,0x5a46,0x6aa7,0x0000,0x1083,0x0862,0x0000,0x0000,0x0000,0x0000,0x0000,0x0000,0x0000,
    0x0000,0x0000,0x0000,0x0000,0x0000,0x0000,0x0000,0x0000,0x0000,0x0000,0x0000,0x0000,0x0000,0x0000,0x0000,0x0000,
    0x0000,0x0000,0x0000,0x0000,0x0000,0x2902,0xff9a,0xacd0,0xff18,0xf738,0x3943,0x20c2,0x28e2,0x1881,0x20a1,0x28c2,
    0x1881,0x0000,0x0000,0x0000,0x0000,0x1881,0x20a1,0x20a1,0x20a1,0x28e2,0x3103,0x20c2,0xe676,0xff17,0xd614,0xff59,
    0x28c2,0x0000,0x0000,0x0000,0x0000,0x0000,0x0000,0x0000,0x0000,0x0000,0x0000,0x0000,0x0000,0x0000,0x0000,0x0000,
    0x0000,0x0000,0x0000,0x0000,0x0000,0x0000,0x0000,0x0000,0x0000,0x0000,0x0000,0x0000,0x0000,0x0000,0x20a1,0xeef9,
    0x49c5,0x3943,0x3943,0x4184,0x51a4,0x49a4,0x3102,0x30e2,0x3923,0x3943,0x28c2,0x0000,0x0000,0x0000,0x0000,0x3102,
    0x3943,0x30e2,0x4983,0x4984,0x51c4,0x3943,0x4184,0x3943,0x3943,0x51c5,0x7287,0x30e2,0x0000,0x0000,0x0000,0x0000,
    0x0000,0x0000,0x0000,0x0000,0x0000,0x0000,0x0000,0x0000,0x0000,0x0000,0x0000,0x0000,0x0000,0x0000,0x0000,0x0000,
    0x0000,0x0000,0x0000,0x0000,0x0000,0x0000,0x0000,0x0000,0x4184,0x49c5,0x6a46,0x6a25,0x51c4,0x4984,0x51c4,0x4164,
    0x28e2,0x20c1,0x3943,0x4184,0x28e2,0x0000,0x0000,0x0000,0x0000,0x3123,0x4184,0x3922,0x3102,0x3943,0x49a4,0x3922,
    0x59e5,0x6a46,0x7a66,0x6205,0x49c4,0x5a05,0x0000,0x0000,0x0000,0x0000,0x0000,0x0000,0x0000,0x0000,0x0000,0x0000,
    0x0000,0x0000,0x0000,0x0000,0x0000,0x0000,0x0000,0x0000,0x0000,0x0000,0x0000,0x0000,0x0000,0x0000,0x0000,0x0000,
    0x0000,0x6a87,0xc572,0x3943,0x4984,0x3943,0x4163,0x4984,0x4984,0x49a4,0x49c5,0xacae,0xf6f7,0xde13,0x1061,0x0000,
    0x0000,0x0000,0x0000,0x20a1,0xde34,0xde35,0xde34,0x6aa8,0x51a4,0x20a1,0x4984,0x51a4,0x4163,0x4184,0x3143,0x93ec,
    0x6267,0x0000,0x0000,0x0000,0x0000,0x0000,0x0000,0x0000,0x0000,0x0000,0x0000,0x0000,0x0000,0x0000,0x0000,0x0000,
    0x0000,0x0000,0x0000,0x0000,0x0000,0x0000,0x0000,0x0000,0x0000,0x0000,0x10a3,0x7308,0xff17,0xff9a,0xc592,0xff59,
    0xff59,0xff38,0xff38,0xde34,0xc551,0x3123,0x49a4,0x4184,0x0000,0x0000,0x1083,0x0000,0x1082,0x0000,0x3964,0x3964,
    0x3943,0xff9b,0xff38,0xb532,0xff58,0xff17,0xff18,0xe696,0xf6f7,0xff17,0x7b09,0x0000,0x0000,0x0000,0x0000,0x0000,
    0x0000,0x0000,0x0000,0x0000,0x0000,0x0000,0x0000,0x0000,0x0000,0x0000,0x0000,0x0000,0x0000,0x0000,0x0000,0x0000,
    0x0000,0x0000,0x18a4,0x1083,0x18c4,0x0000,0x72c8,0x6267,0x5247,0x6aa8,0x5a67,0x5226,0x6ae8,0x49c5,0x49a5,0x0000,
    0x0000,0x10a3,0x0000,0x10a3,0x1083,0x0862,0x1083,0x0020,0x1083,0x0000,0x0000,0x51e5,0x72e9,0x62a8,0x62a8,0x6ac8,
    0x7309,0x5a87,0x6aa8,0x72c8,0x0020,0x18c4,0x1083,0x18c4,0x0000,0x0000,0x0000,0x0000,0x0000,0x0000,0x0000,0x0000,
    0x0000,0x0000,0x0000,0x0000,0x0000,0x0000,0x0000,0x0000,0x0000,0x0000,0x0000,0x0000,0x0000,0x18c4,0x0000,0x1083,
    0x18a2,0x0000,0x1082,0x0000,0x0000,0x1082,0x0000,0x0000,0x0000,0x0862,0x1083,0x10a3,0x18c4,0x1083,0x1083,0x1082,
    0x1083,0x1083,0x10a3,0x10a3,0x0862,0x0000,0x1062,0x0000,0x0000,0x0000,0x1061,0x0000,0x0000,0x0841,0x0000,0x10a4,
    0x18c4,0x0000,0x0000,0x0000,0x0000,0x0000,0x0000,0x0000,0x0000,0x0000,0x0000,0x0000,0x0000,0x0000,0x0000,0x0000,
    0x0000,0x0000,0x0000,0x0000,0x0000,0x0000,0x0000,0x0000,0x0000,0x0000,0x10a3,0x0000,0x10a3,0x0000,0x10a3,0x10a3,
    0x0000,0x1083,0x1083,0x0021,0x18a4,0x10a3,0x0000,0x18a4,0x0000,0x0821,0x18c3,0x0000,0x18c3,0x0000,0x0841,0x1083,
    0x1083,0x0000,0x10a3,0x10a3,0x18a3,0x0000,0x10a3,0x18c3,0x0000,0x0000,0x0000,0x0000,0x0000,0x0000,0x0000,0x0000,
    0x0000,0x0000,0x0000,0x0000,0x0000,0x0000,0x0000,0x0000,0x0000,0x0000,0x0000,0x0000,0x0000,0x0000,0x0000,0x0000,
    0x0000,0x0000,0x0000,0x0000,0x0000,0x0000,0x0000,0x0000,0x0000,0x0000,0x0000,0x10a3,0x0841,0x0000,0x0000,0x1083,
    0x0000,0x1083,0x18c4,0x0000,0x0000,0x1083,0x0000,0x0000,0x1083,0x1083,0x0000,0x0000,0x0000,0x0000,0x0000,0x0000,
    0x0000,0x0000,0x0000,0x0000,0x0000,0x0000,0x0000,0x0000,0x0000,0x0000,0x0000,0x0000,0x0000,0x0000,0x0000,0x0000,
};
/* cold-rain-parka.png; source sha256 9d2864872d11bf5bb7d2c9345fd0ccbe81f4c338b147c95ce71a4cc5d2b0d86d; crop (377, 439, 864, 1091) */
static const uint16_t muse_wardrobe_pixels_8[] = {
    0x0000,0x0000,0x0000,0x0000,0x0000,0x0000,0x0000,0x0000,0x0000,0x0000,0x0000,0x0000,0x0000,0x0000,0x0000,0x0000,
    0x0000,0x0000,0x0000,0x0000,0x0000,0x0000,0x4164,0x4144,0x4144,0x3103,0x4164,0x3923,0x3943,0x3964,0x28e2,0x3943,
    0x3103,0x1061,0x0000,0x0000,0x0000,0x0000,0x0000,0x0000,0x0000,0x0000,0x0000,0x0000,0x0000,0x0000,0x0000,0x0000,
    0x0000,0x0000,0x0000,0x0000,0x0000,0x0000,0x0000,0x0000,0x0000,0x0000,0x0000,0x0000,0x0000,0x0000,0x0000,0x0000,
    0x0000,0x0000,0x0000,0x0000,0x0000,0x0000,0x0000,0x0000,0x0000,0x4164,0x4184,0x3103,0xcdb3,0xc592,0x9c4e,0xc593,
    0xc551,0xc572,0xbd11,0xacaf,0x9c6e,0xa48e,0xacd0,0x3144,0x4164,0x4184,0x0000,0x0000,0x0000,0x0000,0x0000,0x0000,
    0x0000,0x0000,0x0000,0x0000,0x0000,0x0000,0x0000,0x0000,0x0000,0x0000,0x0000,0x0000,0x0000,0x0000,0x0000,0x0000,
    0x0000,0x0000,0x0000,0x0000,0x0000,0x0000,0x0000,0x0000,0x0000,0x0000,0x0000,0x0000,0x0000,0x4164,0x3123,0xc571,
    0x8bac,0xcdd3,0xc592,0xc551,0xa48f,0xc572,0xc551,0xc572,0xbd11,0xacaf,0x942d,0xacf0,0x9c4e,0x8bcc,0xbd51,0xbd31,
    0x3103,0x0000,0x0000,0x0000,0x0000,0x0000,0x0000,0x0000,0x0000,0x0000,0x0000,0x0000,0x0000,0x0000,0x0000,0x0000,
    0x0000,0x0000,0x0000,0x0000,0x0000,0x0000,0x0000,0x0000,0x0000,0x0000,0x0000,0x0000,0x0000,0x0000,0x0000,0x0000,
    0x0000,0x0000,0x3123,0xc571,0xc592,0xbd31,0x62a8,0xc572,0xc572,0xc531,0x9c4e,0xb4f0,0xc572,0xb4f0,0xb510,0xb4f0,
    0x8bcc,0xb511,0x940d,0xa48f,0xa46e,0xa48f,0xc592,0x3103,0x3943,0x0000,0x0000,0x0000,0x0000,0x0000,0x0000,0x0000,
    0x0000,0x0000,0x0000,0x0000,0x0000,0x0000,0x0000,0x0000,0x0000,0x0000,0x0000,0x0000,0x0000,0x0000,0x0000,0x0000,
    0x0000,0x0000,0x0000,0x0000,0x0000,0x0000,0x1881,0x3964,0xc572,0xc593,0xbd10,0xbd31,0x8bec,0xc592,0xc551,0xc551,
    0x940d,0xbd31,0xbd30,0xbd51,0xbd51,0xb510,0x942d,0xbd10,0xbd31,0xc551,0x7b4a,0xbd10,0xbd10,0xb4ef,0xc572,0x3103,
    0x0000,0x0000,0x0000,0x0000,0x0000,0x0000,0x0000,0x0000,0x0000,0x0000,0x0000,0x0000,0x0000,0x0000,0x0000,0x0000,
    0x0000,0x0000,0x0000,0x0000,0x0000,0x0000,0x0000,0x0000,0x0000,0x0000,0x0000,0x4164,0x6ac9,0xcdd3,0xa48e,0x9c4e,
    0x9c2d,0xacaf,0xacaf,0x9c2d,0x9c6e,0x942d,0x940d,0x9c2e,0x9c2d,0x9c4d,0x9c2d,0x9c4e,0x838b,0x93ec,0x9c4e,0xacb0,
    0x6b09,0x9c2d,0xa46e,0x9c4d,0x9c2d,0xbd10,0x4184,0x0000,0x0000,0x0000,0x0000,0x0000,0x0000,0x0000,0x0000,0x0000,
    0x0000,0x0000,0x0000,0x0000,0x0000,0x0000,0x0000,0x0000,0x0000,0x0000,0x0000,0x0000,0x0000,0x0000,0x0000,0x0000,
    0x0020,0x4984,0x62a9,0x9c6e,0x942d,0x9c2e,0x9c4e,0xb4f0,0xa44e,0x940d,0xa46e,0x9c4e,0x8bec,0x8bec,0x940c,0x8bec,
    0x9c2d,0x9c2d,0x7b8b,0xa46e,0x9c4d,0xacaf,0x7309,0x942e,0x940d,0x93ec,0x940d,0x9c4e,0x3944,0x0000,0x0000,0x0000,
    0x0000,0x0000,0x0000,0x0000,0x0000,0x0000,0x0000,0x0000,0x0000,0x0000,0x0000,0x0000,0x0000,0x0000,0x0000,0x0000,
    0x0000,0x0000,0x0000,0x0000,0x0000,0x0000,0x3923,0xbd30,0x8bec,0xc571,0xb510,0xb510,0x942d,0x7309,0x940d,0x93ec,
    0xc551,0xbd10,0x9c4e,0xbd11,0xc551,0xbd30,0xbd51,0xb4f0,0x8bec,0xc551,0x93ec,0x8bac,0x7b6a,0xa48f,0xacaf,0xacd0,
    0xb4cf,0xb4d0,0xb4cf,0x3943,0x0000,0x0000,0x0000,0x0000,0x0000,0x0000,0x0000,0x0000,0x0000,0x0000,0x0000,0x0000,
    0x0000,0x0000,0x0000,0x0000,0x0000,0x0000,0x0000,0x0000,0x0000,0x0000,0x0000,0x28e2,0x942d,0x940d,0x83ab,0xa48e,
    0x9c0d,0x7b4a,0xb4cf,0x734a,0xb4f0,0xc572,0xbd10,0xbd10,0x942d,0xb4f0,0xb4f0,0xbd10,0xbd10,0xb510,0x8bcc,0xbd31,
    0xb4f0,0xc592,0x7309,0xb510,0x836a,0x8bcc,0xa46e,0x9c2d,0xa48f,0xa46e,0x28e2,0x0000,0x0000,0x0000,0x0000,0x0000,
    0x0000,0x0000,0x0000,0x0000,0x0000,0x0000,0x0000,0x0000,0x0000,0x0000,0x0000,0x0000,0x0000,0x0000,0x0000,0x0000,
    0x0000,0x20c2,0xaccf,0x9c2d,0x7b4a,0x7b2a,0xbd10,0xacaf,0x9c4e,0x62aa,0x5aaa,0x5a6a,0x5269,0x62aa,0x41e8,0x526a,
    0x5a69,0x5a8a,0x5269,0x5269,0x41c7,0x5249,0x62aa,0x6b0b,0x6ac9,0xbd31,0xb4ef,0xbd10,0x7b4a,0x732a,0xa46e,0x9c4e,
    0x3943,0x0000,0x0000,0x0000,0x0000,0x0000,0x0000,0x0000,0x0000,0x0000,0x0000,0x0000,0x0000,0x0000,0x0000,0x0000,
    0x0000,0x0000,0x0000,0x0000,0x0000,0x0000,0x0020,0x7b4a,0x732a,0x7b6b,0x7b4a,0xacd0,0x9c2e,0x5a69,0x62eb,0x4a29,
    0x39c7,0x4a29,0x5269,0x4a28,0x39a6,0x41c7,0x4a28,0x41e7,0x4a08,0x4a28,0x2104,0x5229,0x4a28,0x5a8a,0x1082,0x4a08,
    0x5249,0x940d,0x9c4e,0x8bab,0x8bec,0x838b,0xa48e,0x3103,0x0000,0x0000,0x0000,0x0000,0x0000,0x0000,0x0000,0x0000,
    0x0000,0x0000,0x0000,0x0000,0x0000,0x0000,0x0000,0x0000,0x0000,0x0000,0x0000,0x0000,0x20a2,0x93ec,0x8bcc,0x8bcd,
    0x41c6,0x5aa9,0x41c7,0x41e7,0x3986,0x20e4,0x2904,0x3986,0x41c7,0x2945,0x3186,0x3145,0x3986,0x3166,0x3166,0x3165,
    0x3166,0x39a7,0x39a7,0x3165,0x18a2,0x2945,0x3166,0x41c7,0x5a69,0x62c9,0x6aea,0x8bcb,0x7b6b,0x41c5,0x0000,0x0000,
    0x0000,0x0000,0x0000,0x0000,0x0000,0x0000,0x0000,0x0000,0x0000,0x0000,0x0000,0x0000,0x0000,0x0000,0x0000,0x0000,
    0x0000,0x0000,0x3103,0x9c2e,0x942d,0x4a08,0x3145,0x41e7,0x3166,0x39a6,0x4a08,0x20c3,0x3145,0x5249,0x41e7,0x41e7,
    0x2925,0x41c7,0x41e7,0x41e7,0x39a6,0x3986,0x2924,0x41e7,0x3166,0x4a08,0x18a3,0x39c7,0x4a08,0x3986,0x4a28,0x3986,
    0x41e7,0xa48e,0x9c4e,0x8bcc,0x3123,0x0000,0x0000,0x0000,0x0000,0x0000,0x0000,0x0000,0x0000,0x0000,0x0000,0x0000,
    0x0000,0x0000,0x0000,0x0000,0x0000,0x0000,0x0000,0x4164,0xac8e,0x9c2d,0x5aaa,0x4a28,0x3166,0x526a,0x41e7,0x5269,
    0x3966,0x2925,0x39c7,0x3186,0x2924,0x3145,0x2924,0x3145,0x3165,0x2924,0x3145,0x3165,0x2104,0x2925,0x3145,0x41c7,
    0x3165,0x39a6,0x3165,0x4a28,0x4a08,0x3145,0x4a28,0x4a08,0x6b0b,0xa48e,0x4184,0x0000,0x0000,0x0000,0x0000,0x0000,
    0x0000,0x0000,0x0000,0x0000,0x0000,0x0000,0x0000,0x0000,0x0000,0x0000,0x0000,0x0000,0x3923,0xb4cf,0xa48f,0x62ab,
    0x41e7,0x4a08,0x2904,0x41c7,0x3145,0x3165,0x3164,0xa44d,0xbcef,0xc50e,0xc50e,0xcd2f,0xa44d,0xcd50,0xdd6f,0xd590,
    0xddb0,0xd590,0xa44d,0xd54f,0xd590,0xd570,0x49c5,0x41a5,0x3144,0x2925,0x39a6,0x41c7,0x4208,0x4a08,0x4a28,0xa46e,
    0xacf0,0x3944,0x0000,0x0000,0x0000,0x0000,0x0000,0x0000,0x0000,0x0000,0x0000,0x0000,0x0000,0x0000,0x0000,0x0000,
    0x0000,0x0000,0x2902,0xb510,0x4a28,0x4a28,0x4a49,0x39a6,0x18c3,0x4a28,0x28e4,0xb4ae,0xb46c,0xcd4f,0xddb1,0xf632,
    0xfe95,0xee33,0xcd2f,0xee12,0xf653,0xfed6,0xedf1,0xf632,0xbcee,0xee33,0xf653,0xf632,0xdd4f,0xcd2f,0xb48d,0x3145,
    0x20e3,0x41c7,0x3166,0x49e8,0x5249,0x41e7,0xaccf,0x2903,0x0000,0x0000,0x0000,0x0000,0x0000,0x0000,0x0000,0x0000,
    0x0000,0x0000,0x0000,0x0000,0x0000,0x0000,0x0000,0x0020,0x3943,0x83ac,0x3166,0x2945,0x3186,0x2104,0x18a3,0x2905,
    0x8bab,0xb4ce,0xc52f,0xac8d,0xbcef,0xc52f,0xd5b2,0xc530,0xb4ae,0xcd71,0xcd91,0xcd4f,0xd591,0xc52f,0xac6d,0xc571,
    0xd591,0xc4ee,0xbcef,0xac8e,0xac8e,0x93eb,0x2924,0x2945,0x2945,0x2925,0x39a7,0x3165,0x730a,0x4164,0x0000,0x0000,
    0x0000,0x0000,0x0000,0x0000,0x0000,0x0000,0x0000,0x0000,0x0000,0x0000,0x0000,0x0000,0x0000,0x4164,0xacf0,0x62aa,
    0x4a08,0x3166,0x2104,0x2924,0x18c3,0x93ec,0xf653,0xfe94,0xf694,0xcd91,0xf674,0xfef7,0xf653,0xfef7,0xc550,0xf695,
    0xff17,0xf653,0xff18,0xfeb5,0xbcef,0xfef7,0xfe94,0xfed6,0xee53,0xd5b2,0xfe94,0xfe53,0xa44d,0x2924,0x20e4,0x3165,
    0x3186,0x3986,0x7b6b,0xacaf,0x3943,0x0000,0x0000,0x0000,0x0000,0x0000,0x0000,0x0000,0x0000,0x0000,0x0000,0x0000,
    0x0000,0x0000,0x0000,0x3944,0xacaf,0x41e7,0x41e8,0x3145,0x3986,0x20c3,0x6ac8,0xcd70,0xfe52,0xfe94,0xfeb6,0xcd90,
    0xf6d6,0xfeb4,0xfed6,0xfed6,0xd5d4,0xff59,0xfef7,0xff18,0xff17,0xff17,0xcdd3,0xfeb5,0xfef6,0xff17,0xf6d6,0xde33,
    0xfeb4,0xfed5,0xf674,0x838b,0x18c3,0x2924,0x39a6,0x3186,0x4208,0xa4af,0x3123,0x0000,0x0000,0x0000,0x0000,0x0000,
    0x0000,0x0000,0x0000,0x0000,0x0000,0x0000,0x0000,0x0000,0x3964,0xb4d0,0x5249,0x3986,0x3186,0x41c7,0x20e3,0x732a,
    0xa44d,0xfef6,0xfeb5,0xfef6,0xfed6,0xd5f3,0xf6b5,0xfef7,0xf6d5,0xff59,0xc592,0xff39,0xff17,0xff5a,0xfef6,0xff39,
    0xc592,0xfef7,0xfed6,0xfed6,0xee96,0xde13,0xfed6,0xfeb4,0xfef6,0xc571,0x838b,0x2904,0x2924,0x41c7,0x3986,0x62a9,
    0xb4f0,0x3943,0x0000,0x0000,0x0000,0x0000,0x0000,0x0000,0x0000,0x0000,0x0000,0x0000,0x0000,0x0000,0x4184,0xa48f,
    0x4a28,0x41e8,0x2945,0x18a3,0x2945,0x9c2d,0xb4ef,0xddd2,0xe655,0xe613,0xe634,0x18c2,0x1081,0x1081,0xe655,0xde35,
    0xc572,0xde56,0xeed8,0xde14,0xe676,0xde14,0xbd31,0xeeb7,0x18a2,0x18a1,0xe634,0xd5d3,0xde14,0xde14,0xe613,0xbd0f,
    0x9c2d,0x1082,0x2924,0x3145,0x3145,0x5a68,0xa46e,0x4984,0x0000,0x0000,0x0000,0x0000,0x0000,0x0000,0x0000,0x0000,
    0x0000,0x0000,0x0000,0x0000,0x3944,0xacaf,0x5249,0x39a7,0x2945,0x18c3,0x39a6,0xa46d,0xc52f,0xf674,0xf6d6,0xee74,
    0xf6d5,0x0861,0x0000,0x0000,0xff39,0xeeb6,0xcdd3,0xe676,0xf719,0xee95,0xf718,0xe675,0xc571,0xf717,0x0000,0x0000,
    0xf717,0xee95,0xee95,0xee74,0xee74,0xee75,0xac8e,0x20e4,0x3186,0x2904,0x3165,0x5269,0xb4f0,0x3943,0x0000,0x0000,
    0x0000,0x0000,0x0000,0x0000,0x0000,0x0000,0x0000,0x0000,0x0000,0x0020,0x3944,0xa46e,0x39a7,0x39a6,0x2904,0x3145,
    0x20e3,0xc530,0xcd70,0xff17,0xfeb4,0xfef6,0x0820,0xef7d,0xbdf7,0x0000,0x0000,0xf718,0xc592,0xff5a,0xfef6,0xff59,
    0xfef6,0xff18,0xd5f4,0x0000,0xffdf,0x0000,0x0000,0x0000,0xf694,0xfed5,0xfef6,0xee95,0xbd0f,0x2924,0x2904,0x3165,
    0x3165,0x4a08,0xacaf,0x4164,0x0000,0x0000,0x0000,0x0000,0x0000,0x0000,0x0000,0x0000,0x0000,0x0000,0x0000,0x3944,
    0xacaf,0x4a07,0x41c7,0x3145,0x3165,0x2924,0x7b6a,0xde13,0xcd92,0xfed6,0xfe94,0xfeb5,0x0820,0x0000,0x0000,0x0000,
    0x0000,0xf75a,0xcdd3,0xff59,0xff18,0xff18,0xfef7,0xf6f7,0xde35,0x0000,0x0000,0x0000,0x0000,0x0000,0xfef6,0xfeb5,
    0xfef6,0xddf3,0xcd91,0x41c6,0x3166,0x3165,0x39a6,0x39a6,0x5248,0xacaf,0x3943,0x0000,0x0000,0x0000,0x0000,0x0000,
    0x0000,0x0000,0x0000,0x0000,0x0000,0x49a5,0xacaf,0x41c6,0x3166,0x41c7,0x2104,0x3986,0x2904,0xacae,0xd5b1,0xff38,
    0xfed6,0xfed6,0xfef7,0x0000,0x0000,0x0000,0xf75a,0xff17,0xcdd4,0xff9b,0xfed6,0xff18,0xff3a,0xf6f8,0xcdd3,0xeed9,
    0x0000,0x0000,0xf718,0xeeb6,0xfe94,0xfed5,0xfef6,0xcd91,0xb4cf,0x5a48,0x2925,0x39a6,0x3145,0x39a7,0x41e7,0xacaf,
    0x4164,0x0000,0x0000,0x0000,0x0000,0x0000,0x0000,0x0000,0x0000,0x0000,0x0000,0x4184,0xa46e,0x41e7,0x4208,0x3165,
    0x39a6,0x2904,0x39a6,0xa44d,0xcdb2,0xfed6,0xf533,0xff17,0xf6d6,0xee54,0xf6f7,0xff59,0xf6b4,0xf6b6,0xcd72,0xff18,
    0xf6d6,0xfed6,0xff39,0xee95,0xcdb3,0xf6f7,0xff38,0xff37,0xf6d6,0xe695,0xecd2,0xfef6,0xf6b5,0xd5b1,0xbd10,0x20e4,
    0x3986,0x2904,0x4a08,0x39a6,0x4a28,0x9c2d,0x3944,0x0000,0x0000,0x0000,0x0000,0x0000,0x0000,0x0000,0x0000,0x0000,
    0x0000,0x3944,0x838b,0x3165,0x39c7,0x2924,0x20e4,0x18a3,0x2925,0xb4ef,0xc550,0xd571,0xdc90,0xcd51,0xc571,0xbd10,
    0xc592,0xc530,0xcd71,0xbd31,0xc551,0xb4ae,0xcdb2,0xbd10,0xc551,0xcdb2,0xb531,0xc571,0xc571,0xc571,0xcd10,0xd552,
    0xbc2e,0xd572,0xc550,0xb510,0x9c2c,0x18a3,0x2924,0x20e4,0x3165,0x3145,0x41c6,0x83ac,0x28e3,0x0000,0x0000,0x0000,
    0x0000,0x0000,0x0000,0x0000,0x0000,0x0000,0x0000,0x49a5,0xa4af,0x7b6b,0x41e7,0x41e7,0x3166,0x39a7,0x2104,0x940c,
    0xd591,0xfd33,0xffda,0xfd34,0xff17,0xd5f3,0xf6b5,0xfed5,0xfed5,0xff58,0x1081,0x0040,0xfed6,0xfed5,0x1061,0xff59,
    0xcd92,0xfed5,0xff17,0xff17,0xe4d1,0xecb0,0xff99,0xfd54,0xfef6,0xcdb2,0x9c4d,0x4a08,0x2945,0x39a7,0x3165,0x41c7,
    0x7b4a,0x9c4e,0x4164,0x0000,0x0000,0x0000,0x0000,0x0000,0x0000,0x0000,0x0000,0x0000,0x0000,0x0000,0x3944,0x9c6e,
    0x5248,0x39a6,0x3145,0x4a08,0x49e8,0x3145,0x62a9,0xff17,0xf491,0xfef6,0xfef7,0xddf2,0xee74,0xfe94,0xfed6,0xfed6,
    0xbd0f,0xff18,0x1861,0x1861,0xf719,0xfed6,0xcd92,0xf6b5,0xfeb5,0xfed6,0xee74,0xf694,0xf4d2,0xfeb5,0xf6f7,0x838b,
    0x20c3,0x41e7,0x39a6,0x4a08,0x39a7,0x5a89,0xa46e,0x3944,0x0000,0x0000,0x0000,0x0000,0x0000,0x0000,0x0000,0x0000,
    0x0000,0x0000,0x0000,0x0000,0x4164,0x93ec,0x83ac,0x41c7,0x4a28,0x3986,0x2924,0x2945,0x2104,0x93cc,0xfed5,0xfef7,
    0xfeb5,0xd5b1,0xf674,0xfed6,0xfeb5,0xfe73,0xc530,0xfef7,0xfeb5,0xfeb5,0xfe94,0xfef6,0xc52f,0xfed6,0xfed5,0xfe94,
    0xee74,0xf6d5,0xfe95,0xf694,0x7b29,0x18a3,0x2925,0x41c7,0x3986,0x39a7,0x41c7,0x8bcc,0x8bcc,0x4143,0x0000,0x0000,
    0x0000,0x0000,0x0000,0x0000,0x0000,0x0000,0x0000,0x0000,0x0000,0x0000,0x0000,0x4184,0x9c4e,0x838b,0x41c7,0x39a6,
    0x41c7,0x39a7,0x20e4,0x2924,0x3986,0xee33,0xfe94,0xddb1,0xf6b5,0xfeb5,0xfe73,0xfe52,0xc530,0xfed6,0xfeb4,0xf6d6,
    0xfe94,0xf673,0xcd71,0xfeb5,0xfeb5,0xfe32,0xf653,0xf694,0xbcce,0x3165,0x20e3,0x3145,0x41e8,0x4207,0x41c7,0x41c7,
    0x732a,0x942d,0x3944,0x0000,0x0000,0x0000,0x0000,0x0000,0x0000,0x0000,0x0000,0x0000,0x0000,0x0000,0x0000,0x0000,
    0x0000,0x0800,0x3964,0x93ec,0x8bcc,0x39a6,0x4a28,0x41e7,0x2904,0x4a28,0x3165,0x3165,0xacad,0xac6e,0xb4ce,0xf673,
    0xf653,0xfed5,0xc530,0xfe94,0xfef6,0xfe73,0xfe94,0xf653,0xbd10,0xfe73,0xf612,0xb4ae,0xac8e,0x93ec,0x3985,0x41c7,
    0x41e8,0x3166,0x41e7,0x41c7,0x41a7,0x83ab,0x8bcc,0x3964,0x0000,0x0000,0x0000,0x0000,0x0000,0x0000,0x0000,0x0000,
    0x0000,0x0000,0x0000,0x0000,0x0000,0x0000,0x0000,0x3123,0x5a67,0x41a5,0x7b4a,0x8bcc,0x8bcc,0x3165,0x20c3,0x4a08,
    0x41c7,0x41c7,0x3986,0xf739,0xef39,0x8bcc,0x9c2d,0xa44d,0x8b8a,0xac8e,0xac8e,0xac8e,0xa42c,0xa46d,0x836a,0x9c4d,
    0x940c,0xeef7,0x62c9,0x2945,0x3145,0x39a7,0x41c7,0x3145,0x3986,0x7b4a,0x93ec,0x8bec,0x41c5,0x5247,0x28e2,0x0000,
    0x0000,0x0000,0x0000,0x0000,0x0000,0x0000,0x0000,0x0000,0x0000,0x0000,0x0000,0x0020,0x3123,0xa48f,0x93ec,0x6ae8,
    0x41c5,0x3984,0x838b,0x8bcc,0x6ae9,0x6b09,0x39a6,0x3165,0x39a7,0x2944,0xd614,0xd634,0xff9a,0xff9c,0xde55,0xbd52,
    0xff58,0xff9b,0xb4f0,0xf718,0xbd93,0xff59,0xff79,0xc592,0x3166,0x2945,0x41e7,0x41c7,0x62c9,0x7b4b,0x93ec,0x838b,
    0x3964,0x41a5,0x5a67,0x836b,0x9c0d,0x3123,0x0000,0x0000,0x0000,0x0000,0x0000,0x0000,0x0000,0x0000,0x0000,0x0000,
    0x0000,0x3944,0xbd51,0x9c4e,0x9c2d,0x8bcc,0x83ab,0x62a8,0x3984,0x2903,0x3144,0x5a47,0x940c,0x7b6a,0x62a8,0x3986,
    0x20e4,0x49e6,0xeeb7,0xff59,0xf6f6,0x9c4e,0xff38,0xf738,0xb4f0,0xf6f7,0xad10,0xe675,0xb510,0x2924,0x3986,0x41a5,
    0x7309,0x7309,0x732a,0x2903,0x3964,0x3144,0x5a47,0x7b6a,0x8bcc,0x9c2d,0x9c4d,0xbd51,0x3123,0x0000,0x0000,0x0000,
    0x0000,0x0000,0x0000,0x0000,0x0000,0x0000,0x18a2,0x940d,0x8bcc,0x7b6b,0x7b6b,0x734b,0x734a,0x7b4a,0x6ae9,0x5a87,
    0x41e6,0x41c5,0x3984,0x3164,0x7b4b,0x732a,0x7b6b,0x732a,0x62c9,0x6b0a,0x7b6b,0x7b6b,0xa48e,0xacae,0x7b6b,0x7b8b,
    0x62e9,0x6ae9,0x730a,0x7b4a,0x7b4b,0x62c9,0x62c9,0x3164,0x41e5,0x39a5,0x6288,0x730a,0x72e9,0x836b,0x7b6a,0x7b4a,
    0x7b8b,0x83ac,0x8bcc,0x20a2,0x0000,0x0000,0x0000,0x0000,0x0000,0x0000,0x0000,0x0820,0x3123,0xa46e,0x9c4e,0x838b,
    0x838b,0x83ab,0x836b,0x7b6b,0x732a,0x6b09,0x5a88,0x6ae9,0x4a06,0x5247,0x7b4a,0x732a,0x838b,0x83ab,0x62a8,0x6288,
    0x5247,0x6288,0x732a,0x9c6f,0x5a67,0x5227,0x6ae9,0x732a,0x8bcc,0x838b,0x838b,0x62a8,0x6288,0x4a26,0x62c8,0x4a06,
    0x732a,0x836b,0x7b4a,0x7b4a,0x8bcc,0x838b,0x83ab,0x8bac,0x9c4d,0x3943,0x0020,0x0000,0x0000,0x0000,0x0000,0x0000,
    0x0841,0x20e2,0xbd51,0xa48e,0x9c4d,0x9c4d,0x8bec,0x940c,0x940c,0x940d,0x93ed,0x940d,0x6ae9,0x9c4d,0x93ec,0x7b6b,
    0x5a88,0x49e6,0x4a26,0x6ac9,0x838b,0x9c6e,0x838b,0x838b,0x8c51,0xb596,0x836b,0x940d,0x6b0a,0x9c4d,0x6b09,0x49e6,
    0x5247,0x41c5,0x6b09,0x8bcc,0x940c,0x732a,0x9c2d,0x940d,0x940d,0x940c,0x9c2d,0x940d,0x9c4e,0x9c4d,0x9c2d,0xb510,
    0x2903,0x0840,0x0000,0x0000,0x0000,0x0820,0x942d,0x942d,0x9c4e,0xa46e,0x9c0d,0x942d,0x940d,0x83ab,0x5247,0x9c2d,
    0x9c4e,0x93ec,0x732a,0xa44e,0x9c0c,0x940d,0x9c2d,0x83ab,0x7b8b,0x62c9,0x5a47,0x6288,0x4a06,0x5247,0xce79,0x2945,
    0x62a8,0x4a06,0x4a06,0x5a67,0x62a8,0x838b,0x838b,0x62a8,0x940d,0x9c4e,0x9c2d,0x732a,0x9c4d,0x9c2e,0x93ec,0x5a67,
    0x8bec,0x942d,0x9c2d,0x940c,0x9c4e,0x9c4e,0xaccf,0x49e6,0x1040,0x0000,0x0000,0x18a1,0x6ae9,0x7309,0x8bec,0x9c2d,
    0x940d,0x940d,0x83ab,0x7b6b,0x3144,0x93ec,0x940d,0x9c4e,0x734a,0x942d,0x9c2d,0x940d,0x93ec,0x838b,0x940d,0x940d,
    0x93ec,0x8bab,0x732a,0x6288,0xce58,0xa514,0x49e6,0x83ab,0x732a,0x93ec,0x9c2d,0x940c,0x93ec,0x62c8,0x940d,0x93ec,
    0x9c2d,0x7b6b,0x9c2d,0x940d,0x8bec,0x3964,0x7b8b,0x7b6b,0x940d,0x940d,0x9c4e,0x940d,0x838b,0x2903,0x1061,0x0000,
    0x1040,0xc572,0x838b,0x7b6a,0x5206,0x838b,0x942d,0x8bcc,0x7b4a,0x5227,0x5226,0x9c0d,0x940d,0x9c2e,0x734a,0xa46e,
    0x9c2d,0x940d,0x9c2d,0x838b,0x940c,0x9c4e,0x9c2d,0x93ec,0x7b6b,0x62a8,0xce59,0x3124,0x5226,0x838b,0x732a,0x9c0d,
    0x93ed,0x93ec,0x9c2d,0x732a,0x93ec,0x9c2d,0x9c6e,0x732a,0x9c4e,0x940d,0x940d,0x49e6,0x5a67,0x838b,0x8bcc,0x9c2d,
    0x6ae9,0x49e6,0x49e6,0x93ec,0x72e9,0x0020,0x20a2,0xb510,0x62a8,0x5227,0xacaf,0x41c5,0x49e6,0x732a,0x7309,0x28e3,
    0x940d,0x93ec,0x9c4e,0x93ed,0x7b6b,0x9c4e,0x9c2d,0x9c4e,0x9c4d,0x838b,0x93ec,0x9c4d,0x940d,0x9c4e,0x7b6a,0x7b4a,
    0x3144,0x41a5,0x7309,0x8bcc,0x732a,0xa46e,0x940c,0x9c2d,0x93ec,0x732a,0x9c0d,0x9c4e,0xa46e,0x6b09,0xa46e,0x9c4e,
    0x93ec,0x9c2d,0x20c2,0x730a,0x6ae9,0x39a5,0x49e6,0xacaf,0x8bab,0x7b6b,0x732a,0x0020,0x0000,0x18a2,0x20c3,0x7b6b,
    0x7309,0x5a47,0x838a,0x2923,0x5227,0x2903,0x7b8b,0x7b6b,0x7b4a,0x838b,0x732a,0x838b,0x838b,0x83ac,0x838b,0x7b6a,
    0x8bcc,0x7b2a,0x838b,0x7b6b,0x7b4a,0x62a8,0x3123,0x8bab,0x7b4a,0x7b6b,0x732a,0x7b4a,0x838b,0x7b2a,0x836a,0x730a,
    0x838b,0x7b4a,0x7b6a,0x734a,0x7b4b,0x734a,0x838b,0x7b4a,0x3984,0x41c5,0x2103,0x838b,0x5a67,0x7b4a,0x7b6b,0x18a2,
    0x20c2,0x0020,0x18a2,0x5249,0x2945,0x3985,0x41e6,0x8bec,0x4a06,0x6288,0x18c2,0x6aa8,0x62e9,0x7309,0x732a,0x732a,
    0x6b09,0x83ab,0x732a,0x6b09,0x838b,0x732a,0x7309,0x732a,0x7309,0x7309,0x730a,0x5a68,0x2923,0x940d,0x6ae9,0x6ae9,
    0x732a,0x732a,0x6ae9,0x732a,0x732a,0x730a,0x732a,0x732a,0x7b4a,0x62c9,0x7b6b,0x7b6a,0x730a,0x6ac9,0x62c8,0x20c2,
    0x62c9,0x7309,0x838b,0x41c6,0x20e3,0x20c3,0x49e8,0x1082,0x20e3,0x41e7,0x3186,0x2925,0x0841,0x7b6a,0x8bcc,0x732a,
    0x1881,0x6ae9,0x838b,0x734a,0x7b4a,0x838b,0x6b09,0x6ae9,0x8bac,0x838b,0x8bab,0x7b6a,0x838b,0x8bac,0x838b,0x7b6b,
    0x7b4a,0x732a,0x3144,0x7309,0x8bcc,0x7b8b,0x6b09,0x83ac,0x838b,0x838b,0x83ab,0x6b09,0x838b,0x8bcc,0x6ae9,0x49e7,
    0x838b,0x7b6a,0x83ac,0x838b,0x62c8,0x20e3,0x8bcc,0x6ae9,0x9c4d,0x1061,0x2925,0x3986,0x4a08,0x20e3,0x28e3,0x5a8a,
    0x4a08,0x3166,0x39a7,0x41c7,0x18a3,0x0861,0x3123,0x7b4a,0x93ec,0x8bcc,0x4a06,0x732a,0x7b4a,0x4a06,0x8bcc,0x83ab,
    0x732a,0x7b6b,0x8bab,0x7b6b,0x7b4a,0x7b6a,0x7b6a,0x6ae9,0x41c5,0x732a,0x7b6a,0x7b4a,0x7309,0x83ac,0x8bac,0x836b,
    0x836b,0x732a,0x83ac,0x7b6b,0x4a06,0x734a,0x836b,0x62c8,0x8bab,0x838b,0x732a,0x2903,0x0000,0x20e4,0x41c7,0x39a7,
    0x41e7,0x5a8a,0x5249,0x20e3,0x0000,0x20c3,0x5aaa,0x41e7,0x2104,0x49e7,0x2904,0x0000,0x5a47,0x9c4e,0x940d,0x5a88,
    0x838b,0x7b6a,0x6ae9,0x7329,0x9c2d,0x9c2d,0x9c2d,0x9c4d,0x9c4e,0x93ec,0x9c2d,0x9c0d,0x93ec,0x7b6b,0x41c5,0x9c4d,
    0x93ec,0x7b8b,0x7b6b,0xa46e,0x940d,0x9c2d,0x93ec,0x7b6b,0x9c2d,0x9c2d,0x7b6b,0x7b4a,0x838b,0x838b,0x7309,0x9c4e,
    0x940d,0x41c5,0x0000,0x2924,0x49e7,0x3166,0x5a89,0x62ca,0x3145,0x0000,0x0000,0x0020,0x20e3,0x18c3,0x18c3,0x20c3,
    0x0000,0x0020,0x7b4a,0x93ed,0x8bcc,0x62c9,0x8bac,0x8bcc,0x49e6,0x9c4d,0x9c4e,0x9c2e,0x940d,0x9c2d,0x9c2d,0x9c4e,
    0x9c0d,0x93ec,0x8bcc,0x8bac,0x41c5,0x93cc,0x93ec,0x838b,0x7b6a,0x9c2d,0x9c2d,0x940d,0x9c2d,0x6ae9,0x9c2d,0x9c4e,
    0x9c4e,0x5247,0x8bcc,0x8bac,0x732a,0x93ed,0x940d,0x6ae9,0x0000,0x0000,0x20c3,0x2904,0x20c3,0x2904,0x0000,0x0000,
    0x0000,0x0000,0x0000,0x0000,0x0000,0x0000,0x0000,0x0001,0x83ab,0x940d,0x6ac9,0x838b,0x8bab,0x7b4a,0x6ae9,0x9c2d,
    0x9c0d,0x9c4d,0x9c0d,0x93ec,0x9c2d,0x9c4d,0x9c2d,0x93ec,0x8bab,0x8bcc,0x49e5,0xacaf,0x93ec,0x8bab,0x732a,0x9c4e,
    0x9c2d,0x9c4e,0x93ec,0x7309,0x940d,0x9c2e,0x9c2d,0x6ae9,0x7b2a,0x83ab,0x8bcc,0x6ae9,0x942d,0x83ab,0x0000,0x0000,
    0x0000,0x0000,0x0000,0x0000,0x0000,0x0000,0x0000,0x0000,0x0000,0x0000,0x0000,0x0000,0x0000,0x0000,0x6ae9,0x8bac,
    0x62a8,0x7b4a,0x838b,0x41c5,0x8bcc,0x93ec,0x838b,0x8bcc,0x8bac,0x8bcc,0x8bab,0x8bcc,0x8bec,0x838b,0x8bab,0x836b,
    0x3984,0x9c2d,0x838b,0x7b6b,0x6ae9,0x8bcc,0x8bcc,0x940d,0x8bab,0x7b4a,0x83ac,0x838b,0x8bcc,0x940d,0x4a06,0x838b,
    0x7b4b,0x5a67,0x838b,0x6ae9,0x0000,0x0000,0x0000,0x0000,0x0000,0x0000,0x0000,0x0000,0x0000,0x0000,0x0000,0x0000,
    0x0000,0x0000,0x0000,0x28e3,0x8bac,0x62a8,0x7b6b,0x6ae9,0x6ae9,0x4a06,0x7b6b,0x7b4a,0x732a,0x7b4a,0x7b6a,0x7309,
    0x7b4a,0x732a,0x732a,0x7b4a,0x6b09,0x6ae9,0x3984,0x4a07,0x62c9,0x6ac9,0x62c9,0x7b4a,0x6b09,0x732a,0x7b4a,0x730a,
    0x732a,0x7b4a,0x732a,0x838b,0x4a06,0x7309,0x6ae9,0x7b4a,0x62c8,0x83ab,0x28e3,0x0000,0x0000,0x0000,0x0000,0x0000,
    0x0000,0x0000,0x0000,0x0000,0x0000,0x0000,0x0000,0x0000,0x0000,0x3923,0x7b4a,0x4a26,0x62c8,0x6ae9,0x62c9,0x6ae9,
    0x83ab,0x7b6a,0x732a,0x732a,0x7309,0x7b6a,0x7b6a,0x730a,0x732a,0x7b6b,0x7309,0x730a,0x2923,0x72e9,0x732a,0x62c9,
    0x62e9,0x7b4a,0x732a,0x6ae9,0x7b4a,0x730a,0x7b6b,0x732a,0x732a,0x7b6b,0x6ae9,0x6ac9,0x6ae9,0x6b09,0x4a06,0x730a,
    0x2903,0x0000,0x0000,0x0000,0x0000,0x0000,0x0000,0x0000,0x0000,0x0000,0x0000,0x0000,0x0000,0x0000,0x0000,0x3944,
    0x8bec,0x7329,0x7b6b,0x838b,0x41c6,0x8bac,0x8bcc,0x940d,0x940d,0x93ec,0x93ec,0x8bcc,0x9c2d,0x93ec,0x940d,0x8bac,
    0x8bab,0x7b4a,0x41c5,0x7b6b,0x732a,0x7b4a,0x7b4a,0x940d,0x8bab,0x93ec,0x93cc,0x7b4a,0x93ec,0x8bec,0x93ec,0x8bcc,
    0x93ec,0x41c5,0x7b4a,0x732a,0x734a,0x940d,0x3944,0x0000,0x0000,0x0000,0x0000,0x0000,0x0000,0x0000,0x0000,0x0000,
    0x0000,0x0000,0x0000,0x0000,0x0000,0x3964,0x940d,0x732a,0x6287,0x4a06,0x730a,0x942d,0x940d,0x9c2d,0x93ec,0x940d,
    0x940d,0x93ec,0x93ed,0x9c2d,0x940d,0x9c0d,0x838b,0x942d,0x41a5,0x8bec,0x7b4b,0x7b6a,0x7b4a,0x940d,0x9c0d,0x940d,
    0x93ec,0x6ae9,0x940d,0x940d,0x93ec,0x8bcc,0x8bec,0x730a,0x62c8,0x5a67,0x6ae9,0x8bcc,0x3944,0x0000,0x0000,0x0000,
    0x0000,0x0000,0x0000,0x0000,0x0000,0x0000,0x0000,0x0000,0x0000,0x0000,0x0000,0x4164,0x8bcb,0x93ec,0x7b6a,0x6b09,
    0x93ec,0x8bcc,0x93ec,0x93ec,0x940d,0x940d,0x93ec,0x93ec,0x942d,0x940d,0x940c,0x93ec,0x93ec,0x8bcc,0x3984,0x8bac,
    0x7b4a,0x7b4a,0x7309,0x9c2d,0x8bab,0x93ec,0x8bcc,0x6ae9,0x8bcc,0x8bec,0x940d,0x940d,0x942d,0x93ec,0x62c8,0x838b,
    0x8bec,0x838b,0x3943,0x0000,0x0000,0x0000,0x0000,0x0000,0x0000,0x0000,0x0000,0x0000,0x0000,0x0000,0x0000,0x0000,
    0x0000,0x3944,0x8bcc,0x836b,0x8bcc,0x8bcc,0x93ec,0x8bcc,0x93ec,0x93ec,0x93ec,0x93ec,0x93ec,0x942d,0x940d,0x93ec,
    0x93ec,0x93ec,0x8bcc,0x8bcc,0x41c5,0xa46e,0x6ae9,0x7b6a,0x7329,0x940d,0x8bcc,0x8bcc,0x93ec,0x7309,0x8bac,0x8bec,
    0x8bcc,0x838b,0x7b6b,0x93ec,0x8bcc,0x8bac,0x836b,0x838b,0x3123,0x0000,0x0000,0x0000,0x0000,0x0000,0x0000,0x0000,
    0x0000,0x0000,0x0000,0x0000,0x0000,0x0000,0x0000,0x3923,0x8bcc,0x8bab,0x838b,0x8bab,0x940d,0x93ec,0x8bab,0x8bec,
    0x8bcc,0x8bcc,0x93cc,0x93ec,0x93ec,0x93ed,0x8bcc,0x93cc,0x7b6a,0x8bcc,0x41c5,0x8bab,0x7b4a,0x7b4a,0x7b6a,0x8bac,
    0x838b,0x8bcc,0x8bac,0x6288,0x8bcc,0x93ec,0x8bcc,0x7b4a,0x8bcc,0x93ec,0x83ab,0x838b,0x8bab,0x7b4a,0x3923,0x0000,
    0x0000,0x0000,0x0000,0x0000,0x0000,0x0000,0x0000,0x0000,0x0000,0x0000,0x0000,0x0000,0x0000,0x4984,0x838b,0x7b6a,
    0x838b,0x8bcc,0x83ab,0x8bcc,0x8bcc,0x940d,0x8bec,0x8bec,0x8bcc,0x8bcc,0x940d,0x93ec,0x8bcc,0x8bac,0x83ab,0x8bac,
    0x41c5,0x838b,0x838b,0x7b6b,0x6b09,0x8bec,0x8bcc,0x8bab,0x838b,0x6ac8,0x8bcc,0x8bcc,0x8bcc,0x732a,0x836b,0x8bcc,
    0x8bac,0x8bab,0x7b4a,0x7b4a,0x3944,0x0000,0x0000,0x0000,0x0000,0x0000,0x0000,0x0000,0x0000,0x0000,0x0000,0x0000,
    0x0000,0x0000,0x0000,0x3944,0x83ac,0x836b,0x7b4a,0x838b,0x8bac,0x8bac,0x7b6b,0x8bcc,0x8bac,0x8bcc,0x83ab,0x8bcc,
    0x8bab,0x838b,0x93ec,0x8bac,0x83ab,0x83ab,0x3984,0xa46e,0x7b4a,0x732a,0x6b09,0x93ec,0x8bac,0x8bac,0x7b6b,0x6ae9,
    0x83ab,0x83ab,0x838b,0x732a,0x8bcc,0x838b,0x836b,0x7b4a,0x732a,0x838b,0x3103,0x0000,0x0000,0x0000,0x0000,0x0000,
    0x0000,0x0000,0x0000,0x0000,0x0000,0x0000,0x0000,0x0000,0x0000,0x0000,0x28c2,0x7309,0x7b4a,0x6ac8,0x7309,0x7b6b,
    0x732a,0x83ab,0x838b,0x838b,0x8bac,0x8bec,0x734a,0x8bcc,0x838b,0x8bcc,0x838b,0x8bec,0x41c5,0x9c6e,0x732a,0x7b4a,
    0x6ae9,0x8bab,0x8bcc,0x7b6b,0x8bcc,0x5a67,0x7b4a,0x838b,0x838b,0x5247,0x732a,0x7309,0x62a8,0x6ac8,0x6ae9,0x1881,
    0x0000,0x0000,0x0000,0x0000,0x0000,0x0000,0x0000,0x0000,0x0000,0x0000,0x0000,0x0000,0x0000,0x0000,0x0000,0x0000,
    0x3123,0x942d,0x8bec,0x8bec,0x838b,0x7309,0x62a8,0x62a8,0x5a88,0x6ac9,0x62a8,0x5247,0x5267,0x5a67,0x5a67,0x5a67,
    0x62a8,0x6ae9,0x3964,0x8c0e,0x7b4a,0x5a67,0x41c5,0x62a8,0x5247,0x6ac8,0x5a88,0x4a26,0x6ac8,0x6ac9,0x732a,0x6ae9,
    0x940d,0x8bab,0x942d,0x93ec,0x8c0d,0x3923,0x0000,0x0000,0x0000,0x0000,0x0000,0x0000,0x0000,0x0000,0x0000,0x0000,
    0x0000,0x0000,0x0000,0x0000,0x0000,0x0000,0x0000,0x3923,0x3123,0x3123,0x7309,0x7b4a,0x7b4a,0x8bcc,0x8bcc,0x83ab,
    0x838b,0x8bab,0x7b6b,0x8bcc,0x8bab,0x838b,0x8bcc,0x838b,0x3103,0xbdd6,0x838b,0x7b6b,0x730a,0x8bcc,0x8bcc,0x8bcc,
    0x8bcc,0x6ae9,0x940d,0x838b,0x838b,0x6ae9,0x7329,0x6ae9,0x3944,0x3103,0x3123,0x0000,0x0000,0x0000,0x0000,0x0000,
    0x0000,0x0000,0x0000,0x0000,0x0000,0x0000,0x0000,0x0000,0x0000,0x0000,0x0000,0x0000,0x0000,0x0000,0x0000,0x0000,
    0x0000,0x0000,0x0841,0x18c3,0x20e4,0x18c3,0x3145,0x18a3,0x1061,0x18a2,0x18c3,0x18c3,0x1082,0x1882,0x0000,0x3144,
    0x1861,0x0861,0x1082,0x18a2,0x1082,0x1082,0x18a3,0x39a6,0x20e4,0x18e3,0x2104,0x0841,0x0000,0x0000,0x0000,0x0000,
    0x0000,0x0000,0x0000,0x0000,0x0000,0x0000,0x0000,0x0000,0x0000,0x0000,0x0000,0x0000,0x0000,0x0000,0x0000,0x0000,
    0x0000,0x0000,0x0000,0x0000,0x0000,0x0000,0x0000,0x0000,0x20c3,0xbd73,0xbd31,0x62eb,0x41e7,0x3986,0x2925,0x3186,
    0x2945,0x2904,0x1082,0x0000,0x0000,0x0000,0x0000,0x0000,0x2925,0x2925,0x2945,0x2925,0x2925,0x62ea,0x83ad,0xacd0,
    0xbd72,0x1041,0x0020,0x0000,0x0000,0x0000,0x0000,0x0000,0x0000,0x0000,0x0000,0x0000,0x0000,0x0000,0x0000,0x0000,
    0x0000,0x0000,0x0000,0x0000,0x0000,0x0000,0x0000,0x0000,0x0000,0x0000,0x0000,0x0000,0x0000,0x18c3,0x6aeb,0x5269,
    0x5aab,0xb511,0x4a08,0x39a7,0x41c7,0x3165,0x3165,0x2925,0x18a3,0x0000,0x0000,0x0000,0x0000,0x1882,0x2925,0x3166,
    0x3986,0x41c7,0x3986,0x3165,0x49e8,0x526a,0x4a29,0x5a6a,0x1061,0x0000,0x0000,0x0000,0x0000,0x0000,0x0000,0x0000,
    0x0000,0x0000,0x0000,0x0000,0x0000,0x0000,0x0000,0x0000,0x0000,0x0000,0x0000,0x0000,0x0000,0x0000,0x0000,0x0000,
    0x0000,0x0000,0x20c3,0x5269,0x41e7,0x5249,0x526a,0x4a08,0x5249,0x4a08,0x41c7,0x39a6,0x3166,0x3166,0x20e3,0x0000,
    0x0000,0x0000,0x0000,0x2924,0x3165,0x3186,0x3986,0x4a08,0x41c7,0x41c7,0x5269,0x5249,0x5a8a,0x41e8,0x41e7,0x0000,
    0x0000,0x0000,0x0000,0x0000,0x0000,0x0000,0x0000,0x0000,0x0000,0x0000,0x0000,0x0000,0x0000,0x0000,0x0000,0x0000,
    0x0000,0x0000,0x0000,0x0000,0x0000,0x0000,0x0000,0x0000,0x8bcc,0xeed7,0x732b,0x5269,0x5249,0x41c7,0x41c7,0x3986,
    0x3165,0xf6b5,0xde14,0xc570,0x5206,0x0000,0x0000,0x0000,0x0000,0x4a26,0xde13,0xe6b6,0xeed6,0x3986,0x41e7,0x3166,
    0x4a28,0x5249,0x5249,0xa4af,0xe695,0x62a8,0x0000,0x0000,0x0000,0x0000,0x0000,0x0000,0x0000,0x0000,0x0000,0x0000,
    0x0000,0x0000,0x0000,0x0000,0x0000,0x0000,0x0000,0x0000,0x0000,0x0000,0x0000,0x0000,0x0000,0x10a3,0x838b,0xf6d6,
    0xcdf4,0xe676,0xff17,0xff59,0xff38,0xf6b5,0xcdb2,0x6b0a,0x5aa8,0x5a88,0x0000,0x0000,0x0000,0x0000,0x10a3,0x0000,
    0x5aa8,0x5a68,0x6288,0xff38,0xff59,0xd5d2,0xff17,0xff17,0xf717,0xc592,0xcdb2,0x6ac9,0x0000,0x0000,0x0000,0x0000,
    0x0000,0x0000,0x0000,0x0000,0x0000,0x0000,0x0000,0x0000,0x0000,0x0000,0x0000,0x0000,0x0000,0x0000,0x0000,0x0000,
    0x0000,0x10a4,0x1083,0x1082,0x0000,0x62a8,0x5247,0x5226,0x62a8,0x5247,0x5227,0x5a67,0x5267,0x0000,0x0000,0x10a3,
    0x0000,0x0020,0x1082,0x0862,0x0842,0x0841,0x1082,0x0000,0x0000,0x5226,0x41a5,0x4a06,0x6ac9,0x5247,0x5a68,0x5a87,
    0x62a8,0x0000,0x10a3,0x1083,0x1083,0x0000,0x0000,0x0000,0x0000,0x0000,0x0000,0x0000,0x0000,0x0000,0x0000,0x0000,
    0x0000,0x0000,0x0000,0x0000,0x0000,0x0000,0x0000,0x0000,0x18c4,0x0000,0x10a3,0x0862,0x0000,0x0821,0x0000,0x0000,
    0x0862,0x0862,0x0020,0x1083,0x10a3,0x1083,0x1083,0x1062,0x1082,0x1083,0x0862,0x10a3,0x10a3,0x10a3,0x10c4,0x0000,
    0x0862,0x0021,0x0000,0x0020,0x0842,0x0000,0x0000,0x1083,0x18c4,0x10a3,0x0000,0x0000,0x0000,0x0000,0x0000,0x0000,
    0x0000,0x0000,0x0000,0x0000,0x0000,0x0000,0x0000,0x0000,0x0000,0x0000,0x0000,0x0000,0x0000,0x0000,0x0000,0x0000,
    0x0000,0x1083,0x0000,0x18c4,0x0000,0x10a3,0x10a3,0x0000,0x1083,0x18c4,0x0000,0x1083,0x0862,0x0821,0x18c4,0x18c4,
    0x0020,0x0000,0x10a3,0x0000,0x10a3,0x0000,0x18e5,0x1082,0x10a3,0x18a3,0x0000,0x10a3,0x10a3,0x0000,0x0000,0x0000,
    0x0000,0x0000,0x0000,0x0000,0x0000,0x0000,0x0000,0x0000,0x0000,0x0000,0x0000,0x0000,0x0000,0x0000,0x0000,0x0000,
    0x0000,0x0000,0x0000,0x0000,0x0000,0x0000,0x0000,0x0000,0x0000,0x0000,0x0000,0x0000,0x0000,0x0000,0x10a3,0x0000,
    0x0000,0x10a3,0x0000,0x0021,0x0862,0x0000,0x0000,0x1083,0x0000,0x0000,0x0000,0x0862,0x0000,0x0000,0x0000,0x0000,
    0x0000,0x0000,0x0000,0x0000,0x0000,0x0000,0x0000,0x0000,0x0000,0x0000,0x0000,0x0000,0x0000,0x0000,0x0000,0x0000,
};
/* fog-overshirt.png; source sha256 1fb870157cd61b7321bdec28f5dfc4c196c8507446727121f9dfb7eea39e07fe; crop (363, 436, 879, 1091) */
static const uint16_t muse_wardrobe_pixels_9[] = {
    0x0000,0x0000,0x0000,0x0000,0x0000,0x0000,0x0000,0x0000,0x0000,0x0000,0x0000,0x0000,0x0000,0x0000,0x0000,0x0000,
    0x0000,0x0000,0x0000,0x0000,0x0000,0x0000,0x0000,0x0000,0x0000,0x0000,0x0000,0x39e8,0x84f6,0x6c13,0x6c13,0x426c,
    0x0000,0x0000,0x0000,0x0000,0x0000,0x0000,0x0000,0x0000,0x0000,0x0000,0x0000,0x0000,0x0000,0x0000,0x0000,0x0000,
    0x0000,0x0000,0x0000,0x0000,0x0000,0x0000,0x0000,0x0000,0x0000,0x0000,0x0000,0x0000,0x0000,0x0000,0x0000,0x0000,
    0x0000,0x0000,0x0000,0x0000,0x0000,0x0000,0x0000,0x0000,0x0000,0x0000,0x0000,0x0000,0x0000,0x0000,0x20a2,0x31a8,
    0x6391,0x8d17,0x8d18,0x9518,0x84d7,0x7c75,0x5330,0x63b2,0x7435,0x84b6,0x530f,0x5b51,0x426c,0x28e3,0x0000,0x0000,
    0x0000,0x0000,0x0000,0x0000,0x0000,0x0000,0x0000,0x0000,0x0000,0x0000,0x0000,0x0000,0x0000,0x0000,0x0000,0x0000,
    0x0000,0x0000,0x0000,0x0000,0x0000,0x0000,0x0000,0x0000,0x0000,0x0000,0x0000,0x0000,0x0000,0x0000,0x0000,0x0000,
    0x0000,0x0000,0x0000,0x0000,0x0000,0x0000,0x18c4,0x9d79,0x5b71,0x5b50,0x6c13,0x5330,0x42ad,0x4b0f,0x3a6d,0x4ace,
    0x3a6d,0x3a4c,0x4aef,0x5b70,0x8cf7,0x4aee,0x7434,0x0021,0x0882,0x1882,0x0000,0x0000,0x0000,0x0000,0x0000,0x0000,
    0x0000,0x0000,0x0000,0x0000,0x0000,0x0000,0x0000,0x0000,0x0000,0x0000,0x0000,0x0000,0x0000,0x0000,0x0000,0x0000,
    0x0000,0x0000,0x0000,0x0000,0x0000,0x0000,0x0000,0x0000,0x0000,0x0000,0x0000,0x0000,0x0000,0x41e8,0x3187,0x532f,
    0x5350,0x8495,0x4b0f,0x5b91,0x5b92,0x5b91,0x5330,0x5351,0x42ce,0x5351,0x5b71,0x5351,0x4aee,0x5b71,0x63b2,0x428c,
    0x7413,0x428d,0x52ce,0x0800,0x0000,0x0000,0x0000,0x0000,0x0000,0x0000,0x0000,0x0000,0x0000,0x0000,0x0000,0x0000,
    0x0000,0x0000,0x0000,0x0000,0x0000,0x0000,0x0000,0x0000,0x0000,0x0000,0x0000,0x0000,0x0000,0x0000,0x0000,0x0000,
    0x0000,0x0000,0x0000,0x0000,0x0000,0x9d78,0x6bf3,0x3a6c,0x84d6,0x63d2,0x5b71,0x42ce,0x5b71,0x5b92,0x5330,0x5351,
    0x5350,0x42ce,0x5330,0x5b72,0x5b71,0x3a6c,0x4b0f,0x5371,0x7434,0x3a6c,0x532f,0x5b71,0x5b71,0x0840,0x0000,0x0000,
    0x0000,0x0000,0x0000,0x0000,0x0000,0x0000,0x0000,0x0000,0x0000,0x0000,0x0000,0x0000,0x0000,0x0000,0x0000,0x0000,
    0x0000,0x0000,0x0000,0x0000,0x0000,0x0000,0x0000,0x0000,0x0000,0x0000,0x0000,0x0000,0x0000,0x41e8,0x63d2,0x3a6c,
    0x8d17,0x6c14,0x5b92,0x5350,0x3a6c,0x5351,0x5371,0x5b72,0x5330,0x4ace,0x42ce,0x5371,0x5330,0x4b0f,0x3a8d,0x5330,
    0x5351,0x5351,0x7454,0x29a9,0x4aef,0x5351,0x5350,0x1882,0x0000,0x0000,0x0000,0x0000,0x0000,0x0000,0x0000,0x0000,
    0x0000,0x0000,0x0000,0x0000,0x0000,0x0000,0x0000,0x0000,0x0000,0x0000,0x0000,0x0000,0x0000,0x0000,0x0000,0x0000,
    0x0000,0x0000,0x0000,0x0000,0x0000,0x20c2,0x9d79,0x5330,0x9538,0x6391,0x4aef,0x4b0f,0x5310,0x3a6c,0x42ad,0x5330,
    0x42ae,0x4b0f,0x4aee,0x4acf,0x4aef,0x42ce,0x4b0f,0x3a8d,0x4b0f,0x42ce,0x42ce,0x4aee,0x3a6c,0x6c13,0x42ce,0x5330,
    0x42ad,0x0000,0x0000,0x0000,0x0000,0x0000,0x0000,0x0000,0x0000,0x0000,0x0000,0x0000,0x0000,0x0000,0x0000,0x0000,
    0x0000,0x0000,0x0000,0x0000,0x0000,0x0000,0x0000,0x0000,0x0000,0x0000,0x0000,0x0000,0x0000,0x0000,0x20a2,0x6bf3,
    0x4aee,0x9558,0x5350,0x5351,0x5330,0x5350,0x42ad,0x532f,0x5b91,0x4b0f,0x5330,0x4ace,0x42ad,0x5350,0x5330,0x5351,
    0x42ce,0x5351,0x4b30,0x5330,0x5351,0x3a4b,0x6bf3,0x322b,0x4b0f,0x428d,0x0000,0x0000,0x0000,0x0000,0x0000,0x0000,
    0x0000,0x0000,0x0000,0x0000,0x0000,0x0000,0x0000,0x0000,0x0000,0x0000,0x0000,0x0000,0x0000,0x0000,0x0000,0x0000,
    0x0000,0x0000,0x0000,0x0000,0x0000,0x0000,0x0020,0x8cd6,0x5b91,0x3a4c,0x5330,0x42ae,0x5351,0x5b92,0x42ce,0x31ea,
    0x322b,0x3a8d,0x322b,0x3a6d,0x3a2b,0x320b,0x3a6c,0x428d,0x4b10,0x42ce,0x5371,0x5330,0x4b10,0x4aef,0x3a4b,0x428d,
    0x3a2b,0x428d,0x4b0f,0x20a2,0x1061,0x0000,0x0000,0x0000,0x0000,0x0000,0x0000,0x0000,0x0000,0x0000,0x0000,0x0000,
    0x0000,0x0000,0x0000,0x0000,0x0000,0x0000,0x0000,0x0000,0x0000,0x0000,0x0000,0x0000,0x0000,0x0000,0x0000,0x2903,
    0x5b71,0x4aef,0x6c13,0x3a6c,0x322b,0x3a6d,0x5330,0x7455,0x63d2,0x84b6,0x8cd6,0x84b6,0x84b5,0x6bf3,0x7434,0x6392,
    0x5310,0x428d,0x2188,0x31ea,0x320b,0x4aef,0x4b10,0x3a4c,0x42ce,0x5350,0x3a6d,0x42ae,0x4aee,0x10a2,0x0000,0x0000,
    0x0000,0x0000,0x0000,0x0000,0x0000,0x0000,0x0000,0x0000,0x0000,0x0000,0x0000,0x0000,0x0000,0x0000,0x0000,0x0000,
    0x0000,0x0000,0x0000,0x0000,0x0000,0x0000,0x0000,0x0820,0x3166,0x6bf3,0x42ad,0x5350,0xa599,0x7c74,0xadfa,0x7c95,
    0x5350,0x29a9,0x29ea,0x29ca,0x29a9,0x428c,0x4b0f,0x4aae,0x84b6,0x8cf6,0x6bf3,0x530f,0x5b92,0x5351,0x4aef,0x29c9,
    0x2168,0x530f,0x5330,0x322b,0x4ace,0x3a6c,0x18c3,0x0000,0x0000,0x0000,0x0000,0x0000,0x0000,0x0000,0x0000,0x0000,
    0x0000,0x0000,0x0000,0x0000,0x0000,0x0000,0x0000,0x0000,0x0000,0x0000,0x0000,0x0000,0x0000,0x0000,0x0000,0x0000,
    0x0020,0x4229,0x3a6c,0x4acd,0x9558,0x7c75,0x63d2,0x3a6c,0x1947,0x1906,0x1926,0x1905,0x0883,0x18e4,0x18e4,0x2167,
    0x2146,0x2188,0x426c,0x7475,0x4b0f,0x5b91,0x322b,0x3a4c,0x3a2b,0x29c9,0x2147,0x3a4c,0x320b,0x322b,0x31e9,0x2146,
    0x0840,0x0000,0x0000,0x0000,0x0000,0x0000,0x0000,0x0000,0x0000,0x0000,0x0000,0x0000,0x0000,0x0000,0x0000,0x0000,
    0x0000,0x0000,0x0000,0x0000,0x0000,0x0000,0x0000,0x0000,0x2902,0x20a1,0x5b50,0x6390,0x7c74,0x5b71,0x31ea,0x29a9,
    0x1906,0x2924,0x5a66,0x5205,0x6287,0x836a,0x838a,0x836a,0x6287,0x5a87,0x6267,0x1905,0x29a8,0x4ace,0x4b0f,0x7455,
    0x5330,0x4b10,0x31ea,0x42ae,0x29a8,0x322b,0x428d,0x3a4c,0x3a4b,0x20c2,0x0000,0x0000,0x0000,0x0000,0x0000,0x0000,
    0x0000,0x0000,0x0000,0x0000,0x0000,0x0000,0x0000,0x0000,0x0000,0x0000,0x0000,0x0000,0x0000,0x0000,0x0000,0x0000,
    0x0000,0x3103,0x93ed,0xa557,0x5b71,0x320b,0x18e5,0x5246,0x41c5,0x6ac8,0xbd50,0x93ca,0x62a7,0x8349,0x93ca,0x93ca,
    0x8baa,0x8369,0x8b8a,0x93eb,0x8baa,0x7308,0x49e5,0x5a46,0x2147,0x42ce,0x4b0f,0x3a6c,0x5b91,0x5330,0x3a4c,0x29ea,
    0x3a6c,0x530f,0x3124,0x0000,0x0000,0x0000,0x0000,0x0000,0x0000,0x0000,0x0000,0x0000,0x0000,0x0000,0x0000,0x0000,
    0x0000,0x0000,0x0000,0x0000,0x0000,0x0000,0x0000,0x0000,0x0000,0x4984,0xc5b4,0x9491,0x5350,0x1905,0x5226,0x7b28,
    0xac6d,0x9c0b,0xdd4e,0xf632,0xfe52,0xbcad,0xf612,0xf632,0xf5f0,0xf611,0xe5f1,0xdd90,0xf5f0,0xee12,0xf632,0xbcad,
    0xdd4e,0xcd2f,0xa40b,0x6267,0x2125,0x29c9,0x2147,0x7329,0xacae,0x1905,0x2988,0x2968,0x1061,0x0000,0x0000,0x0000,
    0x0000,0x0000,0x0000,0x0000,0x0000,0x0000,0x0000,0x0000,0x0000,0x0000,0x0000,0x0000,0x0000,0x0000,0x0000,0x0000,
    0x0000,0x0000,0x3903,0xbd31,0xd5f4,0xe696,0x942c,0x7b08,0xe5b0,0xe5b0,0xe5d1,0xf674,0xf610,0xf5f1,0xcd50,0xfeb5,
    0xf611,0xf632,0xf632,0xf632,0xe633,0xf5f1,0xfe73,0xf5d0,0xddd2,0xfed5,0xf611,0xf5cf,0xedb0,0xac4d,0xd591,0x6ae8,
    0xa46d,0xcdb2,0xa4ae,0xc5d3,0x4164,0x0000,0x0000,0x0000,0x0000,0x0000,0x0000,0x0000,0x0000,0x0000,0x0000,0x0000,
    0x0000,0x0000,0x0000,0x0000,0x0000,0x0000,0x0000,0x0000,0x0000,0x0000,0x0000,0x4123,0xb4f0,0xcdb3,0xbd30,0x6ae8,
    0x8b8a,0xddf3,0xbccd,0xc50f,0xbd0e,0xbcac,0xbcae,0xb4ef,0xbcef,0xbcee,0xbd0f,0xbced,0xb4ad,0xbcef,0xc50f,0xb46c,
    0xc50e,0xc571,0xc550,0xb48c,0xb48c,0xbcee,0xb4ef,0xb44b,0x8b69,0x8349,0x9c6d,0x9c2c,0xa46d,0x3923,0x0000,0x0000,
    0x0000,0x0000,0x0000,0x0000,0x0000,0x0000,0x0000,0x0000,0x0000,0x0000,0x0000,0x0000,0x0000,0x0000,0x0000,0x0000,
    0x0000,0x0000,0x0000,0x4984,0xff9b,0xc571,0xde34,0xb510,0x8baa,0xfe52,0xf672,0xe5f1,0xe5d1,0xfed5,0xfe94,0xfeb4,
    0xbcee,0xf5f0,0xff17,0xfe73,0xff59,0xedd0,0xe5d1,0xfef7,0xf653,0xfef6,0xd5d2,0xfe52,0xfeb4,0xfe74,0xff36,0xc52f,
    0xfe52,0xfef5,0x8b8a,0xd613,0x9c6d,0xb50f,0x6a66,0x0000,0x0000,0x0000,0x0000,0x0000,0x0000,0x0000,0x0000,0x0000,
    0x0000,0x0000,0x0000,0x0000,0x0000,0x0000,0x0000,0x0000,0x0000,0x0000,0x0000,0x0000,0x28c2,0xff9b,0xc572,0xe6d8,
    0xff7b,0x8369,0xfe73,0xf653,0xf694,0xe612,0xf674,0xfe93,0xfed6,0xc4ee,0xf653,0xfed6,0xff39,0xfef6,0xfed6,0xee75,
    0xfef6,0xfeb5,0xfef7,0xd5b1,0xfef6,0xfef7,0xfeb5,0xfe94,0xc50f,0xfe72,0xfe93,0x6aa8,0xb4ef,0xa46d,0xd5f3,0xcdd3,
    0x5a05,0x0000,0x0000,0x0000,0x0000,0x0000,0x0000,0x0000,0x0000,0x0000,0x0000,0x0000,0x0000,0x0000,0x0000,0x0000,
    0x0000,0x0000,0x0000,0x0000,0x0000,0x8308,0xf6d7,0xbd30,0xde97,0xacae,0xfe93,0xfef6,0xf6b6,0xf6d6,0xe633,0xfeb5,
    0xfed6,0xfe94,0xcdb2,0xfeb5,0xff59,0xf6b5,0xff38,0xff19,0xf6f8,0xfed6,0xfef7,0xf6b5,0xe655,0xfef6,0xfef7,0xfe94,
    0xfed6,0xc591,0xfed5,0xfeb5,0xfef6,0xde13,0xa48d,0xbd30,0xc571,0x4164,0x0000,0x0000,0x0000,0x0000,0x0000,0x0000,
    0x0000,0x0000,0x0000,0x0000,0x0000,0x0000,0x0000,0x0000,0x0000,0x0000,0x0000,0x0000,0x0000,0x3943,0xff7a,0xe675,
    0xc571,0xc592,0xff9b,0xff38,0xf674,0xff17,0xee95,0xee95,0xfef6,0x0020,0x0000,0x5227,0xff38,0xfef6,0xff18,0xff7a,
    0xf6d6,0xe634,0xff58,0xfed5,0xff38,0x18c2,0x0000,0x0000,0xfed6,0xff17,0xcdd3,0xfef6,0xfed5,0xfef5,0x9beb,0xa46d,
    0xd614,0xbd51,0x4163,0x0000,0x0000,0x0000,0x0000,0x0000,0x0000,0x0000,0x0000,0x0000,0x0000,0x0000,0x0000,0x0000,
    0x0000,0x0000,0x0000,0x0000,0x0000,0x0000,0x3103,0xde97,0xbd92,0xb530,0xcdf5,0xb530,0xc591,0xc570,0xcdd3,0xcdb2,
    0xd5b2,0x7b29,0x1081,0x0000,0x20e2,0x942c,0xcdd3,0xcdb3,0xcdd3,0xcdb3,0xd5f4,0xcdb3,0xcdd3,0x8bcc,0x5289,0x1082,
    0x0000,0x7b4a,0xcd70,0xcdd3,0xc570,0xc550,0xc52f,0x93ca,0xa48e,0xaccf,0x9c6d,0x4163,0x0000,0x0000,0x0000,0x0000,
    0x0000,0x0000,0x0000,0x0000,0x0000,0x0000,0x0000,0x0000,0x0000,0x0000,0x0000,0x0000,0x0000,0x0000,0x0000,0x4164,
    0xff7b,0xde55,0xc5b2,0xd615,0xa46d,0xfef5,0xfeb4,0xf6b5,0xee74,0xee95,0x0000,0xffff,0x0000,0x0000,0x0020,0xff17,
    0xff18,0xff18,0xf718,0xf6f8,0xff17,0xff17,0x0000,0xbdd6,0xffff,0x0000,0x0000,0xff15,0xd5d3,0xfef6,0xfed6,0xfef7,
    0xde33,0x9c2c,0xb510,0xcdb2,0x4143,0x0000,0x0000,0x0000,0x0000,0x0000,0x0000,0x0000,0x0000,0x0000,0x0000,0x0000,
    0x0000,0x0000,0x0000,0x0000,0x0000,0x0000,0x0000,0x49a4,0x72a7,0xf6f7,0xeef7,0xbd51,0xcdf4,0xf719,0xfef7,0xf6b6,
    0xf6b5,0xf6b5,0xee75,0x0000,0x0000,0x0000,0x0000,0x0841,0xff7a,0xfef7,0xff17,0xff39,0xe655,0xff18,0xf6f7,0x0000,
    0x0000,0x0000,0x0000,0x0000,0xff58,0xcd92,0xfe73,0xfe94,0xfed5,0xacad,0x9c2c,0xcdd2,0xcdf3,0x9c0c,0x3903,0x0000,
    0x0000,0x0000,0x0000,0x0000,0x0000,0x0000,0x0000,0x0000,0x0000,0x0000,0x0000,0x0000,0x0000,0x0000,0x0000,0x0000,
    0x0000,0x3943,0xff5a,0xeeb7,0xcd92,0xd635,0xac8d,0xfe73,0xfef7,0xf694,0xf6b6,0xee96,0xf6d8,0x0000,0x0000,0x2944,
    0xff7a,0xff18,0xff59,0xff7a,0xf6b6,0xeeb7,0xff18,0xf6d7,0xff18,0x0861,0x0000,0x0000,0xef1a,0xfeb4,0xc550,0xfeb5,
    0xfed6,0xfed6,0xd613,0x9c4e,0xbd30,0xcdd2,0xcdd2,0x6225,0x0000,0x0000,0x0000,0x0000,0x0000,0x0000,0x0000,0x0000,
    0x0000,0x0000,0x0000,0x0000,0x0000,0x0000,0x0000,0x0000,0x0000,0x51a4,0xeeb7,0xeef7,0xe676,0xb510,0xcdd3,0xd5d3,
    0xf695,0xee94,0xed32,0xee95,0xe674,0xee95,0xf6d5,0xee95,0xc571,0xee33,0xee95,0xf6d7,0xf6b6,0xe654,0xde55,0xf6d6,
    0xee74,0xee75,0xddf3,0xee74,0xf6f6,0xf6b4,0xed12,0xd511,0xf6b5,0xf695,0xee74,0xacef,0x8bcb,0xb4ce,0xacae,0xbd50,
    0x3103,0x0000,0x0000,0x0000,0x0000,0x0000,0x0000,0x0000,0x0000,0x0000,0x0000,0x0000,0x0000,0x0000,0x0000,0x0000,
    0x0000,0x0000,0x5a25,0xc572,0xb530,0xbd30,0xacae,0xbd92,0x9c4d,0xcdb1,0xc46f,0xe533,0xd5b3,0xbc8f,0xbd30,0xbd30,
    0xc571,0xc571,0xc571,0xcd91,0x6267,0xc5b2,0xc5b3,0xbd30,0x5226,0xc571,0xc571,0xc591,0xc592,0xbd30,0xc4f0,0xd490,
    0xcd52,0xc4d0,0xbd0f,0xc550,0xacad,0x8bec,0x8bcb,0xa48e,0x8bab,0x6247,0x0000,0x0000,0x0000,0x0000,0x0000,0x0000,
    0x0000,0x0000,0x0000,0x0000,0x0000,0x0000,0x0000,0x0000,0x0000,0x0000,0x0000,0x9369,0xff7b,0xe675,0xee96,0xb510,
    0xd635,0x9c2c,0xfeb4,0xf4f2,0xff59,0xed33,0xdc4f,0xfef6,0xfed6,0xfeb5,0xc571,0xfed6,0xff17,0x28c2,0xee95,0xee95,
    0xee54,0x1861,0xff18,0xfed5,0xd5d2,0xff37,0xfef6,0xf491,0xff79,0xd5b4,0xf4d1,0xfed5,0xff17,0xe675,0x9c2c,0xb50f,
    0xcdd2,0x8baa,0xbd0f,0x4164,0x0000,0x0000,0x0000,0x0000,0x0000,0x0000,0x0000,0x0000,0x0000,0x0000,0x0000,0x0000,
    0x0000,0x0000,0x0000,0x0000,0x49a4,0xeed7,0xeeb6,0xde34,0xb531,0xde96,0xf6f8,0x9c2c,0xff37,0xf4d2,0xee74,0xddf3,
    0xf6b5,0xfeb4,0xfeb4,0xcd71,0xfef6,0xf6b5,0xfed5,0x30e2,0x1881,0x28c2,0xfef7,0xf694,0xfeb4,0xddf2,0xff17,0xf6d6,
    0xfef5,0xecd1,0xc42e,0xfe94,0xfef7,0x8349,0xacce,0x940b,0xbd50,0xbd0f,0xa46d,0xc570,0x3943,0x0000,0x0000,0x0000,
    0x0000,0x0000,0x0000,0x0000,0x0000,0x0000,0x0000,0x0000,0x0000,0x0000,0x0000,0x0000,0x0000,0x0000,0x3923,0xde75,
    0xeed8,0xacae,0xd635,0xb4ef,0x8369,0xfeb4,0xfed5,0xe633,0xe634,0xfe94,0xf673,0xfed5,0xcdd3,0xf653,0xf653,0xf6d6,
    0xfeb5,0xf695,0xe654,0xfeb5,0xf694,0xf694,0xe695,0xfeb5,0xfe74,0xfed6,0xfed5,0xbd0f,0xfeb5,0xfe94,0x8349,0xd5d2,
    0x9c6d,0xc571,0xacad,0xa48d,0x3103,0x0000,0x0000,0x0000,0x0000,0x0000,0x0000,0x0000,0x0000,0x0000,0x0000,0x0000,
    0x0000,0x0000,0x0000,0x0000,0x0000,0x0000,0x0840,0xd656,0x8bcc,0xbd50,0xaccf,0xd635,0xf6f8,0xb4ef,0x8b69,0xf694,
    0xee32,0xde13,0xf694,0xfeb5,0xfeb5,0xcd4f,0xf673,0xf653,0xfe73,0xfeb5,0xee53,0xe633,0xf673,0xf695,0xfef7,0xddf2,
    0xfeb4,0xf611,0xfef6,0xff16,0xcd70,0xf673,0x8349,0xcd91,0xcdb2,0xa4af,0xc571,0xa46d,0x6ae9,0xbd72,0x18a2,0x0000,
    0x0000,0x0000,0x0000,0x0000,0x0000,0x0000,0x0000,0x0000,0x0000,0x0000,0x0000,0x0000,0x0000,0x0000,0x0000,0xa44d,
    0xffbc,0xff7b,0xbd52,0x5a67,0xb4cd,0xee96,0xf75a,0xbd0f,0x93eb,0x9beb,0x7b49,0xfe73,0xfe94,0xfe94,0xbcee,0xee12,
    0xfe73,0xfeb5,0xfed5,0xee12,0xddd2,0xfe93,0xfeb5,0xf632,0xb46c,0xf613,0xff16,0xfe94,0x9c0b,0x6ac7,0xa44c,0xcdb1,
    0xd5f3,0xbd2f,0x83aa,0x7b6a,0xbd52,0xde76,0xe6b7,0x72e8,0x0000,0x0000,0x0000,0x0000,0x0000,0x0000,0x0000,0x0000,
    0x0000,0x0000,0x0000,0x0000,0x0000,0x0000,0x0000,0x5a26,0xff9d,0xc5b3,0xffff,0xff9c,0xce15,0xcdd4,0x9c6e,0x732a,
    0xeeb5,0xb4ce,0xacae,0x7b49,0xacae,0xff38,0x9c2c,0x940b,0xe634,0xb4ae,0xb510,0xacad,0xc551,0xbcef,0xb4ad,0xd592,
    0xbcce,0x93cb,0xf6b5,0xcdd3,0xbcad,0xac8d,0x7b49,0xbcee,0xbd2f,0x6b09,0xacd0,0xbd52,0xde76,0xeef9,0xe6b8,0xad10,
    0xd656,0x4184,0x0000,0x0000,0x0000,0x0000,0x0000,0x0000,0x0000,0x0000,0x0000,0x0000,0x0000,0x0000,0x0000,0x6246,
    0xf7be,0xff5a,0xde56,0x9c8f,0xff9b,0xd635,0xeef9,0xffde,0xf719,0xf77b,0xc572,0xacf0,0x9c4e,0x8bec,0xc550,0xac8d,
    0x7b49,0xac8d,0x8369,0xde33,0xc591,0xacce,0x9c0c,0x7b49,0xd5b1,0x8baa,0x8baa,0xa46c,0xa44c,0x838b,0xb4f0,0x9c8f,
    0xbd93,0xe697,0xf719,0xff7c,0xcdd4,0xe6d8,0xe6b7,0x8c0d,0xd615,0xe6b7,0xf75b,0x49a4,0x0000,0x0000,0x0000,0x0000,
    0x0000,0x0000,0x0000,0x0000,0x0000,0x0000,0x0000,0x7ac7,0xff9d,0xffdd,0xf719,0xf75b,0xde76,0xa4af,0xa4af,0xf75b,
    0xf719,0xf75a,0xf73a,0xff9c,0xf75a,0xf6f9,0xf75a,0x83ab,0x2147,0x31ea,0x3a0b,0x3a2b,0x2126,0x72e8,0x8328,0x7b08,
    0x31ea,0x5b30,0x31ea,0x2168,0x2146,0xacd0,0xff5b,0xf75b,0xd656,0xff5a,0xf75b,0xeef9,0xeef8,0xd635,0xef1a,0x9c6f,
    0xcdf4,0xf719,0xf73a,0xf75a,0xf77c,0x3943,0x0000,0x0000,0x0000,0x0000,0x0000,0x0000,0x0000,0x0000,0x0000,0x8349,
    0xff9d,0xf75b,0xf73a,0xf75b,0xf73a,0xf75a,0xd615,0x62e9,0xa4b0,0xff9c,0xf75b,0xf739,0xf75b,0xff7b,0xbd93,0x83ed,
    0xf739,0x3985,0x2168,0x4aad,0x426d,0x5b4f,0x10c4,0x6370,0x2147,0x52ce,0x2168,0x320a,0x18e5,0x83ad,0xf77b,0x83ed,
    0xe6b7,0xe697,0xf73a,0xf73a,0xf75b,0xffbc,0xd656,0x734a,0xcdb3,0xf73a,0xf73a,0xff5b,0xf739,0xf75a,0xf75c,0x51e5,
    0x0000,0x0000,0x0000,0x0000,0x0000,0x0000,0x0000,0x5a25,0xffbe,0xf75a,0xf73a,0xf73a,0xf739,0xd635,0xff9c,0xeef8,
    0xbd93,0x8c0d,0xffdd,0xf73a,0xffbc,0xcdf4,0x734a,0x7b6b,0xbd72,0xbd72,0xad11,0x944e,0x83ac,0x2126,0x2127,0x4ace,
    0x4ace,0x31ca,0x1905,0x18e5,0xa490,0x9c4f,0xffff,0xbd52,0xa4af,0x9c6e,0x732a,0xf73a,0xff9c,0xf73a,0xde96,0x7b6b,
    0xacf0,0xd635,0xf73a,0xf73a,0xe697,0xff7b,0xf719,0xf77b,0xff9c,0x3943,0x0000,0x0000,0x0000,0x0000,0x0000,0x28e2,
    0xffde,0xf73a,0xf73a,0xf719,0xf77b,0xde76,0xeef9,0xde55,0xef19,0xcdf5,0xc593,0xb531,0xf73a,0xcdf4,0x83ec,0xb552,
    0xb531,0xeed8,0xde36,0xa4d0,0x31e9,0x31c9,0xa4b0,0x31c8,0x18e4,0x1926,0x10a3,0x7b6b,0xbd52,0x3a2a,0x1905,0xffdd,
    0x9c8f,0xcdd4,0xce14,0xbd51,0x83cc,0xeed8,0xffbd,0x9c4e,0xa4d0,0xcdf4,0xef1a,0xce15,0xeed8,0xf719,0xeed7,0xff9d,
    0xef19,0xf73a,0xff9d,0x3103,0x0000,0x0000,0x0000,0x0000,0x6246,0xff9d,0xe6b7,0xf73a,0xf75a,0xde76,0xef19,0xbd72,
    0xf73a,0xf719,0xcdd4,0xeed8,0xde97,0xad10,0xbd52,0xcdd4,0xde97,0xd615,0xffbd,0xe6b8,0xb511,0x2126,0x31c9,0x8c0f,
    0x426d,0x2147,0x2988,0x2968,0x2105,0x2988,0x2147,0x2988,0xffdd,0x8c0d,0xd615,0xe6b8,0xe6b7,0xd615,0xbd52,0xacf0,
    0xcdd3,0xde56,0xe6d8,0xf719,0xcdf5,0xbd72,0xe6b7,0xff5a,0xff7b,0xeed8,0xe6d8,0xde96,0x4184,0x0000,0x0000,0x0000,
    0x6a87,0xffde,0xffbc,0xffbc,0xcdf4,0xf73a,0xf719,0xcdf4,0x8bed,0xffdd,0xef19,0xd636,0xe6d9,0xf739,0xe6b8,0xe6b7,
    0xeef8,0xef1a,0xd635,0xffbc,0xb551,0xb511,0x4a49,0xb532,0x7c13,0x2989,0x2147,0x31ca,0x3a0b,0x4a8d,0xacf1,0x2989,
    0x2988,0xffde,0xacf0,0xd636,0xf73a,0xf75a,0xef19,0xe697,0xde76,0xf73a,0xde76,0xeef9,0xf719,0xe6b7,0x940d,0xf739,
    0xeef9,0xc593,0xff7b,0xf73a,0xffbb,0xffbd,0x4164,0x0000,0x0000,0x72a7,0xb511,0xf75a,0xff7b,0xff7b,0xd615,0xcdd4,
    0xa48f,0xacf0,0xff9b,0xe6b8,0xe6f9,0xd636,0xde97,0xd677,0xce15,0xd657,0xcdf4,0xd635,0xff9c,0xde76,0xb512,0x4a69,
    0xd615,0x6bd2,0x426c,0x10a3,0x1906,0x52ef,0x3a0b,0xa4b0,0x322b,0x2188,0xffdd,0xf719,0xe6b8,0xef19,0xef3a,0xcdf5,
    0xd636,0xcdf4,0xd656,0xc5b3,0xce36,0xde77,0xe697,0x83ac,0xd614,0xb511,0xe6d8,0xffdd,0xff7b,0xf73a,0xa4af,0x7ac7,
    0x0000,0x59e4,0xde34,0xac8e,0x5248,0xa4b1,0xef3a,0xf77b,0xacd0,0x736b,0xce15,0xe697,0xf79d,0xe6d8,0xe6b8,0xd636,
    0xeef9,0xf75b,0xffde,0xa4d0,0xd635,0xf75b,0xe698,0x944e,0x4208,0xcdf5,0x424d,0x10c5,0x10c5,0x62ea,0x18e5,0x3a2c,
    0xa4b0,0x31ea,0x29a8,0xffff,0xce15,0xd657,0xde56,0xe6fa,0xf73a,0xeef9,0xef3a,0xc5d4,0xeef8,0xe6b8,0xce15,0xd635,
    0x83ab,0x942e,0xde76,0xff9c,0xd615,0x738c,0x5267,0x9c4d,0xd5d3,0x20c2,0x72a6,0xe655,0xeeb7,0xacaf,0x93ec,0x7b8c,
    0xcdf4,0xd635,0x7b6b,0xde35,0xf75b,0xa4b0,0xcdf5,0xd677,0xa4b0,0xf77a,0xce15,0x9c8f,0xa4d0,0xd635,0xf73a,0xd615,
    0xa4b0,0x4a49,0xd615,0x10c4,0xacf1,0x1905,0x9c6f,0x736b,0x2147,0xacf1,0x320a,0x31c9,0xf77c,0xde56,0xe697,0xde97,
    0xad11,0xacf1,0xe697,0xeef9,0xc5d4,0xb552,0xb511,0xa4b0,0xde97,0x9c6e,0x944e,0xe6d8,0xd615,0x83cd,0x940d,0xb46d,
    0xde55,0xbd30,0x72a6,0x7265,0xeef7,0xe675,0xde34,0xe654,0xa46d,0x5207,0xa4af,0x6b0a,0xeef9,0xf73a,0xde77,0xcdf4,
    0xe6d8,0x8c0d,0x8bed,0xde76,0xd656,0xcdd4,0xd656,0xe6d8,0x8c0d,0xa4b0,0x526a,0xde56,0x31ea,0xde77,0x2167,0xeef8,
    0xde76,0x1906,0xde77,0x3a4c,0x2188,0xffde,0xe697,0xe6b7,0xeed8,0xd656,0xde77,0xde76,0x940d,0x9c6e,0xc5b3,0xd635,
    0xbd93,0xde76,0xde76,0x7b8c,0xacd0,0x41e6,0xd590,0xd5f2,0xde54,0xd5b2,0xf739,0x8307,0x0000,0x8308,0xcd91,0xde75,
    0xcd91,0xe675,0xac4c,0x3123,0xbd51,0xe6b7,0xeef8,0xce15,0xef3a,0xe697,0xeef8,0xeef9,0xeed8,0xf73a,0xce15,0xd635,
    0xef19,0xe6d8,0xa48f,0x4a49,0xe6b7,0x3a4c,0xe697,0x2167,0xb532,0xde55,0x29a9,0xe697,0x320a,0x29a9,0xffbc,0xe697,
    0xe6f9,0xeef8,0xd656,0xeef9,0xeef9,0xde97,0xe6b8,0xd635,0xde97,0xbd51,0xde77,0xd635,0x83ac,0x3943,0xac8d,0xd5f3,
    0xbd50,0xde34,0xc54f,0x7b09,0x0820,0x0000,0x6a45,0x7ac7,0xacae,0xacad,0x72a6,0x49c4,0x3944,0xcdf4,0xeef8,0xe6f8,
    0xd636,0xe6d8,0xe6d8,0xe6f9,0xe6b8,0xeef8,0xeef9,0xd656,0xe6b8,0xeef9,0xeed8,0xacf0,0x4a69,0xeed7,0x320b,0xe6b7,
    0x29a8,0xe6d8,0xad11,0x3a0b,0xe6d8,0x29ca,0x29a9,0xffdd,0xeef9,0xe6d8,0xeef8,0xd676,0xef1a,0xeef9,0xef19,0xeed8,
    0xde76,0xde76,0xcdf4,0xe697,0xd635,0x83ed,0x3102,0x6225,0x6266,0xb530,0xa48e,0x7ae7,0x59e5,0x0000,0x0000,0x0000,
    0x0020,0x6a66,0x6225,0x0000,0x0000,0x20c2,0xde56,0xf75b,0xf73a,0xd635,0xf75b,0xe6d9,0xf719,0xf75a,0xf73a,0xef19,
    0xe6b8,0xce15,0xe6d9,0xef19,0xa4b0,0x5aa9,0xf719,0x3a2b,0xef19,0x2147,0xe697,0xde76,0x320b,0xeef8,0x31ea,0x2168,
    0xffbd,0xc573,0xf73a,0xf75b,0xde77,0xf75a,0xf719,0xf73a,0xd635,0xe6d8,0xe6b8,0xc5b3,0xef19,0xe6b8,0xa48f,0x1061,
    0x0020,0x0020,0x72c7,0x5a05,0x0000,0x0000,0x0000,0x0000,0x0000,0x0000,0x0000,0x0000,0x0000,0x0000,0x93ec,0xf75b,
    0xeef9,0xf739,0xe6d8,0xbd73,0xcdf5,0xde56,0xde56,0xcdf5,0xeeb7,0xeef8,0xcdd4,0xde56,0xd636,0x6b2b,0x6b2b,0xf739,
    0x3a2b,0xef19,0x2168,0xeed8,0xf6f8,0x3a2b,0xf71a,0x29ea,0x29a9,0xbd52,0xf73a,0xeef9,0xeed8,0xd635,0xde77,0xde77,
    0xd636,0xd615,0xbd93,0xad31,0xe697,0xeef9,0xe697,0xc593,0x4164,0x0000,0x0000,0x0000,0x0000,0x0000,0x0000,0x0000,
    0x0000,0x0000,0x0000,0x0000,0x0000,0x0000,0x0000,0xb510,0xeef9,0xef19,0xf73a,0xf75b,0xe6b8,0xd636,0xe6b8,0xde77,
    0xeef9,0xf73a,0xf719,0xbd93,0xeef9,0xf75a,0x10e5,0x6b2b,0xf739,0x3a2b,0xf719,0x2168,0xef19,0xee97,0x3a2b,0xeef8,
    0x320a,0x2989,0xa48f,0xf75b,0xbd73,0xd656,0xde77,0xf719,0xef19,0xde76,0xe6b8,0xd615,0xeef9,0xeef9,0xeef9,0xde76,
    0xd656,0x8b8a,0x0000,0x0000,0x0000,0x0000,0x0000,0x0000,0x0000,0x0000,0x0000,0x0000,0x0000,0x0000,0x0000,0x0000,
    0xaccf,0xf73a,0xef19,0xf73a,0xf73a,0xde77,0xde97,0xff5b,0xf719,0xf75a,0xf73a,0xf75b,0xbd52,0xeed8,0xffbc,0x10e6,
    0x83cd,0xeed8,0x3a0b,0xf73a,0x2988,0xff7b,0xeed7,0x3a2b,0xf71a,0x31ea,0x31ea,0x942e,0xff9c,0xf75a,0xce15,0xde76,
    0xf75b,0xf75b,0xef19,0xf73a,0xd656,0xe6d8,0xf73a,0xe6b7,0xde97,0xd635,0x51e5,0x0000,0x0000,0x0000,0x0000,0x0000,
    0x0000,0x0000,0x0000,0x0000,0x0000,0x0000,0x0000,0x0000,0x0000,0xaccf,0xef19,0xe6b8,0xe6b7,0xe6b7,0xd655,0xde56,
    0xeed8,0xeef9,0xeef9,0xeed8,0xf73a,0xc5b3,0xcdf4,0xde97,0x1906,0x736c,0xe676,0x3a2b,0xeef9,0x2988,0xb4f1,0xacb0,
    0x31ea,0xe6b8,0x320a,0x31c9,0xacd0,0xe6b8,0xe6d8,0xde56,0xe697,0xeed8,0xeed8,0xe6b8,0xe6d8,0xd635,0xde77,0xde76,
    0xd635,0xcdf4,0xd635,0x49c5,0x0000,0x0000,0x0000,0x0000,0x0000,0x0000,0x0000,0x0000,0x0000,0x0000,0x0000,0x0000,
    0x0000,0x0000,0x8bcb,0xde76,0xd635,0xde76,0xcdf4,0xd656,0xd656,0xde77,0xd656,0xde56,0xde56,0xd655,0xef1a,0xde77,
    0x9c8f,0x1906,0xa4b1,0xe6b7,0x31ea,0xe697,0x29c9,0xb552,0xc592,0x31ea,0xe676,0x4a6b,0x3a0b,0xbd52,0x9c4e,0xde56,
    0xe6d8,0xc5b3,0xde96,0xde97,0xde76,0xde76,0xc5d3,0xcdf5,0xcdd4,0xc5b3,0xcdf5,0xc592,0x49c5,0x0000,0x0000,0x0000,
    0x0000,0x0000,0x0000,0x0000,0x0000,0x0000,0x0000,0x0000,0x0000,0x0000,0x0000,0x6a87,0xffbc,0xf75b,0xff9b,0xff7c,
    0xde97,0xde56,0xeef9,0xef19,0xeed8,0xf73a,0xe6d8,0xff9c,0xeef9,0x9c6f,0x2167,0xcdf5,0xee96,0x3a2b,0xf719,0x2167,
    0xde98,0xe697,0x31ea,0xeed8,0x528c,0x320a,0xc592,0xa4d0,0xef19,0xf71a,0xcdd4,0xf73a,0xeef8,0xe6b7,0xe6d8,0xde97,
    0xef3a,0xff5b,0xf73a,0xf739,0xcdf4,0x28e2,0x0000,0x0000,0x0000,0x0000,0x0000,0x0000,0x0000,0x0000,0x0000,0x0000,
    0x0000,0x0000,0x0000,0x0000,0x0000,0x3923,0x8bec,0xe6d8,0xeed8,0xde76,0xde98,0xf75a,0xf75a,0xef19,0xef19,0xd615,
    0xffbc,0xeed8,0x7b8b,0x2988,0xbd73,0xeef8,0x3a2b,0xf73a,0x2168,0x9c91,0xf77b,0x31ea,0xf75a,0x83ef,0x3a0a,0xe697,
    0x9c4e,0xeef9,0xeef8,0xad11,0xf73a,0xef19,0xf73a,0xff7b,0xd615,0xe6b7,0xd635,0xbd52,0x3124,0x0000,0x0000,0x0000,
    0x0000,0x0000,0x0000,0x0000,0x0000,0x0000,0x0000,0x0000,0x0000,0x0000,0x0000,0x0000,0x0000,0x0000,0x0000,0x322b,
    0x1926,0x1906,0x10e5,0x18e5,0xacae,0xbd51,0xc593,0xde55,0xbd72,0xf77b,0xf73a,0x4208,0x1906,0x10e4,0x1906,0x1927,
    0x18e5,0x10e5,0x2127,0x1906,0x1927,0x1906,0x1906,0x1906,0x1906,0x10e5,0xf73a,0xeed8,0xb511,0xcdd3,0xa4d0,0xa48f,
    0x41e7,0x1926,0x18e5,0x1905,0x1905,0x29a9,0x0000,0x0000,0x0000,0x0000,0x0000,0x0000,0x0000,0x0000,0x0000,0x0000,
    0x0000,0x0000,0x0000,0x0000,0x0000,0x0000,0x0000,0x0000,0x20e4,0x322c,0x29ea,0x2167,0x1947,0x2188,0x10c5,0x1947,
    0x1906,0x1906,0x1905,0x1905,0x1926,0x29ca,0x2188,0x29ca,0x31eb,0x29aa,0x1927,0x3a6d,0x29ca,0x2189,0x29ca,0x320b,
    0x2167,0x29ea,0x2189,0x1906,0x1906,0x10e4,0x18e5,0x2167,0x1926,0x1926,0x1926,0x2188,0x2189,0x29eb,0x18a2,0x0000,
    0x0000,0x0000,0x0000,0x0000,0x0000,0x0000,0x0000,0x0000,0x0000,0x0000,0x0000,0x0000,0x0000,0x0000,0x0000,0x0000,
    0x0000,0x0000,0x42ef,0x3a6d,0x29c9,0x29ca,0x3a6d,0x21a9,0x322c,0x29ea,0x21a9,0x1947,0x2168,0x29ca,0x322c,0x2a0b,
    0x322c,0x320b,0x322c,0x2168,0x3a4c,0x324c,0x2168,0x3a6d,0x320c,0x29eb,0x322c,0x320b,0x2168,0x21a9,0x2168,0x29a9,
    0x3a6d,0x21a9,0x322c,0x2188,0x29ea,0x322c,0x29ca,0x0000,0x0000,0x0000,0x0000,0x0000,0x0000,0x0000,0x0000,0x0000,
    0x0000,0x0000,0x0000,0x0000,0x0000,0x0000,0x0000,0x0000,0x0000,0x0000,0x0000,0x2904,0x42cf,0x320a,0x324c,0x2168,
    0x42ef,0x29ca,0x324c,0x320b,0x2a0b,0x3a6d,0x322c,0x322c,0x2a0b,0x320b,0x3a6d,0x324d,0x1927,0x3aae,0x3a6d,0x2188,
    0x322c,0x3a6d,0x322b,0x322c,0x322c,0x324c,0x3a6d,0x29c9,0x322b,0x29ca,0x42ce,0x29ca,0x21a9,0x29eb,0x324c,0x20c3,
    0x0000,0x0000,0x0000,0x0000,0x0000,0x0000,0x0000,0x0000,0x0000,0x0000,0x0000,0x0000,0x0000,0x0000,0x0000,0x0000,
    0x0000,0x0000,0x0000,0x0000,0x0820,0x326d,0x1926,0x1947,0x3a4c,0x29a9,0x320b,0x324c,0x320b,0x29ea,0x322c,0x322c,
    0x322b,0x2188,0x322b,0x322c,0x324c,0x1947,0x3a8e,0x29a9,0x2168,0x3a6d,0x324c,0x320b,0x320b,0x320b,0x322c,0x322c,
    0x29c9,0x322b,0x324c,0x2168,0x42ae,0x1906,0x1926,0x29ca,0x1061,0x0000,0x0000,0x0000,0x0000,0x0000,0x0000,0x0000,
    0x0000,0x0000,0x0000,0x0000,0x0000,0x0000,0x0000,0x0000,0x0000,0x0000,0x0000,0x0000,0x0000,0x0000,0x322b,0x2168,
    0x2167,0x29a9,0x29ea,0x2a0b,0x2a0b,0x29ea,0x29ca,0x29eb,0x324c,0x21a9,0x2188,0x2188,0x21a9,0x21a9,0x10e5,0x322c,
    0x1927,0x320b,0x29eb,0x29ea,0x29ca,0x29ca,0x2a0b,0x2a0b,0x29ea,0x29ca,0x2a0b,0x2a0b,0x29ca,0x2189,0x10e5,0x2189,
    0x2168,0x0000,0x0000,0x0000,0x0000,0x0000,0x0000,0x0000,0x0000,0x0000,0x0000,0x0000,0x0000,0x0000,0x0000,0x0000,
    0x0000,0x0000,0x0000,0x0000,0x0000,0x0000,0x0000,0x18c4,0x29c9,0x31ea,0x2189,0x3a4d,0x324d,0x3a4d,0x324c,0x29ea,
    0x3a6d,0x324c,0x3a6d,0x29a9,0x2167,0x2168,0x2188,0x2147,0x1906,0x29a9,0x29a9,0x1947,0x29ca,0x29ca,0x322c,0x324c,
    0x3a4d,0x3a6d,0x29ea,0x322c,0x324c,0x21a9,0x2168,0x29a9,0x29ea,0x18e5,0x0000,0x0000,0x0000,0x0000,0x0000,0x0000,
    0x0000,0x0000,0x0000,0x0000,0x0000,0x0000,0x0000,0x0000,0x0000,0x0000,0x0000,0x0000,0x0000,0x0000,0x0000,0x0000,
    0x0000,0x42ad,0x320b,0x322b,0x3a8e,0x3a6d,0x42ae,0x324c,0x320a,0x322c,0x324c,0x3a6d,0x2188,0x2188,0x2147,0x1906,
    0x2147,0x0000,0x1926,0x1905,0x2168,0x29ca,0x29ea,0x3a6d,0x3a6d,0x3a6d,0x3a8e,0x29a9,0x324d,0x324c,0x322c,0x29ca,
    0x2188,0x29ca,0x0000,0x0000,0x0000,0x0000,0x0000,0x0000,0x0000,0x0000,0x0000,0x0000,0x0000,0x0000,0x0000,0x0000,
    0x0000,0x0000,0x0000,0x0000,0x0000,0x0000,0x0000,0x0000,0x0000,0x0000,0x0000,0x0020,0x1061,0x428e,0x42cf,0x4b10,
    0x42ae,0x322c,0x326d,0x42ae,0x322c,0x29ea,0x320b,0x322c,0x29a9,0x20e4,0x0000,0x1041,0x29a9,0x320b,0x324c,0x324c,
    0x326c,0x42cf,0x42ce,0x3a8e,0x29ea,0x3a8e,0x4aef,0x320b,0x10a3,0x1061,0x0820,0x0000,0x0000,0x0000,0x0000,0x0000,
    0x0000,0x0000,0x0000,0x0000,0x0000,0x0000,0x0000,0x0000,0x0000,0x0000,0x0000,0x0000,0x0000,0x0000,0x0000,0x0000,
    0x0000,0x0000,0x0000,0x0000,0x0000,0x0000,0x0841,0xcd92,0xde34,0xcdd3,0xb4ce,0x1907,0x18e5,0x10c4,0x1905,0x18e5,
    0x1906,0x1062,0x0000,0x0000,0x0000,0x0000,0x1082,0x1905,0x10e5,0x18e5,0x2106,0x2126,0xcd92,0xbd72,0xf738,0xc552,
    0x0841,0x0020,0x0000,0x0000,0x0000,0x0000,0x0000,0x0000,0x0000,0x0000,0x0000,0x0000,0x0000,0x0000,0x0000,0x0000,
    0x0000,0x0000,0x0000,0x0000,0x0000,0x0000,0x0000,0x0000,0x0000,0x0000,0x0000,0x0000,0x0000,0x0000,0x0000,0x2923,
    0xf6d7,0xd615,0xd5f3,0xbd30,0xc5b3,0x41e7,0x31a6,0x18e4,0x2945,0x2945,0x20a2,0x0000,0x0000,0x0000,0x0000,0x1882,
    0x3186,0x2945,0x2124,0x2945,0xeed8,0xbd31,0xc571,0xb511,0xe676,0x2103,0x0000,0x0000,0x0000,0x0000,0x0000,0x0000,
    0x0000,0x0000,0x0000,0x0000,0x0000,0x0000,0x0000,0x0000,0x0000,0x0000,0x0000,0x0000,0x0000,0x0000,0x0000,0x0000,
    0x0000,0x0000,0x0000,0x0000,0x0000,0x0000,0x0000,0x4207,0xff7b,0x7b8d,0x6b4b,0x734a,0xbd52,0xa4b0,0xf739,0x7bcd,
    0x6b2c,0x5aaa,0x5aca,0x3124,0x0000,0x0000,0x0000,0x0000,0x3185,0x6b2c,0x5aa9,0x9c6f,0xff18,0xa48f,0xff7a,0x734c,
    0x6b0b,0x6b4b,0xf6f7,0x3164,0x0000,0x0000,0x0000,0x0000,0x0000,0x0000,0x0000,0x0000,0x0000,0x0000,0x0000,0x0000,
    0x0000,0x0000,0x0000,0x0000,0x0000,0x0000,0x0000,0x0000,0x0000,0x0000,0x0000,0x0000,0x0000,0x0000,0x0000,0x0020,
    0x732b,0xde35,0xff7a,0xf738,0xf6d6,0x62ca,0x5aca,0x738d,0x9c4e,0xde75,0xd5f2,0xcdb1,0x39a5,0x0000,0x0000,0x0000,
    0x0000,0x3165,0xd5d2,0xde35,0xbd10,0x8c0e,0x83ee,0x6b4c,0xff59,0xff7a,0xf719,0xc5b2,0x41e6,0x0000,0x0000,0x0000,
    0x0000,0x0000,0x0000,0x0000,0x0000,0x0000,0x0000,0x0000,0x0000,0x0000,0x0000,0x0000,0x0000,0x0000,0x0000,0x0000,
    0x0000,0x0000,0x0000,0x0000,0x0000,0x0000,0x0000,0x0000,0x10a3,0x5248,0xeef7,0xf6f7,0xf6b6,0xff9b,0xde76,0xee95,
    0xeed7,0xc592,0x41e6,0x5247,0x4a06,0x0000,0x0000,0x1083,0x0000,0x18c4,0x0000,0x5a68,0x4a06,0xb4cf,0xff38,0xf6f8,
    0xff59,0xff58,0xf6b6,0xde35,0xc592,0x41e7,0x0000,0x0000,0x0000,0x0000,0x0000,0x0000,0x0000,0x0000,0x0000,0x0000,
    0x0000,0x0000,0x0000,0x0000,0x0000,0x0000,0x0000,0x0000,0x0000,0x0000,0x0000,0x0000,0x0000,0x0000,0x0000,0x1083,
    0x10a3,0x1083,0x0020,0x5247,0x49e6,0x4a27,0x41c5,0x3984,0x4a06,0x5227,0x41c6,0x0000,0x0000,0x10a3,0x0000,0x1083,
    0x1083,0x1082,0x10a3,0x10a3,0x0000,0x0000,0x41c6,0x5a68,0x41a5,0x5227,0x5227,0x49e6,0x5227,0x4a06,0x0000,0x0841,
    0x1082,0x0862,0x18c4,0x0000,0x0000,0x0000,0x0000,0x0000,0x0000,0x0000,0x0000,0x0000,0x0000,0x0000,0x0000,0x0000,
    0x0000,0x0000,0x0000,0x0000,0x0000,0x0000,0x0000,0x0000,0x0000,0x10a3,0x0000,0x10a3,0x0000,0x0021,0x0000,0x0021,
    0x0000,0x0862,0x0862,0x0000,0x1083,0x1082,0x1083,0x18c4,0x10a3,0x1083,0x18a3,0x1083,0x1083,0x1083,0x1082,0x0821,
    0x0000,0x0842,0x0020,0x0000,0x0001,0x0000,0x0041,0x1082,0x0020,0x1082,0x18c4,0x0000,0x0000,0x0000,0x0000,0x0000,
    0x0000,0x0000,0x0000,0x0000,0x0000,0x0000,0x0000,0x0000,0x0000,0x0000,0x0000,0x0000,0x0000,0x0000,0x0000,0x0000,
    0x0000,0x0000,0x0000,0x0000,0x0000,0x1062,0x0000,0x1083,0x0000,0x1082,0x0020,0x0000,0x1082,0x1062,0x0841,0x18a3,
    0x0000,0x1083,0x0000,0x18c3,0x0000,0x0000,0x10a3,0x0841,0x0000,0x10a3,0x0000,0x10a3,0x1083,0x18a3,0x0000,0x10a3,
    0x0000,0x0000,0x0000,0x0000,0x0000,0x0000,0x0000,0x0000,0x0000,0x0000,0x0000,0x0000,0x0000,0x0000,0x0000,0x0000,
    0x0000,0x0000,0x0000,0x0000,0x0000,0x0000,0x0000,0x0000,0x0000,0x0000,0x0000,0x0000,0x0000,0x0000,0x0000,0x0000,
    0x0000,0x0000,0x0000,0x0000,0x0021,0x0841,0x0000,0x0841,0x1083,0x0000,0x10a3,0x10a3,0x0000,0x1083,0x0000,0x0000,
    0x0000,0x18c4,0x18a4,0x0000,0x0000,0x0000,0x0000,0x0000,0x0000,0x0000,0x0000,0x0000,0x0000,0x0000,0x0000,0x0000,
    0x0000,0x0000,0x0000,0x0000,0x0000,0x0000,0x0000,0x0000,
};
/* warm-rain-shell.png; source sha256 0e91cc813bef81e0204c776579a40229d33f0ca43114f0dcc0f01c6a0fd36f92; crop (363, 439, 890, 1106) */
static const uint16_t muse_wardrobe_pixels_10[] = {
    0x0000,0x0000,0x0000,0x0000,0x0000,0x0000,0x0000,0x0000,0x0000,0x0000,0x0000,0x0000,0x0000,0x0000,0x0000,0x0000,
    0x0000,0x0000,0x0000,0x0000,0x0000,0x0000,0x0000,0xaccf,0xb531,0x942d,0xbd93,0xbd31,0xbd52,0xc5b3,0xb510,0x9c6e,
    0xbd31,0x93ca,0x0000,0x0000,0x0000,0x0000,0x0000,0x0000,0x0000,0x0000,0x0000,0x0000,0x0000,0x0000,0x0000,0x0000,
    0x0000,0x0000,0x0000,0x0000,0x0000,0x0000,0x0000,0x0000,0x0000,0x0000,0x0000,0x0000,0x0000,0x0000,0x0000,0x0000,
    0x0000,0x0000,0x0000,0x0000,0x0000,0x0000,0x0000,0x0000,0x0000,0x0000,0x0000,0x0000,0x0000,0xbd30,0xb4ef,0xbd31,
    0xff9c,0xff9c,0xc5f6,0xffbc,0xff9c,0xff9c,0xff5b,0xff9c,0xce56,0xff9b,0xff9c,0xac8c,0xb4ae,0x8baa,0x1881,0x0000,
    0x0000,0x0000,0x0000,0x0000,0x0000,0x0000,0x0000,0x0000,0x0000,0x0000,0x0000,0x0000,0x0000,0x0000,0x0000,0x0000,
    0x0000,0x0000,0x0000,0x0000,0x0000,0x0000,0x0000,0x0000,0x0000,0x0000,0x0000,0x0000,0x0000,0x0000,0x0000,0x0000,
    0x0000,0x0000,0x0000,0x0000,0x0000,0x72c7,0xffff,0xffbd,0xffde,0xf75a,0xf75b,0xc616,0xf75a,0xff9c,0xef3a,0xf73a,
    0xef3a,0xd677,0xd656,0xd676,0xf6d7,0xff5a,0xbd50,0xac8d,0x0020,0x0000,0x0000,0x0000,0x0000,0x0000,0x0000,0x0000,
    0x0000,0x0000,0x0000,0x0000,0x0000,0x0000,0x0000,0x0000,0x0000,0x0000,0x0000,0x0000,0x0000,0x0000,0x0000,0x0000,
    0x0000,0x0000,0x0000,0x0000,0x0000,0x0000,0x0000,0x0000,0x0000,0x0000,0x0000,0x0000,0x8b6a,0x8baa,0xeef9,0xff9c,
    0xffbd,0xff9b,0xff9c,0xf77b,0xc615,0xff9c,0xff7b,0xf75a,0xffbd,0xff7c,0xce15,0xff5b,0xff7b,0xf6b5,0xee95,0xd614,
    0xff9b,0x8349,0x8b69,0x0000,0x0000,0x0000,0x0000,0x0000,0x0000,0x0000,0x0000,0x0000,0x0000,0x0000,0x0000,0x0000,
    0x0000,0x0000,0x0000,0x0000,0x0000,0x0000,0x0000,0x0000,0x0000,0x0000,0x0000,0x0000,0x0000,0x0000,0x0000,0x0000,
    0x0000,0x0000,0x0000,0x0000,0xa46d,0xff9c,0xf73a,0xff9c,0xef3a,0xf75b,0xff9c,0xf77b,0xff7b,0xce57,0xf75b,0xff7b,
    0xf77b,0xff7b,0xf75b,0xce57,0xf77b,0xf75b,0xee95,0xee95,0xcdd2,0xeeb5,0xf6b5,0xff7b,0xac6d,0x0000,0x0000,0x0000,
    0x0000,0x0000,0x0000,0x0000,0x0000,0x0000,0x0000,0x0000,0x0000,0x0000,0x0000,0x0000,0x0000,0x0000,0x0000,0x0000,
    0x0000,0x0000,0x0000,0x0000,0x0000,0x0000,0x0000,0x0000,0x0000,0x0000,0x0000,0x6ac8,0xa42b,0xffdd,0xff9c,0xeef8,
    0xff9c,0xf75b,0xff7b,0xff7b,0xf75b,0xff7c,0xce36,0xff9c,0xff9c,0xf75b,0xf75a,0xf75b,0xd677,0xf77b,0xf75b,0xf6b5,
    0xf6b5,0xcdf2,0xf6d6,0xf6b5,0xee94,0xffbc,0xa3ea,0x8b69,0x0000,0x0000,0x0000,0x0000,0x0000,0x0000,0x0000,0x0000,
    0x0000,0x0000,0x0000,0x0000,0x0000,0x0000,0x0000,0x0000,0x0000,0x0000,0x0000,0x0000,0x0000,0x0000,0x0000,0x0000,
    0x0000,0x0000,0x0000,0x20c2,0xbd72,0xd636,0xd657,0xd677,0xd636,0xce56,0xce56,0xd657,0xce36,0xce36,0xce15,0xce36,
    0xce16,0xce36,0xce36,0xd677,0xce36,0xce15,0xce15,0xce36,0xd614,0xcdd2,0xcdb2,0xcd91,0xcdd2,0xcdd3,0xd614,0xe676,
    0xd614,0x7b29,0x0000,0x0000,0x0000,0x0000,0x0000,0x0000,0x0000,0x0000,0x0000,0x0000,0x0000,0x0000,0x0000,0x0000,
    0x0000,0x0000,0x0000,0x0000,0x0000,0x0000,0x0000,0x0000,0x0000,0x0000,0x0000,0x0000,0x2923,0xd635,0xf75b,0xff9c,
    0xff7b,0xeef8,0xf79c,0xf75b,0xf77b,0xf75a,0xef19,0xf75b,0xce36,0xf77b,0xf77c,0xf73b,0xef1a,0xef3a,0xd677,0xf75b,
    0xf719,0xee94,0xf6b5,0xd5f3,0xf6b5,0xeeb5,0xf695,0xeeb6,0xf739,0xeef8,0xa48d,0x0000,0x0000,0x0000,0x0000,0x0000,
    0x0000,0x0000,0x0000,0x0000,0x0000,0x0000,0x0000,0x0000,0x0000,0x0000,0x0000,0x0000,0x0000,0x0000,0x0000,0x0000,
    0x0000,0x0000,0x0000,0x0000,0x5a26,0x940d,0xd697,0xef3a,0xf75a,0xf77b,0xf719,0xff7b,0xe6f9,0xf75b,0xe6d8,0xef3a,
    0xef3a,0xc616,0xff7b,0xff5a,0xf75b,0xff9c,0xf77b,0xce15,0xe6d8,0xe6b7,0xeeb6,0xe674,0xcdb2,0xee94,0xee95,0xee95,
    0xee94,0xeeb6,0xde55,0xde35,0x7286,0x0000,0x0000,0x0000,0x0000,0x0000,0x0000,0x0000,0x0000,0x0000,0x0000,0x0000,
    0x0000,0x0000,0x0000,0x0000,0x0000,0x0000,0x0000,0x0000,0x0000,0x0000,0x0000,0x0000,0x6225,0xc571,0xd656,0xd656,
    0xef1a,0xf75a,0xf71a,0xef19,0xef19,0xef19,0xff7b,0xffdf,0xffde,0xffbd,0xbdb4,0xff9b,0xffbd,0xffbe,0xff9c,0xff9c,
    0xce16,0xffbc,0xffdf,0xff9c,0xff7b,0xcdb2,0xf6b6,0xee95,0xf695,0xf695,0xe654,0xd5f3,0xde76,0xe655,0x6225,0x0000,
    0x0000,0x0000,0x0000,0x0000,0x0000,0x0000,0x0000,0x0000,0x0000,0x0000,0x0000,0x0000,0x0000,0x0000,0x0000,0x0000,
    0x0000,0x0000,0x0000,0x0000,0x0000,0x6a25,0xcdd4,0xdeb8,0xce35,0xe6f9,0xe6b8,0xeef9,0xff7b,0xffbd,0xf77c,0xffbd,
    0x9c0b,0x8b69,0x7b08,0x6aa7,0x8328,0x8308,0x8328,0x8328,0x7b08,0x6aa7,0x8b49,0x8329,0x8b89,0xc52f,0xff7b,0xffdd,
    0xff59,0xe674,0xe653,0xe654,0xcdb1,0xd613,0xe676,0x7266,0x0000,0x0000,0x0000,0x0000,0x0000,0x0000,0x0000,0x0000,
    0x0000,0x0000,0x0000,0x0000,0x0000,0x0000,0x0000,0x0000,0x0000,0x0000,0x0000,0x0000,0x0000,0x0000,0xb4ce,0xde97,
    0xdeb8,0xce36,0xde98,0xffbd,0xffbd,0xc592,0x8b69,0xac4b,0xbcee,0xb48c,0xac4b,0xb48c,0xa44c,0xbcad,0xc4ee,0xbcad,
    0xbcad,0xbccd,0xa40b,0xbc8d,0xbc8c,0xb48c,0xbccd,0x7308,0x8baa,0xacae,0xff7b,0xff18,0xddf2,0xcdd2,0xde13,0xf718,
    0xb4ee,0x0000,0x0000,0x0000,0x0000,0x0000,0x0000,0x0000,0x0000,0x0000,0x0000,0x0000,0x0000,0x0000,0x0000,0x0000,
    0x0000,0x0000,0x0000,0x0000,0x0000,0x0000,0x6225,0xfffe,0xde76,0xe6d8,0xce35,0xe6d8,0xffbb,0x93ca,0xbcce,0xfe53,
    0xedd0,0xfe52,0xfe52,0xfe52,0xfe73,0xbd0e,0xfe73,0xfe52,0xfe73,0xfe72,0xfe73,0xbcac,0xfe93,0xfe31,0xfe93,0xfe72,
    0xb4ad,0xfe31,0xcd2f,0x8b69,0xff9b,0xeeb7,0xde55,0xd5f2,0xde33,0xff9a,0x6205,0x0000,0x0000,0x0000,0x0000,0x0000,
    0x0000,0x0000,0x0000,0x0000,0x0000,0x0000,0x0000,0x0000,0x0000,0x0000,0x0000,0x0000,0x0000,0x0000,0x0000,0x6246,
    0xde76,0xce36,0xc5f4,0xce16,0xcdf5,0x8b8a,0x9bca,0xbcee,0xcd2f,0xcd4f,0xc4ee,0xcd2f,0xcd50,0xcd4f,0xbcce,0xcd0f,
    0xcd2e,0xc52f,0xd570,0xcd0e,0xbcad,0xc50e,0xcd70,0xcd70,0xc50e,0xb4ad,0xcd50,0xcd50,0xa3eb,0x7b07,0xbd51,0xcdd3,
    0xcdd3,0xd5f4,0xcdd2,0x51c4,0x0000,0x0000,0x0000,0x0000,0x0000,0x0000,0x0000,0x0000,0x0000,0x0000,0x0000,0x0000,
    0x0000,0x0000,0x0000,0x0000,0x0000,0x0000,0x0000,0x0000,0xa46d,0xffdd,0xc5d3,0xce15,0xc5b3,0xbd51,0x8b89,0xfe73,
    0xfe31,0xfe74,0xe5f1,0xf652,0xfe73,0xfeb4,0xf632,0xbcac,0xfed4,0xfeb5,0xfe73,0xfed5,0xfe73,0xc530,0xfe73,0xf653,
    0xff58,0xf632,0xb4ee,0xfe94,0xfe73,0xfe52,0x8b69,0x9c2c,0xcd92,0xde97,0xde13,0xff59,0x8328,0x0000,0x0000,0x0000,
    0x0000,0x0000,0x0000,0x0000,0x0000,0x0000,0x0000,0x0000,0x0000,0x0000,0x0000,0x0000,0x0000,0x0000,0x0000,0x0000,
    0x59e5,0xffbc,0xf73a,0xcdf4,0xd656,0x8b8a,0x7ae8,0xfe32,0xfe94,0xf653,0xf6b6,0xee33,0xf674,0xfed5,0xf632,0xff38,
    0xc571,0xfe94,0xff18,0xf652,0xf632,0xff59,0xd591,0xf652,0xfed6,0xf652,0xff17,0xc570,0xfe94,0xfe73,0xfe94,0xfe52,
    0x7ac7,0x7b08,0xe6d8,0xeeb6,0xeeb5,0xf717,0x6225,0x0000,0x0000,0x0000,0x0000,0x0000,0x0000,0x0000,0x0000,0x0000,
    0x0000,0x0000,0x0000,0x0000,0x0000,0x0000,0x0000,0x0000,0x0000,0x8328,0xff7b,0xe676,0xe6b8,0xb4f0,0x8b8a,0xb4ad,
    0xfe73,0xfeb5,0xfe94,0xfe73,0xf674,0xfed6,0xf694,0xf673,0xfef7,0xcdd3,0xff38,0xff17,0xfef7,0xfef7,0xff39,0xc571,
    0xff39,0xfed5,0xfe94,0xff17,0xde34,0xf673,0xfe93,0xfeb5,0xfe94,0xa42b,0x9bcb,0x8349,0xf75a,0xee95,0xff59,0x7286,
    0x0000,0x0000,0x0000,0x0000,0x0000,0x0000,0x0000,0x0000,0x0000,0x0000,0x0000,0x0000,0x0000,0x0000,0x0000,0x0000,
    0x0000,0x0000,0xcdd3,0xef19,0xd614,0xe697,0xacae,0xcd4f,0xddf2,0xf653,0xee74,0xee54,0xe612,0xe613,0xe633,0xee74,
    0xee74,0xeeb7,0xcdd3,0xf6f8,0xee95,0xf6f8,0xeed7,0xe654,0xc5b3,0xeeb6,0xee95,0xee75,0xe654,0xddd2,0xe654,0xee74,
    0xee32,0xee12,0xe5f2,0xd590,0xa44c,0xf75b,0xf6d7,0xde34,0xcdd2,0x0000,0x0000,0x0000,0x0000,0x0000,0x0000,0x0000,
    0x0000,0x0000,0x0000,0x0000,0x0000,0x0000,0x0000,0x0000,0x0000,0x0000,0x0000,0xc592,0xef5b,0xde56,0xde56,0xacae,
    0xc52f,0xddb1,0xf6b5,0xff18,0xf6b5,0xf6d6,0xf6d6,0xf694,0xfef7,0xf6f7,0xff38,0xc592,0xf6f7,0xff59,0xf6f7,0xf6f7,
    0xff18,0xc571,0xf6f7,0xf6d7,0xff18,0xfef6,0xee75,0xf6d6,0xfed5,0xf674,0xf694,0xe612,0xd570,0xac6c,0xff7b,0xeeb6,
    0xe675,0xd5d2,0x0000,0x0000,0x0000,0x0000,0x0000,0x0000,0x0000,0x0000,0x0000,0x0000,0x0000,0x0000,0x0000,0x0000,
    0x0000,0x0000,0x0000,0x8348,0xff7b,0xeef8,0xff7b,0x9c2c,0xb4ee,0xcdb1,0xd5d2,0xfef7,0xf6b6,0xfeb5,0xff18,0x0020,
    0x0000,0x0000,0xf719,0xf6d6,0xc572,0xff38,0xff39,0xfef7,0xff18,0xff39,0xc572,0xfef6,0xfef7,0x0000,0x0000,0x0000,
    0xfed6,0xf6b4,0xfeb5,0xfeb5,0xddd1,0xd590,0xbd0f,0x93ca,0xffbd,0xe633,0xff18,0x6225,0x0000,0x0000,0x0000,0x0000,
    0x0000,0x0000,0x0000,0x0000,0x0000,0x0000,0x0000,0x0000,0x0000,0x0000,0x0000,0x0000,0xb4f0,0xf77b,0xde34,0xff9b,
    0x8baa,0xacad,0xd5f2,0xddf2,0xf6b5,0xf694,0xf6d6,0x0000,0xffff,0xad55,0x0000,0x0000,0xff39,0xbd71,0xff39,0xfed6,
    0xff18,0xff18,0xf6f7,0xc551,0xf718,0x0000,0xffdf,0x0000,0x0000,0x0000,0xfed6,0xfe94,0xf6b5,0xd5b0,0xcd91,0xddf2,
    0x8389,0xff9b,0xde13,0xf6f7,0x9bca,0x0000,0x0000,0x0000,0x0000,0x0000,0x0000,0x0000,0x0000,0x0000,0x0000,0x0000,
    0x0000,0x0000,0x0000,0x0000,0x3163,0xc5b3,0xeef9,0xde55,0xd5f3,0x93aa,0xc52f,0xcdb1,0xde34,0xf674,0xf6d6,0xee54,
    0x0000,0x0000,0x0000,0x0000,0x0000,0xfed6,0xc5b3,0xf6b7,0xfef7,0xff18,0xeeb6,0xf695,0xc592,0xe654,0x0000,0x0000,
    0x0000,0x0000,0x0000,0xee53,0xf695,0xee53,0xd5b1,0xd5d2,0xcd70,0xa42c,0xe695,0xe675,0xde33,0xcdb1,0x2902,0x0000,
    0x0000,0x0000,0x0000,0x0000,0x0000,0x0000,0x0000,0x0000,0x0000,0x0000,0x0000,0x0000,0x0020,0xa44d,0xef19,0xde76,
    0xd656,0xd634,0x9beb,0xc550,0xcd91,0xd5f3,0xe653,0xe654,0xee74,0x0000,0x0000,0x0000,0x0000,0x0000,0xeef8,0xcdb2,
    0xeeb7,0xeed7,0xee95,0xe6b6,0xe696,0xc572,0xf718,0x0000,0x0000,0x0000,0x0000,0x0840,0xee54,0xee74,0xe653,0xd5d2,
    0xd590,0xcdb1,0x9beb,0xe675,0xeed7,0xd5d1,0xeeb6,0x7b08,0x0000,0x0000,0x0000,0x0000,0x0000,0x0000,0x0000,0x0000,
    0x0000,0x0000,0x0000,0x0000,0x0000,0x0020,0xaccf,0xff7b,0xde55,0xeef8,0xc571,0xa44c,0xb4ee,0xde12,0xd5b1,0xfef6,
    0xfeb4,0xfed6,0xf6f7,0x0841,0x0000,0x0000,0xff5a,0xfef7,0xcdf4,0xff7a,0xfef7,0xfed6,0xfed6,0xff39,0xc592,0xfef6,
    0xff19,0x0000,0x0000,0x0000,0xf6b5,0xf694,0xfeb5,0xf6d6,0xddf2,0xd590,0xee54,0x9c0b,0xc571,0xff7a,0xde13,0xf6f7,
    0x7b08,0x0000,0x0000,0x0000,0x0000,0x0000,0x0000,0x0000,0x0000,0x0000,0x0000,0x0000,0x0000,0x0000,0x0020,0xa46d,
    0xff7b,0xde76,0xe696,0xbd51,0x8baa,0xc50e,0xcd91,0xddd2,0xf6b5,0xf533,0xfed6,0xf6b6,0xfef6,0xf6d6,0xfef7,0xf6d5,
    0xff38,0xc592,0xff38,0xfed6,0xff18,0xff18,0xf6f7,0xbd30,0xff17,0xf6d6,0xf6d6,0xfed5,0xe654,0xf6b6,0xf513,0xfed5,
    0xf6d6,0xddf2,0xd5f2,0xcd90,0x93ca,0xc591,0xff7b,0xde33,0xeeb6,0x7b08,0x0000,0x0000,0x0000,0x0000,0x0000,0x0000,
    0x0000,0x0000,0x0000,0x0000,0x0000,0x0000,0x0000,0x0020,0xacce,0xff5a,0xe696,0xeef9,0xcdb1,0x8328,0x9c0b,0xd5b0,
    0xdd90,0xecf2,0xff58,0xff79,0xf4f2,0xf694,0xf6d6,0xfed5,0xf6d6,0xfed5,0xacd0,0x0840,0xff17,0xfed6,0xfed6,0x0840,
    0xb4ae,0xff16,0xfed6,0xfeb5,0xfef6,0xc52f,0xf4d2,0xff79,0xfd54,0xfeb4,0xe5f2,0xd591,0xcd70,0x93ca,0xcdd2,0xff59,
    0xe674,0xf694,0x8328,0x0000,0x0000,0x0000,0x0000,0x0000,0x0000,0x0000,0x0000,0x0000,0x0000,0x0000,0x0000,0x0000,
    0x0000,0x7ae7,0xce14,0xcdf4,0xbd93,0xd635,0x72e8,0x8349,0xac6d,0xacae,0xccae,0xd4d0,0xcc90,0xd48f,0xc54f,0xbd2f,
    0xbd30,0xc550,0xc572,0xb4ef,0x72a7,0x8b8b,0x7b2a,0x7309,0x8308,0xac8e,0xc592,0xc550,0xc550,0xc550,0xc510,0xcc6e,
    0xccb0,0xd4b0,0xbcee,0xbcee,0xac6d,0x8bab,0x72e7,0xde55,0xcdd2,0xc570,0xcdd2,0x6246,0x0000,0x0000,0x0000,0x0000,
    0x0000,0x0000,0x0000,0x0000,0x0000,0x0000,0x0000,0x0000,0x0000,0x0000,0x49c4,0xf739,0xeef8,0xde77,0xff9c,0x9c6d,
    0x8b89,0xa42c,0xac8d,0xfed5,0xf4f2,0xfd33,0xfef6,0xf695,0xf673,0xf673,0xfeb5,0xfed5,0xc550,0xfeb5,0x1841,0x1040,
    0x1841,0xff17,0xc530,0xfef6,0xfeb5,0xfe74,0xfed5,0xcd91,0xf694,0xfcd2,0xfe94,0xfeb6,0xb4ad,0x93aa,0x8328,0x940b,
    0xff9b,0xee95,0xee95,0xee74,0x49c4,0x0020,0x0000,0x0000,0x0000,0x0000,0x0000,0x0000,0x0000,0x0000,0x0000,0x0000,
    0x0000,0x0000,0x0000,0x0000,0x6a66,0xeef9,0xde56,0xff7a,0xcdf4,0x8bcb,0x8b69,0x8b89,0xfe94,0xf6b5,0xfe94,0xfed6,
    0xee53,0xfe73,0xfeb5,0xfe94,0xfe93,0xc52f,0xfeb5,0xf6b5,0xf695,0xfed6,0xf694,0xc530,0xfe94,0xf6b5,0xfeb5,0xfe73,
    0xbd0f,0xfed6,0xfe73,0xfeb5,0xf673,0x9c0b,0x93aa,0x72c7,0xbd50,0xff9b,0xddf1,0xee74,0x7ac7,0x0000,0x0000,0x0000,
    0x0000,0x0000,0x0000,0x0000,0x0000,0x0000,0x0000,0x0000,0x0000,0x0000,0x0000,0x0000,0x0000,0x0000,0xac8e,0xf73a,
    0xd635,0xde77,0xde97,0x8bcb,0x7b29,0x8baa,0xf673,0xfe94,0xf652,0xedf2,0xfeb5,0xfe94,0xfe74,0xfe32,0xc50f,0xfe94,
    0xfeb5,0xf695,0xf674,0xfe94,0xbcee,0xfed5,0xfeb4,0xfe94,0xfe52,0xb4ee,0xf694,0xfeb5,0xf673,0x8b8a,0x8349,0x8369,
    0xc550,0xf75a,0xe633,0xeef7,0x93ca,0x0000,0x0000,0x0000,0x0000,0x0000,0x0000,0x0000,0x0000,0x0000,0x0000,0x0000,
    0x0000,0x0000,0x0000,0x0000,0x0000,0x0000,0x0000,0x7266,0x7b28,0xde33,0xd5f3,0xd636,0xce35,0xf75b,0x9c2b,0x9beb,
    0x9389,0xd590,0xe612,0xf694,0xfe32,0xf632,0xfe74,0xc52f,0xfeb4,0xf652,0xf673,0xfe32,0xfe74,0xbcef,0xfe52,0xf5f0,
    0xdd6f,0xfe94,0xbd0f,0xe5b0,0x8b89,0x9beb,0xa40b,0xf739,0xd635,0xd635,0xe633,0xde12,0x8b8a,0x6205,0x0000,0x0000,
    0x0000,0x0000,0x0000,0x0000,0x0000,0x0000,0x0000,0x0000,0x0000,0x0000,0x0000,0x0000,0x0000,0x0000,0x0000,0x8328,
    0xd5f2,0xb4ee,0x9c2b,0x8389,0x9c4c,0xc5b2,0xe6d8,0xe6d8,0xe6d8,0xb4ee,0x8369,0xa46c,0xb48d,0x93cb,0xcd70,0xa42c,
    0x93ca,0xbcee,0xbccd,0xe613,0xddb1,0xac6d,0x8b89,0x9beb,0x9bcb,0xb4ce,0x93eb,0x72e8,0x8baa,0xc550,0xe675,0xee96,
    0xe695,0xcd91,0xa46d,0x8b8a,0xa44c,0xb4ce,0xcd91,0x72a7,0x0000,0x0000,0x0000,0x0000,0x0000,0x0000,0x0000,0x0000,
    0x0000,0x0000,0x0000,0x0000,0x0000,0x0000,0x0000,0x4183,0xcd93,0xcd91,0xcd90,0xb4ee,0xa46d,0xa48e,0xbd72,0xc5d4,
    0xd656,0xd636,0xc5d3,0xad11,0xb530,0xbd51,0xb511,0xc592,0xb511,0x9c8f,0xc592,0xacaf,0xbd31,0xa48d,0xbd0f,0xa44d,
    0xb4ce,0xbd0f,0xbd2f,0xbcef,0x9c4d,0xb4cf,0xcd91,0xd614,0xd613,0xc570,0xb4ef,0xa44c,0xacad,0xb4ee,0xc570,0xc591,
    0xbd10,0x3963,0x0000,0x0000,0x0000,0x0000,0x0000,0x0000,0x0000,0x0000,0x0000,0x0000,0x0000,0x0000,0x0000,0x0020,
    0x9bca,0xff9b,0xe633,0xe674,0xee94,0xc591,0xc591,0xc5b3,0xc5b3,0xd635,0xf719,0xff9c,0xff7b,0xef3a,0xff9c,0xff7a,
    0xff9c,0xff7b,0xce15,0xf75a,0xb531,0xad75,0xacae,0xee74,0xcdd2,0xff79,0xff38,0xff18,0xff38,0xcdb2,0xff7a,0xff9b,
    0xe653,0xd5d1,0xb4ed,0xacad,0xbcee,0xcdb1,0xee74,0xde13,0xddf2,0xff7b,0x7ac7,0x0020,0x0000,0x0000,0x0000,0x0000,
    0x0000,0x0000,0x0000,0x0000,0x0000,0x0000,0x0000,0x3943,0xa46e,0xff9b,0xff39,0xff7a,0xe612,0xe674,0xde76,0xe71a,
    0xef5b,0xef5b,0xeef9,0xde76,0xd634,0xef3a,0xf75b,0xff9c,0xff7b,0xf75b,0xf75b,0xce36,0xf77b,0xcdf4,0x8c51,0xcdd3,
    0xff58,0xde13,0xff38,0xf717,0xf6d6,0xf6f6,0xcdd2,0xf6d6,0xe633,0xe633,0xf6b5,0xe654,0xde13,0xd5d2,0xeeb6,0xe674,
    0xddf2,0xff5a,0xf739,0xff7c,0x8348,0x1040,0x0000,0x0000,0x0000,0x0000,0x0000,0x0000,0x0000,0x0000,0x0000,0x93aa,
    0xe6f9,0xffbd,0xf718,0xff7a,0xff5a,0xee94,0xde34,0xde77,0xe6d9,0xef3a,0xe6fa,0xf75a,0xf75b,0xe6f9,0xd635,0xd5f4,
    0xd635,0xf75b,0xf77b,0xff9c,0xc615,0xf77a,0xcdf4,0x9cf3,0xd635,0xff38,0xcdd2,0xee74,0xde13,0xe633,0xf6b5,0xc591,
    0xee94,0xf6b5,0xf695,0xf6b5,0xe653,0xd5d2,0xd613,0xeeb6,0xd5d1,0xff18,0xff5a,0xf718,0xff38,0xf77c,0x93eb,0x9beb,
    0x0000,0x0000,0x0000,0x0000,0x0000,0x0000,0x0000,0xac6c,0xffbd,0xde97,0xeed8,0xf6f8,0xf6d6,0xff17,0xd5b1,0xff5a,
    0xdeb8,0xde97,0xef1a,0xdeb8,0xf75b,0xef19,0xef19,0xef3a,0xe6d8,0xdeb8,0xcdf4,0xd614,0xf73a,0xd677,0xf77b,0xce15,
    0xad55,0xd656,0xe633,0xcd70,0xe653,0xef7d,0xdeba,0xeeb5,0xd5f3,0xf6b6,0xf694,0xee94,0xee94,0xe674,0xd5f2,0xd5f2,
    0xde34,0xf6d5,0xcdb2,0xf718,0xf6f7,0xff5a,0xe675,0xe6b8,0xffff,0x8348,0x0000,0x0000,0x0000,0x0000,0x0000,0xac6c,
    0xff7b,0xce36,0xd676,0xde96,0xeeb7,0xeeb6,0xeed6,0xcd70,0xf75b,0xd676,0xe6d9,0xe6f9,0xdeb8,0xe6f9,0xe6f9,0xef3a,
    0xe71a,0xd697,0xde97,0xcdf4,0xcdf4,0xe719,0xce35,0xef19,0xcdf5,0xb5b6,0xc5d3,0xde13,0xcdb1,0xd5f2,0x52aa,0xd678,
    0xe654,0xd5f3,0xe633,0xe653,0xe674,0xe675,0xde13,0xd5f2,0xde34,0xd5f2,0xee75,0xcd91,0xeed7,0xeed7,0xeef8,0xd635,
    0xde56,0xde97,0xffbc,0x9347,0x0000,0x0000,0x0000,0x0000,0xc570,0xffde,0xff59,0xd656,0xf73a,0xff17,0xff7b,0xd5d2,
    0xcd90,0xff9b,0xd698,0xdeb8,0xef1a,0xe6fa,0xf73a,0xf75b,0xf75b,0xf75b,0xef3a,0xf77b,0xef3a,0xde97,0xd615,0xad10,
    0xd614,0xce16,0xbdf7,0xd615,0xfef6,0xcdb1,0xf6b5,0xad75,0xce58,0xf6b5,0xd5f3,0xf6d6,0xf6b5,0xf6b5,0xf6b5,0xe674,
    0xd613,0xcdd2,0xde54,0xfef6,0xcd4f,0xde13,0xff7b,0xfef7,0xf75a,0xde56,0xff39,0xff9c,0xa40b,0x0000,0x0000,0x0000,
    0xa46d,0xff9c,0xee95,0xde13,0xc550,0xeeb6,0xff5a,0xe654,0xa44c,0xf6f7,0xf6f6,0xd5b1,0xe675,0xef5b,0xd677,0xf75b,
    0xf75b,0xf75b,0xf75a,0xef3b,0xf77b,0xf77c,0xf75b,0xef3a,0xce16,0xef3a,0xcdf5,0xc618,0xd635,0xfef6,0xd5f3,0xee95,
    0xf7bf,0xffbe,0xf6b5,0xd5f2,0xf6f6,0xf6d6,0xf6b5,0xf6b5,0xee95,0xd613,0xcdb1,0xde13,0xf6f6,0xf6b6,0xac6c,0xe674,
    0xff7b,0xeeb6,0xbd30,0xd5f2,0xe654,0xff9c,0x8b48,0x0000,0x0000,0x7287,0xb510,0xffbd,0xffbb,0xd614,0xcdd2,0xde33,
    0xe653,0xac6d,0xd5d2,0xde13,0xbd50,0xde33,0xe6d9,0xded9,0xf75b,0xf75a,0xf77b,0xff7c,0xef19,0xff7b,0xf75b,0xf73a,
    0xf75b,0xce56,0xf77c,0xce36,0xb5b6,0xd635,0xff58,0xcd91,0xf695,0xffdf,0xf79e,0xf6d6,0xde33,0xf6d5,0xf6b5,0xf6d6,
    0xf6d6,0xe674,0xd5f2,0xcdd3,0xcdb2,0xde13,0xd5d2,0xac8d,0xe654,0xde13,0xcdb1,0xeed7,0xff7b,0xff7a,0x9c2c,0x7286,
    0x0000,0x0000,0x7ae7,0xa44d,0xe697,0xe696,0xd5f4,0xcd91,0xc550,0xcdb1,0x8bca,0xc616,0xf79e,0xbd72,0xcdb2,0xd677,
    0xd677,0xd657,0xd677,0xd698,0xd677,0xdeb8,0xd697,0xce57,0xd677,0xdeb8,0xce36,0xd698,0xc5d5,0xb5b6,0xc5b3,0xd614,
    0xcd91,0xcdd2,0xf7df,0xef7d,0xde34,0xd5f3,0xd5f2,0xd613,0xde13,0xd5f3,0xd5f2,0xd613,0xc591,0xcd71,0xf7be,0xbdd6,
    0x9c0b,0xd5d2,0xbd2f,0xc550,0xde56,0xde97,0xe696,0x93eb,0x7b08,0x0020,0x6a65,0xff17,0xb4ef,0x6aa7,0xeed7,0xce15,
    0xff59,0xcd70,0xd5b1,0x9c2b,0xd679,0xbdd7,0xcdb2,0xde34,0xe6f9,0xdeb8,0xf75b,0xf77b,0xf75b,0xf75a,0xef3a,0xf77b,
    0xf73a,0xf75b,0xf75b,0xd678,0xf75a,0xce16,0xbdf7,0xd635,0xfef5,0xd5f2,0xf694,0xf7bf,0xffff,0xf6b5,0xd5f2,0xfef7,
    0xf6b5,0xf695,0xf6b5,0xee95,0xd5f2,0xcd91,0xd5f3,0xef5d,0xc5f7,0xa42b,0xd5d1,0xddf2,0xf739,0xd5d2,0xf718,0x8328,
    0xb4ce,0xff38,0x6245,0x7aa6,0xfed6,0xf6d6,0xf6d5,0x8328,0x5a25,0xde13,0xf6f7,0xac6d,0xcd70,0xce57,0xe73c,0xcdd3,
    0xde34,0xe6fa,0xe6d9,0xf77b,0xf75b,0xf77b,0xf77c,0xef3a,0xf75a,0xf77b,0xf75b,0xf77b,0xce56,0xf75b,0xce57,0xbdf7,
    0xd635,0xff17,0xcdd2,0xee94,0xffff,0xf7be,0xf6d6,0xde13,0xf6d6,0xf6b5,0xf6b5,0xf6d5,0xee95,0xd5f2,0xcdb2,0xd5d2,
    0xf7be,0xce58,0xcd90,0xac8c,0xff18,0xcdd2,0x6266,0x7b08,0xf6b5,0xf6d6,0xfed5,0x6246,0x7aa6,0xfef7,0xfef6,0xfef7,
    0xd5b1,0xb4ce,0x7b08,0xa44c,0xac8d,0xf6f7,0xce57,0xef7d,0xcdd3,0xde13,0xe6fa,0xef1a,0xf75b,0xf75b,0xf75b,0xf75b,
    0xef3a,0xf79c,0xf75b,0xf73b,0xf75a,0xce36,0xf77b,0xd657,0xb5b6,0xd615,0xff38,0xcdd2,0xee73,0xffff,0xf7be,0xf6b6,
    0xd5f3,0xf6b5,0xf6b5,0xf6b5,0xf6b5,0xee95,0xd613,0xc570,0xddf3,0xffdf,0xc617,0xf6d7,0xac8d,0x940c,0x7b08,0xcdb1,
    0xcd91,0xf6d6,0xfeb5,0xfed6,0x6a66,0x0000,0x7ac7,0xc50e,0xf674,0xde13,0xbd0f,0xcd70,0x7aa7,0x6a87,0xff7a,0xce78,
    0xf79d,0xcd91,0xde34,0xded9,0xe6f9,0xf75b,0xf75b,0xf77b,0xf75a,0xef3a,0xf77b,0xf73a,0xf73a,0xf77b,0xce36,0xef5a,
    0xce36,0xc638,0xd635,0xfef6,0xcdb1,0xf6d6,0xffdf,0xf7be,0xf6b6,0xd5d2,0xf6d6,0xf6b5,0xf6b5,0xf695,0xee95,0xd5f2,
    0xc571,0xd5d1,0xffdf,0xce37,0xf6f7,0x6226,0x6a46,0xd5b1,0xb4ee,0xd5f3,0xee73,0xa42b,0x8308,0x0000,0x0000,0x6a66,
    0x6245,0xd5b1,0xd5d2,0xbd0f,0x8307,0x5a05,0x72c7,0xde97,0xc617,0xd6ba,0xc591,0xd5d2,0xd677,0xdeb8,0xd698,0xd697,
    0xde98,0xd698,0xd697,0xd698,0xd697,0xd657,0xd698,0xce57,0xd697,0xc5d5,0xc638,0xc5d3,0xd5f2,0xcd91,0xd5f2,0xc591,
    0xcdf4,0xd5d1,0xcdd2,0xde13,0xd5f2,0xde13,0xd5f2,0xd633,0xcdd2,0xc591,0xc52f,0xef7d,0xc5f6,0xde34,0x6226,0x6225,
    0x8328,0xcd91,0xd5d2,0xde13,0x6a46,0x6a86,0x0000,0x0000,0x0000,0x0000,0x7ac7,0x72a7,0x6a46,0x3102,0x0000,0xd5d2,
    0xff38,0xce16,0xf79e,0xcdd2,0xde13,0xdeb8,0xef3a,0xf75a,0xf77b,0xf75a,0xf77b,0xef3a,0xf77b,0xf75b,0xf77b,0xf77b,
    0xce36,0xf79c,0xce36,0xc618,0xcdf4,0xff38,0xcdb1,0xf6d6,0xee94,0xf6b5,0xf6d6,0xd5f2,0xf6b5,0xf6b5,0xf6b5,0xee94,
    0xe674,0xd5f2,0xbd2f,0xd5d1,0xffff,0xc5f7,0xff18,0xcdb1,0x0000,0x3102,0x72a7,0x6246,0x72a7,0x0000,0x0000,0x0000,
    0x0000,0x0000,0x0000,0x0000,0x0000,0x0000,0x0000,0x0000,0xeef8,0xf717,0xce57,0xef7d,0xcdb2,0xde13,0xe6fa,0xe71a,
    0xef5b,0xf75b,0xf75b,0xf77b,0xef3a,0xf75a,0xf75b,0xf75b,0xf75a,0xce16,0xf75b,0xce36,0xc618,0xd656,0xff17,0xd5b1,
    0xf6d5,0xee95,0xf6d6,0xf6f6,0xd613,0xf6f6,0xf6d6,0xf6b5,0xf6b5,0xe653,0xde33,0xbd2f,0xd5b1,0xf7be,0xce37,0xf6b5,
    0xf6b5,0x0000,0x0000,0x0000,0x0000,0x0000,0x0000,0x0000,0x0000,0x0000,0x0000,0x0000,0x0000,0x0000,0x0000,0x0000,
    0x0000,0xe675,0xff17,0xd656,0xf79d,0xcdb2,0xd613,0xe6d9,0xdeb8,0xf77b,0xf73a,0xf75b,0xf75b,0xef3a,0xf75b,0xf75b,
    0xf75b,0xef3a,0xce56,0xf75a,0xce16,0xc618,0xcdf5,0xfef7,0xd5f3,0xf694,0xf6b5,0xf6d6,0xf6d6,0xcdd2,0xf6d6,0xf6b5,
    0xf6b4,0xf6d6,0xe653,0xd5f3,0xc550,0xd5b1,0xffdf,0xce37,0xf6d6,0xf694,0x0000,0x0000,0x0000,0x0000,0x0000,0x0000,
    0x0000,0x0000,0x0000,0x0000,0x0000,0x0000,0x0000,0x0000,0x0000,0x0000,0xd613,0xe695,0xcdb2,0xcdb1,0xb4ce,0xcdb1,
    0xd657,0xd677,0xded9,0xd698,0xe6d9,0xdeb8,0xce36,0xded9,0xdeb8,0xd697,0xdeb8,0xce57,0xde98,0xc5f5,0xbdf8,0xc5b4,
    0xe675,0xcdb2,0xde13,0xd5f3,0xde33,0xde13,0xcdd2,0xde33,0xe654,0xe634,0xde33,0xd5f2,0xcdd2,0xc571,0xc591,0xd5f2,
    0xd5d2,0xe654,0xe654,0x0000,0x0000,0x0000,0x0000,0x0000,0x0000,0x0000,0x0000,0x0000,0x0000,0x0000,0x0000,0x0000,
    0x0000,0x0000,0x0000,0xde55,0xf695,0xe633,0xeeb5,0xd5d2,0xde34,0xe6d8,0xe6f9,0xef19,0xef3a,0xef19,0xef1a,0xef1a,
    0xf75a,0xef19,0xef19,0xe6f9,0xce15,0xf77b,0xc5f5,0xbdb7,0xce36,0xff17,0xcdb1,0xee95,0xee74,0xee74,0xee95,0xcdb2,
    0xee95,0xee53,0xee95,0xee74,0xe654,0xd5b1,0xc550,0xddd2,0xee94,0xee95,0xee94,0xeeb5,0x0000,0x0000,0x0000,0x0000,
    0x0000,0x0000,0x0000,0x0000,0x0000,0x0000,0x0000,0x0000,0x0000,0x0000,0x0000,0x0000,0x7286,0xf718,0xf694,0xfed6,
    0xd614,0xde34,0xe6f9,0xef5b,0xff7c,0xf75b,0xf73a,0xf75a,0xf75b,0xf79b,0xf75b,0xf75b,0xf75a,0xce57,0xf75a,0xce36,
    0xce59,0xcdf4,0xff17,0xd5d2,0xf6b4,0xf6d6,0xf6b5,0xff17,0xcdf3,0xf6d6,0xf6f5,0xf6d6,0xf6f7,0xeeb5,0xd5d1,0xc591,
    0xe633,0xf6d5,0xf6d6,0xee95,0x6245,0x0000,0x0000,0x0000,0x0000,0x0000,0x0000,0x0000,0x0000,0x0000,0x0000,0x0000,
    0x0000,0x0000,0x0000,0x0000,0x0000,0x0000,0x3145,0x5269,0x5a89,0x39c7,0x4a48,0x5269,0x4a28,0xb553,0x5aaa,0x5289,
    0x5a8a,0x5a8a,0x5aaa,0x8c2f,0x946f,0x8c4f,0x736c,0x8c0e,0x9490,0x5aaa,0x944f,0x9470,0x734b,0x9470,0x8c2e,0x83ee,
    0x5aca,0x4207,0x5aca,0x52aa,0x5aca,0xa4d1,0x4a28,0x4228,0x39c6,0x4a49,0x5269,0x5289,0x2924,0x0000,0x0000,0x0000,
    0x0000,0x0000,0x0000,0x0000,0x0000,0x0000,0x0000,0x0000,0x0000,0x0000,0x0000,0x0000,0x0000,0x0000,0x0000,0x3185,
    0x5249,0x5a89,0x39a6,0x4208,0x4a28,0x5289,0xad12,0x5289,0x5a8a,0x5269,0x5269,0x5aaa,0x7bcd,0x9490,0x8c2f,0x734b,
    0x944f,0x8c2e,0x5289,0x9470,0x9470,0x6b0a,0x944f,0x944f,0x7bcd,0x5289,0x4a28,0x5289,0x5aaa,0x5289,0x9cb1,0x5248,
    0x4a28,0x41e7,0x4a48,0x5269,0x5249,0x2924,0x0000,0x0000,0x0000,0x0000,0x0000,0x0000,0x0000,0x0000,0x0000,0x0000,
    0x0000,0x0000,0x0000,0x0000,0x0000,0x0000,0x0000,0x0000,0x39a6,0x8c2f,0x840f,0x630b,0x7bce,0x840f,0xdeb8,0xe6d8,
    0x83ce,0x83ef,0x7bce,0x7bad,0x83ef,0x9470,0xe6f9,0xdeb7,0xa512,0xe6d8,0xce36,0x6b4c,0xe6d9,0xd697,0xad53,0xded9,
    0xe6d9,0x9c91,0x736d,0x6b4c,0x83ee,0x83ee,0x83ee,0xe719,0xde98,0x9c91,0x5aaa,0x736d,0x7bce,0x8c50,0x3165,0x0000,
    0x0000,0x0000,0x0000,0x0000,0x0000,0x0000,0x0000,0x0000,0x0000,0x0000,0x0000,0x0000,0x0000,0x0000,0x0000,0x0000,
    0x0000,0x0000,0x4a48,0x9471,0x62ea,0x7bad,0xc5f4,0xef3a,0x840f,0x840f,0x8c2f,0x9450,0x8c2f,0x8c30,0x840f,0xbdb4,
    0xe6fa,0xb573,0xde98,0xce57,0x5aca,0xce56,0xde98,0xb594,0xe6f9,0xd677,0x8c2f,0x9470,0x738d,0x9491,0x8c0f,0x8c0f,
    0x7bce,0xef5a,0xbdb4,0xad12,0x736d,0x9491,0x4a48,0x0000,0x0000,0x0000,0x0000,0x0000,0x0000,0x0000,0x0000,0x0000,
    0x0000,0x0000,0x0000,0x0000,0x0000,0x0000,0x0000,0x0000,0x0000,0x0000,0x0000,0x39c6,0x734c,0x7bce,0x8c2f,0xa512,
    0xad32,0x736c,0x738d,0x6b2c,0x6b6c,0x736c,0x736d,0x630b,0x8c50,0xb573,0xad33,0xad53,0x9cd1,0x4a07,0xa512,0xbdd4,
    0xad53,0xb594,0x9c91,0x6b2c,0x738d,0x736d,0x6b4c,0x6b4c,0x6b4c,0x6b4c,0xa4d1,0xad11,0xad12,0x7bad,0x6b4c,0x41c6,
    0x0000,0x0000,0x0000,0x0000,0x0000,0x0000,0x0000,0x0000,0x0000,0x0000,0x0000,0x0000,0x0000,0x0000,0x0000,0x0000,
    0x0000,0x0000,0x0000,0x0000,0x41c7,0x83ee,0xce15,0xde77,0xb574,0x840f,0x9471,0x8c30,0x8c30,0x9471,0x8c2f,0x8c30,
    0x8c50,0x840f,0xded8,0xad53,0xce56,0xb573,0x5269,0xb594,0xdeb8,0xbdb4,0xe719,0x8c2f,0x9491,0x9450,0x6b4c,0x9491,
    0x9491,0x8c2f,0x8c50,0x83ef,0x9470,0xc5f5,0xdeb8,0x738d,0x3986,0x0000,0x0000,0x0000,0x0000,0x0000,0x0000,0x0000,
    0x0000,0x0000,0x0000,0x0000,0x0000,0x0000,0x0000,0x0000,0x0000,0x0000,0x0000,0x0000,0x0000,0x2924,0xef18,0xc5d4,
    0xde98,0x6b4c,0x7bae,0x9471,0x8c0f,0x9470,0x8c50,0x83ee,0x9470,0x8c0f,0x83ef,0x736d,0x736c,0xd677,0xad32,0x3165,
    0xb553,0xd677,0x6b2c,0x6b4c,0x83ef,0x8c2f,0x9470,0x6b4c,0x9491,0x8c50,0x8c2f,0x8c50,0x7bae,0x736d,0x840e,0xce15,
    0xe6f8,0x2904,0x0000,0x0000,0x0000,0x0000,0x0000,0x0000,0x0000,0x0000,0x0000,0x0000,0x0000,0x0000,0x0000,0x0000,
    0x0000,0x0000,0x0000,0x0000,0x0000,0x0000,0x1081,0xf77b,0xc615,0xce36,0xded8,0xd657,0xef19,0xef19,0xef3a,0xe6d8,
    0xdeb8,0xf75a,0xe6f9,0xde77,0xde98,0xa4f1,0xc616,0x41e7,0x0020,0x5268,0xce36,0xad11,0xe6d9,0xe6d8,0xe6d8,0xef19,
    0xc616,0xe6f9,0xef18,0xe6f9,0xe6f9,0xd657,0xbdd5,0xad32,0xce16,0xe6f9,0x0861,0x0000,0x0000,0x0000,0x0000,0x0000,
    0x0000,0x0000,0x0000,0x0000,0x0000,0x0000,0x0000,0x0000,0x0000,0x0000,0x0000,0x0000,0x0000,0x0000,0x0000,0x1061,
    0xde97,0xc615,0xd636,0xce35,0xce36,0xde97,0xdeb8,0xde97,0xd656,0xce16,0xd677,0xce36,0xc5f5,0xc615,0xa511,0xb573,
    0x4a07,0x0000,0x4a07,0xc5f5,0xb594,0xce36,0xce36,0xd656,0xde98,0xbdd5,0xde97,0xd656,0xde98,0xd636,0xc5f5,0xbd93,
    0xbdb4,0xce36,0xde97,0x0000,0x0000,0x0000,0x0000,0x0000,0x0000,0x0000,0x0000,0x0000,0x0000,0x0000,0x0000,0x0000,
    0x0000,0x0000,0x0000,0x0000,0x0000,0x0000,0x0000,0x0000,0x0000,0x0000,0x0000,0x0000,0x51e4,0x6a66,0x6a86,0x8328,
    0x6a87,0x7ac7,0x72c7,0x8b69,0x8b69,0x8b89,0x72a7,0x5a26,0x3144,0x0000,0x0000,0x0000,0x4984,0x49a4,0x6a86,0x72a7,
    0x7ac7,0x7ae8,0x6245,0x72a7,0x7ae7,0x7ae8,0x6246,0x6225,0x4183,0x0000,0x0000,0x0000,0x0000,0x0000,0x0000,0x0000,
    0x0000,0x0000,0x0000,0x0000,0x0000,0x0000,0x0000,0x0000,0x0000,0x0000,0x0000,0x0000,0x0000,0x0000,0x0000,0x0000,
    0x0000,0x0000,0x0000,0x0000,0x0000,0x3985,0x3165,0xf717,0xff38,0xfef6,0xf718,0xee95,0x4a28,0x4a07,0x4207,0x39c6,
    0x3165,0x1061,0x0000,0x0000,0x0000,0x1041,0x3186,0x4a07,0x41e7,0x4a28,0x62ca,0xeeb5,0xff38,0xff59,0xf6d6,0xf717,
    0x2924,0x2944,0x0000,0x0000,0x0000,0x0000,0x0000,0x0000,0x0000,0x0000,0x0000,0x0000,0x0000,0x0000,0x0000,0x0000,
    0x0000,0x0000,0x0000,0x0000,0x0000,0x0000,0x0000,0x0000,0x0000,0x0000,0x0000,0x0000,0x0000,0x1061,0xd656,0xde97,
    0x8c2f,0x7bad,0x83ee,0xe633,0x6b2c,0xf759,0xeed7,0x944f,0x83ce,0x5a89,0x18c2,0x0000,0x0000,0x0000,0x20c3,0x7bcd,
    0x7bad,0x9c70,0xf718,0xeeb6,0x6b0b,0xf759,0x7b8c,0x7bad,0x9470,0xe696,0xce15,0x1082,0x0000,0x0000,0x0000,0x0000,
    0x0000,0x0000,0x0000,0x0000,0x0000,0x0000,0x0000,0x0000,0x0000,0x0000,0x0000,0x0000,0x0000,0x0000,0x0000,0x0000,
    0x0000,0x0000,0x0000,0x0000,0x0000,0x0000,0x18a2,0xa4b0,0x9c90,0x630b,0x62eb,0x5269,0x4a28,0x5269,0x5269,0x946f,
    0x7b8d,0x8bed,0xacf0,0x18c2,0x0000,0x0000,0x0000,0x18c2,0x9c6e,0x944e,0x6b2b,0x9c4e,0x5aaa,0x5289,0x4a28,0x5aca,
    0x632b,0x62ca,0xbd94,0xa4b0,0x18a2,0x0000,0x0000,0x0000,0x0000,0x0000,0x0000,0x0000,0x0000,0x0000,0x0000,0x0000,
    0x0000,0x0000,0x0000,0x0000,0x0000,0x0000,0x0000,0x0000,0x0000,0x0000,0x0000,0x0000,0x0000,0x0000,0x0000,0x18c3,
    0xb551,0xb511,0x7b8d,0x6b4c,0x6b0b,0x630b,0x5269,0x4a48,0x6b2b,0xeeb6,0xcdd2,0xcdb2,0x20c3,0x0000,0x0021,0x0000,
    0x18a2,0xd5d2,0xd5d3,0xeef8,0x734c,0x6b0b,0x528a,0x5aaa,0x736d,0x7b8d,0x736d,0xd635,0xbd72,0x2103,0x0000,0x0000,
    0x0000,0x0000,0x0000,0x0000,0x0000,0x0000,0x0000,0x0000,0x0000,0x0000,0x0000,0x0000,0x0000,0x0000,0x0000,0x0000,
    0x0000,0x0000,0x0000,0x0000,0x0000,0x0000,0x18c3,0x0841,0x18c3,0xc5b3,0xcdf4,0xff9a,0xff38,0xff7a,0xf739,0xeeb6,
    0xeef7,0xcdd3,0x41e6,0x41e6,0x3144,0x0000,0x0000,0x1082,0x0000,0x0841,0x41c6,0x39a6,0x41c6,0xe675,0xff5a,0xce14,
    0xff7a,0xff59,0xff59,0xff59,0xd635,0xc5b3,0x18c3,0x0000,0x18c4,0x0000,0x0000,0x0000,0x0000,0x0000,0x0000,0x0000,
    0x0000,0x0000,0x0000,0x0000,0x0000,0x0000,0x0000,0x0000,0x0000,0x0000,0x0000,0x0000,0x0000,0x0000,0x18c4,0x1082,
    0x1062,0x0882,0x3165,0x3144,0x3144,0x41c6,0x3985,0x3144,0x3985,0x39c6,0x3144,0x0000,0x0000,0x0862,0x0862,0x1062,
    0x1082,0x1082,0x1083,0x0841,0x0000,0x0000,0x39a6,0x3165,0x2924,0x3985,0x41c6,0x3165,0x3985,0x3985,0x2924,0x0862,
    0x10a3,0x1062,0x18c4,0x0000,0x0000,0x0000,0x0000,0x0000,0x0000,0x0000,0x0000,0x0000,0x0000,0x0000,0x0000,0x0000,
    0x0000,0x0000,0x0000,0x0000,0x0000,0x0000,0x0000,0x0000,0x10a3,0x0020,0x1083,0x1082,0x0862,0x1083,0x0000,0x0862,
    0x0862,0x0862,0x0862,0x0862,0x1083,0x1083,0x0862,0x18a3,0x1083,0x18a3,0x18c4,0x1062,0x0862,0x10a3,0x1083,0x0000,
    0x1083,0x0862,0x0862,0x0862,0x0842,0x1062,0x0000,0x0862,0x0862,0x1062,0x18e4,0x0000,0x0000,0x0000,0x0000,0x0000,
    0x0000,0x0000,0x0000,0x0000,0x0000,0x0000,0x0000,0x0000,0x0000,0x0000,0x0000,0x0000,0x0000,0x0000,0x0000,0x0000,
    0x0000,0x0000,0x0000,0x0000,0x1083,0x0000,0x10a3,0x0862,0x0862,0x1083,0x0000,0x0000,0x1083,0x10a3,0x18a3,0x1082,
    0x0000,0x10a3,0x1062,0x1083,0x0000,0x1083,0x0000,0x0862,0x1083,0x0000,0x18c4,0x10a3,0x1082,0x10a3,0x0000,0x10a3,
    0x0862,0x0000,0x0000,0x0000,0x0000,0x0000,0x0000,0x0000,0x0000,0x0000,0x0000,0x0000,0x0000,0x0000,0x0000,0x0000,
    0x0000,0x0000,0x0000,0x0000,0x0000,0x0000,0x0000,0x0000,0x0000,0x0000,0x0000,0x0000,0x0000,0x0000,0x0000,0x0000,
    0x0000,0x0000,0x0000,0x0000,0x0000,0x10a3,0x0000,0x0000,0x1083,0x0862,0x0000,0x10a3,0x0000,0x0000,0x0000,0x1083,
    0x18c3,0x0000,0x1082,0x0000,0x0000,0x18a3,0x0000,0x0000,0x0000,0x0000,0x0000,0x0000,0x0000,0x0000,0x0000,0x0000,
    0x0000,0x0000,0x0000,0x0000,0x0000,0x0000,0x0000,0x0000,
};
/* hot-wind-stripes.png; source sha256 d86cd8a1a4596d983740e319bdc70778d7f427fe089e973d507ec6b6de597a73; crop (364, 444, 875, 1077) */
static const uint16_t muse_wardrobe_pixels_11[] = {
    0x0000,0x0000,0x0000,0x0000,0x0000,0x0000,0x0000,0x0000,0x0000,0x0000,0x0000,0x0000,0x0000,0x0000,0x0000,0x0000,
    0x0000,0x0000,0x0000,0x0000,0x1881,0x20a2,0x1881,0x1881,0xf719,0xf6f8,0xb552,0xf719,0xf73a,0xeef9,0xacf0,0xf719,
    0xeed8,0xd614,0xc5b3,0xcdd4,0x1881,0x1881,0x1061,0x1061,0x0000,0x0000,0x0000,0x0000,0x0000,0x0000,0x0000,0x0000,
    0x0000,0x0000,0x0000,0x0000,0x0000,0x0000,0x0000,0x0000,0x0000,0x0000,0x0000,0x0000,0x0000,0x0000,0x0000,0x0000,
    0x0000,0x0000,0x0000,0x0000,0x0000,0x0000,0x0000,0x0000,0x0000,0x0000,0x0000,0x0000,0x28c2,0x20a1,0xff9c,0xd635,
    0xd635,0xde76,0xff5a,0xff7b,0xad31,0xff9b,0xff59,0xff39,0xb552,0xff59,0xf6d7,0xe676,0xd615,0xcdf4,0xd614,0xc571,
    0xeef9,0xa4af,0x1861,0x20a2,0x0000,0x0000,0x0000,0x0000,0x0000,0x0000,0x0000,0x0000,0x0000,0x0000,0x0000,0x0000,
    0x0000,0x0000,0x0000,0x0000,0x0000,0x0000,0x0000,0x0000,0x0000,0x0000,0x0000,0x0000,0x0000,0x0000,0x0000,0x0000,
    0x0000,0x0000,0x0000,0x0000,0x0000,0x3144,0x9c4e,0x93ed,0xde97,0xcdd4,0xde57,0xde77,0xd635,0xd615,0xbdb3,0xd615,
    0xd635,0xce15,0xbd93,0xcdf4,0xcdd3,0xcdd4,0xbd31,0xbd72,0xd614,0xbd72,0xbd72,0xa4af,0x7b6b,0x8bed,0x0820,0x0000,
    0x0000,0x0000,0x0000,0x0000,0x0000,0x0000,0x0000,0x0000,0x0000,0x0000,0x0000,0x0000,0x0000,0x0000,0x0000,0x0000,
    0x0000,0x0000,0x0000,0x0000,0x0000,0x0000,0x0000,0x0000,0x0000,0x0000,0x0000,0x0000,0x0000,0x0000,0x1881,0x5a68,
    0xbd52,0xb532,0xacf0,0xb531,0xb553,0xad11,0xb552,0xacf0,0xb573,0xb511,0xb552,0xb552,0xad10,0xb531,0xad11,0xa4af,
    0xa4af,0xacf0,0xacf0,0x9c8f,0xa48e,0x9c8f,0x946f,0x944d,0x49a5,0x0000,0x0000,0x0000,0x0000,0x0000,0x0000,0x0000,
    0x0000,0x0000,0x0000,0x0000,0x0000,0x0000,0x0000,0x0000,0x0000,0x0000,0x0000,0x0000,0x0000,0x0000,0x0000,0x0000,
    0x0000,0x0000,0x0000,0x0000,0x0000,0x0000,0x0000,0x0000,0xde96,0xa4af,0xeed7,0xe697,0xeed8,0xde97,0xde76,0xef19,
    0xde76,0xf75a,0xbd72,0xf719,0xeeb7,0xeef8,0xad11,0xeeb7,0xeef8,0xde55,0xd5f4,0xcdf4,0xe6b7,0xde55,0xcdf4,0xb531,
    0xa4af,0xb531,0xd635,0x20a2,0x0000,0x0000,0x0000,0x0000,0x0000,0x0000,0x0000,0x0000,0x0000,0x0000,0x0000,0x0000,
    0x0000,0x0000,0x0000,0x0000,0x0000,0x0000,0x0000,0x0000,0x0000,0x0000,0x0000,0x0000,0x0000,0x0000,0x0000,0x0000,
    0x0000,0x0820,0xcdd3,0xa4af,0xf6d7,0xff39,0xf6f9,0xde97,0xe6b7,0xff39,0xf6d8,0xf6f8,0xbd72,0xff39,0xf6f8,0xeed7,
    0xad10,0xff5a,0xeeb7,0xe676,0xde76,0xd635,0xe676,0xde35,0xd614,0xc5b3,0xbd51,0xcdb2,0xb4f0,0x3103,0x0000,0x0000,
    0x0000,0x0000,0x0000,0x0000,0x0000,0x0000,0x0000,0x0000,0x0000,0x0000,0x0000,0x0000,0x0000,0x0000,0x0000,0x0000,
    0x0000,0x0000,0x0000,0x0000,0x0000,0x0000,0x0000,0x0000,0x0000,0x0000,0x0000,0xd614,0xf73a,0xb532,0xeed8,0xff3a,
    0xff59,0xe6b7,0xeef9,0xff7b,0xff5b,0xff59,0xbdb3,0xf73a,0xf739,0xeef8,0xad32,0xf718,0xeef8,0xf719,0xe6b7,0xe697,
    0xe697,0xeed8,0xde55,0xc5b3,0xb531,0xd635,0xcdd3,0xb4f0,0x0000,0x0000,0x0000,0x0000,0x0000,0x0000,0x0000,0x0000,
    0x0000,0x0000,0x0000,0x0000,0x0000,0x0000,0x0000,0x0000,0x0000,0x0000,0x0000,0x0000,0x0000,0x0000,0x0000,0x0000,
    0x0000,0x0000,0x0000,0x0000,0x0000,0xde75,0xf719,0xacf0,0xf75b,0xeef8,0xd614,0xacf0,0xc5b3,0xcdd4,0xc592,0xc592,
    0xacf0,0xde14,0xcdd3,0xd5f4,0xad31,0xcdb3,0xcdd3,0xc5b3,0xb531,0xb510,0xbd31,0xc592,0xd5f3,0xd614,0xbd93,0xd635,
    0xc592,0xbd72,0x1041,0x0000,0x0000,0x0000,0x0000,0x0000,0x0000,0x0000,0x0000,0x0000,0x0000,0x0000,0x0000,0x0000,
    0x0000,0x0000,0x0000,0x0000,0x0000,0x0000,0x0000,0x0000,0x0000,0x0000,0x0000,0x0000,0x0000,0x0000,0x28e2,0xff5a,
    0xcdb3,0x944e,0xcdb3,0xc572,0xcdd3,0xcdf4,0xe677,0xff7b,0xeed7,0xff5a,0xc5b3,0xf719,0xf739,0xf719,0xb531,0xeef8,
    0xeef8,0xeef8,0xe676,0xe676,0xf6f8,0xeeb7,0xbd51,0xb531,0x9c6e,0xacf0,0xa48e,0xbd72,0x28e2,0x0000,0x0000,0x0000,
    0x0000,0x0000,0x0000,0x0000,0x0000,0x0000,0x0000,0x0000,0x0000,0x0000,0x0000,0x0000,0x0000,0x0000,0x0000,0x0000,
    0x0000,0x0000,0x0000,0x0000,0x0000,0x0000,0x0000,0x0000,0x3103,0xce14,0xa4d0,0x9c8f,0xa4af,0xb531,0xc593,0xb572,
    0xbd93,0xc5b3,0xc5d4,0xce15,0xc5b4,0xc5d4,0xc5d4,0xce15,0xb532,0xc5d3,0xcdf4,0xc5b3,0xc5b3,0xcdf4,0xd615,0xc593,
    0xb511,0xb510,0xa4af,0x9c6e,0x8bed,0x942d,0x28e2,0x0000,0x0000,0x0000,0x0000,0x0000,0x0000,0x0000,0x0000,0x0000,
    0x0000,0x0000,0x0000,0x0000,0x0000,0x0000,0x0000,0x0000,0x0000,0x0000,0x0000,0x0000,0x0000,0x0000,0x0000,0x0000,
    0x0000,0x0000,0xa48e,0xc5b3,0xde55,0xa4af,0xf6f8,0xf739,0xff7b,0xde97,0xeef8,0xf719,0xf73a,0xff9b,0xc5f4,0xf6f7,
    0xff3a,0xeef8,0xad31,0xff9b,0xeeb7,0xeef8,0xeef8,0xeef9,0xeeb7,0xeeb7,0xe6b7,0xe6d8,0xcdf4,0xde55,0xc5b2,0xc572,
    0x6287,0x0020,0x0000,0x0000,0x0000,0x0000,0x0000,0x0000,0x0000,0x0000,0x0000,0x0000,0x0000,0x0000,0x0000,0x0000,
    0x0000,0x0000,0x0000,0x0000,0x0000,0x0000,0x0000,0x0000,0x0000,0x0000,0x0000,0x2903,0xe6b8,0xff7a,0xeef9,0xad31,
    0xf719,0xf6f8,0xff5b,0xd656,0xef19,0xff5a,0xf73a,0xeed8,0xc5b4,0xeef8,0xf73a,0xff5a,0xb532,0xeed8,0xf6f8,0xeeb7,
    0xef19,0xeef8,0xf718,0xf718,0xe6b7,0xde56,0xcdf4,0xde76,0xde76,0xd635,0xbd71,0x3103,0x0000,0x0000,0x0000,0x0000,
    0x0000,0x0000,0x0000,0x0000,0x0000,0x0000,0x0000,0x0000,0x0000,0x0000,0x0000,0x0000,0x0000,0x0000,0x0000,0x0000,
    0x0000,0x0000,0x0000,0x0000,0x0000,0x5a88,0xc5d4,0xcdd4,0xc5b3,0xb552,0xce15,0xcdf4,0xb510,0xa4af,0xb531,0xacf0,
    0x93eb,0x93eb,0x8bcb,0x9c2c,0x93eb,0x93cb,0x7b49,0x9c2c,0x93cb,0x93ec,0x93ec,0x940d,0xacae,0xbd72,0xb531,0xbd51,
    0xb531,0xc5b4,0xbd52,0xb531,0xad10,0x6ae9,0x18a2,0x0000,0x0000,0x0000,0x0000,0x0000,0x0000,0x0000,0x0000,0x0000,
    0x0000,0x0000,0x0000,0x0000,0x0000,0x0000,0x0000,0x0000,0x0000,0x0000,0x0000,0x0000,0x0000,0x0020,0x28c2,0xe6b7,
    0xf6f8,0xff7b,0xf739,0xb531,0xff7a,0xff5a,0xb4ef,0x940c,0xb510,0x9c2c,0x8b89,0x8369,0x7b29,0x8b8a,0x93aa,0x8369,
    0x62e8,0x8baa,0x9beb,0x8b8a,0x7b49,0x7b49,0xa46d,0xbd51,0xde35,0xe6d8,0xd656,0xff5a,0xe6b7,0xde76,0xd5f4,0xc572,
    0x3964,0x30e2,0x0000,0x0000,0x0000,0x0000,0x0000,0x0000,0x0000,0x0000,0x0000,0x0000,0x0000,0x0000,0x0000,0x0000,
    0x0000,0x0000,0x0000,0x0000,0x0000,0x0000,0x0000,0x20c2,0xf75a,0xff3a,0xf739,0xff7b,0xb531,0x8bcc,0x8bcb,0xa42c,
    0xedf1,0xe5f1,0xedd1,0xf632,0xf632,0xfe93,0xcd70,0xf611,0xfe11,0xf653,0xb4ae,0xfe32,0xf632,0xf653,0xe5d1,0xf633,
    0xfe52,0xedd0,0x93ca,0x8349,0x836a,0xa46d,0xb510,0xf73a,0xeef8,0xe6b7,0xad11,0xbd73,0x28e2,0x0000,0x0000,0x0000,
    0x0000,0x0000,0x0000,0x0000,0x0000,0x0000,0x0000,0x0000,0x0000,0x0000,0x0000,0x0000,0x0000,0x0000,0x0000,0x0000,
    0xacf0,0xff9b,0xc593,0x8bab,0x9c2c,0x940c,0x7b49,0x6287,0xedf1,0xfe73,0xf694,0xe5d1,0xedf1,0xf632,0xf6b5,0xfe94,
    0xc52e,0xfe73,0xf632,0xfef7,0xbcee,0xf611,0xf673,0xf633,0xf6d6,0xf6b5,0xf632,0xf611,0xf673,0xb4ce,0xfe94,0x93ca,
    0x8bcb,0x93cb,0x7309,0x9c4e,0xad11,0xcdf4,0xf73a,0x0820,0x0000,0x0000,0x0000,0x0000,0x0000,0x0000,0x0000,0x0000,
    0x0000,0x0000,0x0000,0x0000,0x0000,0x0000,0x0000,0x0000,0x5a46,0xde76,0x7b6b,0x732a,0x93ec,0xbd30,0xcd92,0xa46d,
    0xf652,0xbd10,0xfe94,0xfe72,0xfef6,0xe612,0xf633,0xfed6,0xfe73,0xff57,0xcd70,0xfe73,0xff79,0xf5f1,0xb4ce,0xff79,
    0xf632,0xff17,0xf674,0xf653,0xfeb4,0xfeb4,0xff37,0xb4ef,0xfe31,0xfeb4,0x9c0c,0xcdd2,0xbd0f,0x838a,0x49e6,0x5247,
    0x7b4b,0xc5d3,0x0000,0x0000,0x0000,0x0000,0x0000,0x0000,0x0000,0x0000,0x0000,0x0000,0x0000,0x0000,0x0000,0x0000,
    0x0000,0x0000,0x5a46,0xb531,0x7b8b,0x62c9,0x93ec,0xc592,0xbd30,0x9c4d,0xe5d1,0xbcee,0xe5d1,0xee33,0xee54,0xddd2,
    0xe5f3,0xee74,0xe5d1,0xe675,0xcd92,0xe613,0xf6d7,0xe5f1,0xc550,0xeeb6,0xe5f2,0xe654,0xd5d2,0xddf3,0xf695,0xee33,
    0xee53,0xbcee,0xe612,0xee74,0x9c2b,0xc571,0xacce,0x838a,0x49e5,0x4a06,0x6b2a,0xb510,0x0000,0x0000,0x0000,0x0000,
    0x0000,0x0000,0x0000,0x0000,0x0000,0x0000,0x0000,0x0000,0x0000,0x0000,0x0000,0x0000,0x3123,0x940d,0x7b6b,0x5a88,
    0xf719,0xf719,0xff7b,0x93cb,0xfeb5,0xac8d,0xfeb5,0xfe94,0xf674,0xddf2,0xf695,0xfeb5,0xf694,0xff17,0xcdd3,0xff18,
    0xfed5,0xfef7,0xb510,0xff17,0xfeb6,0xfef7,0xee12,0xfed6,0xfef6,0xfef7,0xfe94,0xb4ef,0xfeb4,0xfeb5,0x8b8a,0xacce,
    0xcdb2,0xc592,0x7b49,0x72c8,0x9c6f,0x72a7,0x0000,0x0000,0x0000,0x0000,0x0000,0x0000,0x0000,0x0000,0x0000,0x0000,
    0x0000,0x0000,0x0000,0x0000,0x0000,0x0000,0x0000,0x1061,0x2902,0x6a87,0xee74,0xf739,0xacae,0xfeb4,0xfed6,0xbd51,
    0xf6b6,0xf6d6,0xf695,0xee96,0xee74,0xf6d6,0xf6b5,0xff9a,0xc5b3,0xff18,0xfed6,0xff59,0xbd51,0xfed6,0xf6f8,0xf6b6,
    0xeeb6,0xf6b5,0xf6f7,0xf694,0xfef7,0xb50f,0xfe94,0xfed6,0xfeb5,0xc550,0xb50f,0xc591,0x9c2c,0xa48e,0x3923,0x0000,
    0x0000,0x0000,0x0000,0x0000,0x0000,0x0000,0x0000,0x0000,0x0000,0x0000,0x0000,0x0000,0x0000,0x0000,0x0000,0x0000,
    0x0000,0x0000,0x20e2,0xff7b,0xeed7,0xde34,0xf739,0xfed6,0xf674,0xb50f,0xf6d7,0xf6b5,0xfed6,0x0000,0x0000,0x0000,
    0xff17,0xff37,0xcdd3,0xfef7,0xff5a,0xfed6,0xbd51,0xff38,0xf6b5,0xfef7,0x0861,0x0000,0x0020,0xfef6,0xfed6,0xc591,
    0xfed6,0xfed6,0xfed5,0xac6c,0xcd92,0xbd30,0x9c4d,0xb50f,0x0000,0x0000,0x0000,0x0000,0x0000,0x0000,0x0000,0x0000,
    0x0000,0x0000,0x0000,0x0000,0x0000,0x0000,0x0000,0x0000,0x0000,0x0000,0x0000,0x0820,0x5a67,0xd615,0xcdd3,0xd614,
    0x9c4c,0xd590,0xddd2,0xbd51,0xd5d2,0xd5d2,0x1061,0xc5d7,0xbdb6,0x0000,0x0840,0xe634,0xc592,0xd614,0xd635,0xd5f3,
    0xc592,0xd5f3,0xde14,0x1061,0xbdb7,0xce58,0x0000,0x0020,0xddd2,0xc592,0xd5d2,0xd5b1,0xddf2,0xbd0f,0x9c4d,0xa46d,
    0x9c2d,0x9c4d,0x1061,0x0000,0x0000,0x0000,0x0000,0x0000,0x0000,0x0000,0x0000,0x0000,0x0000,0x0000,0x0000,0x0000,
    0x0000,0x0000,0x0000,0x0000,0x0000,0x1881,0x7b6a,0xf718,0xde34,0xf75a,0xa46d,0xfef7,0xf674,0xb4ef,0xf673,0xfed5,
    0x0000,0xe73d,0xef7d,0x0000,0x0000,0xff9a,0xcdb3,0xff39,0xfed6,0xff7a,0xbd51,0xff37,0xff18,0x0000,0xdedb,0xffff,
    0x0000,0x0000,0xfef6,0xbd50,0xfe94,0xfeb5,0xfef7,0xfed6,0xa48d,0xc571,0x940c,0xacae,0x28c2,0x0000,0x0000,0x0000,
    0x0000,0x0000,0x0000,0x0000,0x0000,0x0000,0x0000,0x0000,0x0000,0x0000,0x0000,0x0000,0x0000,0x0000,0x0000,0x6a86,
    0xa44d,0xeeb6,0xf73a,0xd615,0xf73a,0xfed6,0xff17,0xbd30,0xfeb5,0xfeb6,0x0000,0x0000,0x0000,0x0000,0x0000,0xfffd,
    0xd615,0xff58,0xfef7,0xff18,0xbd51,0xfef6,0xf6f7,0x0000,0x0000,0x0000,0x0000,0x0000,0xff37,0xb50f,0xfe94,0xf6b6,
    0xfeb5,0xc52f,0xb4ce,0xc571,0x940d,0xb530,0x5a05,0x0000,0x0000,0x0000,0x0000,0x0000,0x0000,0x0000,0x0000,0x0000,
    0x0000,0x0000,0x0000,0x0000,0x0000,0x0000,0x0000,0x0000,0x0000,0x1061,0x838b,0xe6b7,0xee96,0xf73a,0xa44c,0xf674,
    0xf6d6,0xbd30,0xf694,0xf6d7,0xf6d7,0x0000,0x0000,0x0000,0xf73a,0xff38,0xcdf4,0xff5a,0xf6d6,0xff17,0xbd72,0xff38,
    0xf6f7,0xf6f8,0x0000,0x0000,0x0000,0xf6f8,0xfeb5,0xb50f,0xfef7,0xfed6,0xfeb5,0xfed6,0xb4ce,0xcdb3,0x9c4d,0xbd71,
    0x7b29,0x0000,0x0000,0x0000,0x0000,0x0000,0x0000,0x0000,0x0000,0x0000,0x0000,0x0000,0x0000,0x0000,0x0000,0x0000,
    0x0000,0x0000,0x9348,0xe654,0xcdb2,0xe696,0xff39,0xd5f3,0xff17,0xfed6,0xfeb5,0xbd0f,0xecf2,0xfef6,0xf6b5,0xf6d6,
    0xeeb6,0xff58,0xfed5,0xf6b5,0xcdd3,0xff18,0xf6f6,0xf6b6,0xc571,0xff38,0xf695,0xf6d7,0xf6f6,0xfed6,0xff37,0xfed5,
    0xecd1,0xc4af,0xfef6,0xfed6,0xfed6,0xbd30,0xacad,0xb4ef,0x9c6d,0xacae,0xacaf,0x4144,0x0000,0x0000,0x0000,0x0000,
    0x0000,0x0000,0x0000,0x0000,0x0000,0x0000,0x0000,0x0000,0x0000,0x0000,0x0000,0x0000,0x9368,0xde35,0xc5b3,0xe675,
    0xf6f8,0xd5f3,0xf6f7,0xfef6,0xfeb5,0xbcf0,0xed12,0xff17,0xf695,0xe675,0xee75,0xf6f6,0xf694,0xf6d6,0xde35,0xe613,
    0xff18,0xf6f7,0xb4f0,0xee75,0xfef7,0xf695,0xee95,0xf695,0xf6d5,0xfef7,0xe4d1,0xc511,0xf6b6,0xfeb5,0xf694,0xc550,
    0xacad,0xb4ef,0x9c4d,0xb530,0xaccf,0x4144,0x0000,0x0000,0x0000,0x0000,0x0000,0x0000,0x0000,0x0000,0x0000,0x0000,
    0x0000,0x0000,0x0000,0x0000,0x0000,0x0000,0x9389,0xd614,0xc572,0xe675,0xe675,0xf719,0xa48d,0xfe73,0xecd1,0xcc4f,
    0xff5a,0xf4f2,0xf694,0xe634,0xee96,0xf694,0xf674,0xf6d6,0xf6f8,0x0820,0xfed6,0xf6b5,0xa48e,0x1881,0xfed6,0xf674,
    0xee54,0xff18,0xf6d6,0xf450,0xff59,0xbccf,0xf4b1,0xf694,0xfe95,0xacce,0xbd30,0xc591,0x9c2c,0x942c,0xbd30,0x6266,
    0x0000,0x0000,0x0000,0x0000,0x0000,0x0000,0x0000,0x0000,0x0000,0x0000,0x0000,0x0000,0x0000,0x0000,0x0000,0x0000,
    0x3102,0x8349,0xa48e,0xe654,0xf6f8,0xeeb7,0xf6d7,0xb4ae,0xfef6,0xbcef,0xf4d2,0xf6b4,0xf6b5,0xe654,0xee33,0xfe95,
    0xfeb5,0xfef6,0xcdb1,0xf6b5,0x28c2,0x2081,0x0820,0xff17,0xf694,0xfeb5,0xee53,0xff37,0xf6b6,0xfeb4,0xec90,0xb44d,
    0xfeb5,0xfef7,0xa42c,0x9c0c,0xbd30,0xc592,0x8bcb,0xac8e,0x8349,0x3943,0x0000,0x0000,0x0000,0x0000,0x0000,0x0000,
    0x0000,0x0000,0x0000,0x0000,0x0000,0x0000,0x0000,0x0000,0x0000,0x0000,0x0000,0x20e4,0x3984,0x9c4c,0xf719,0xf6d7,
    0xb4ce,0x9beb,0xfe74,0xb4ee,0xf6b5,0xf695,0xf6b5,0xddb1,0xee33,0xf695,0xfeb5,0xfe94,0xcdd2,0xfeb5,0xf6b5,0xfed5,
    0xaccf,0xfeb5,0xf674,0xf694,0xee95,0xee74,0xfeb5,0xfeb5,0xfe74,0xbd0f,0xfeb5,0xf6b5,0x8369,0xcd91,0xc591,0xbd51,
    0x7b29,0x7b09,0x20c3,0x0000,0x0000,0x0000,0x0000,0x0000,0x0000,0x0000,0x0000,0x0000,0x0000,0x0000,0x0000,0x0000,
    0x0000,0x0000,0x0000,0x0000,0x7413,0x320a,0x29c9,0x2146,0x9c0c,0xe654,0xff5a,0xbd0f,0x93ca,0x7b49,0xee32,0xee33,
    0xee12,0xd570,0xe613,0xee54,0xee12,0xe5b0,0xbcee,0xee33,0xee54,0xee33,0xbcef,0xe5f2,0xee33,0xee54,0xee53,0xe5f2,
    0xedf1,0xee75,0xee33,0xcd2f,0xddd1,0x93cb,0xb4ce,0xcdd2,0xbd2f,0x72e8,0x2945,0x10a3,0x2147,0x428d,0x0000,0x0000,
    0x0000,0x0000,0x0000,0x0000,0x0000,0x0000,0x0000,0x0000,0x0000,0x0000,0x0000,0x0000,0x0000,0x29a9,0xff7a,0xc593,
    0x5b4f,0x52ee,0x2167,0x2146,0xb4ee,0xc571,0xac6d,0x8369,0x9c2c,0xb48d,0xc50e,0xc50f,0xcd70,0xc52e,0xcd70,0xcd2f,
    0xbd0f,0xd5b2,0xd591,0xd5b1,0xacae,0xcd6f,0xddd2,0xcd4f,0xcd2f,0xcd2f,0xc50e,0xd5b1,0x9c2b,0x93eb,0x93eb,0x838a,
    0x93eb,0x8349,0x2125,0x31ca,0x31ea,0x428c,0xc592,0xbd31,0x10c4,0x0000,0x0000,0x0000,0x0000,0x0000,0x0000,0x0000,
    0x0000,0x0000,0x0000,0x0000,0x0000,0x0000,0x0000,0x1082,0x2125,0xde34,0x428c,0x4aad,0x6b8f,0xe655,0x322b,0x10e6,
    0x10a3,0x0862,0x8bab,0xa46d,0x9c0b,0xbd30,0xbcef,0xa42c,0xb4ad,0xbcee,0xbcf0,0xc52f,0xcd0f,0xd591,0xac6c,0xddb0,
    0xd5b1,0xac8d,0xb4ef,0xbd30,0xc551,0xac6d,0x8baa,0x72e8,0x31a6,0x08a4,0x1927,0x428d,0xf717,0x5b2f,0x3a2a,0x426c,
    0xc5b2,0x2168,0x0841,0x0000,0x0000,0x0000,0x0000,0x0000,0x0000,0x0000,0x0000,0x0000,0x0000,0x0000,0x0000,0x0000,
    0x0000,0x3a4c,0x2945,0x10c4,0x2126,0x10e5,0x424a,0xd614,0x428c,0x530f,0xcdd3,0xc551,0x52cd,0x31c9,0x2987,0x3985,
    0x6ac7,0x8349,0x9beb,0x8baa,0x8b8a,0xc52f,0x9c4d,0xc550,0x836a,0x8369,0xd591,0x8baa,0x836a,0x8369,0x836a,0x2167,
    0x2988,0x426c,0x9c4d,0xc592,0x530e,0x428d,0xbd51,0x426b,0x2988,0x1927,0x18a3,0x1905,0x3a2b,0x0000,0x0000,0x0000,
    0x0000,0x0000,0x0000,0x0000,0x0000,0x0000,0x0000,0x0000,0x0000,0x0000,0x2167,0x9471,0x83cd,0x2167,0x18e4,0x2188,
    0x31c8,0x83cd,0x31ca,0x3a4c,0xc571,0xbd10,0x3a4b,0x3a0b,0x83ac,0x730a,0x5aa9,0x62ea,0x5268,0x8389,0x7b29,0xa44c,
    0x93ca,0x93cb,0x7329,0x8b8a,0xa44d,0x72e8,0x4a27,0x5268,0x5aeb,0x732b,0x320a,0x426c,0x8c0d,0xbd10,0x3a4b,0x31ea,
    0x732a,0x29a9,0x2126,0x2967,0x2126,0x5289,0x9470,0x2126,0x0000,0x0000,0x0000,0x0000,0x0000,0x0000,0x0000,0x0000,
    0x0000,0x0000,0x0000,0x0000,0x4aae,0xe676,0xcdd4,0x2189,0x18e4,0x31ea,0x10c5,0x49e6,0x2168,0x428d,0xe696,0xcd91,
    0x426c,0x4acd,0xcdb3,0xa46e,0x428d,0x3a2c,0x18e4,0x836a,0x7b49,0x93ea,0x8b69,0x8b69,0x5a46,0x9bea,0x93eb,0x838a,
    0x1906,0x2147,0x426c,0xcdb2,0x4ace,0x4aad,0xb50f,0xe675,0x428d,0x29a9,0x41c6,0x10e5,0x18e5,0x2126,0x2189,0xbd52,
    0xde35,0x3a4b,0x0000,0x0000,0x0000,0x0000,0x0000,0x0000,0x0000,0x0000,0x0000,0x0000,0x0020,0x428d,0x6bd1,0xf6b6,
    0x4ace,0xbd72,0x4a69,0x42ad,0x428e,0xacaf,0x2167,0x1905,0x5a88,0x5a68,0x4ace,0x4ace,0xee96,0xb4f0,0x52ee,0xde56,
    0x42ad,0x2145,0xa4af,0xde34,0xc571,0xcd92,0x9c2c,0xe696,0xb510,0xa48f,0x5b50,0x3a2b,0x5b2f,0xeed7,0x530f,0x530f,
    0x5289,0x5a88,0x10e5,0x2146,0xa46e,0x324c,0x3a0b,0x18e5,0xc571,0x52ef,0xeeb6,0xc5b3,0x42ad,0x0000,0x0000,0x0000,
    0x0000,0x0000,0x0000,0x0000,0x0000,0x0000,0x426c,0x6371,0xf718,0x5b2f,0x426c,0xde55,0x5aa9,0x18e5,0x4aef,0xf718,
    0x4ace,0x426c,0xacd0,0x940d,0x18e4,0x2168,0xe6b7,0xacae,0x428d,0xa4af,0x3186,0x31ea,0x10c4,0x9c6d,0xaccf,0xe6b7,
    0xc592,0xbd31,0xa46e,0x31ea,0x93ec,0x2925,0x320b,0xde34,0x29a9,0x1926,0x83ac,0x940c,0x320b,0x4ace,0xe696,0x4aef,
    0x2967,0x0863,0xe676,0x4aad,0x4ace,0xf6f8,0x52ee,0x2126,0x2988,0x0000,0x0000,0x0000,0x0000,0x0000,0x0841,0x8cf7,
    0x7412,0xf739,0xeed7,0x530f,0x42ad,0xa4d0,0x6b2b,0x1905,0x3a6d,0xeed7,0x530e,0x4aad,0xde76,0xaccf,0x3a6d,0x2168,
    0x2944,0x2104,0x18e5,0xc572,0x734b,0x2168,0x08a4,0x8bcb,0xbd52,0xe6b6,0xbd10,0xeed7,0xd613,0x3a2b,0xa44e,0x5acc,
    0x5269,0x18e4,0x2988,0x3a2b,0xa48e,0xde34,0x4aef,0x4ace,0xe675,0x4aee,0x2146,0x10c4,0xaccf,0x4aad,0x52ee,0xe696,
    0xeed7,0x4acd,0x532f,0x0000,0x0000,0x0000,0x0000,0x0000,0x31ea,0x532f,0x424b,0xeed7,0x52ee,0x4aad,0xbd73,0x734b,
    0x4207,0x18e5,0x42ae,0xeef8,0x4ace,0x4ace,0xeeb7,0xbd51,0x4aae,0x428d,0xcdb2,0xac8e,0x31e9,0xde98,0xa4b0,0x29ca,
    0x10a4,0x8bcc,0xb4ef,0xf739,0xbd51,0xde76,0xc592,0x31ea,0xd656,0x31e9,0x322b,0xacaf,0x3a6c,0x530f,0xcdb2,0xeeb6,
    0x428d,0x52ef,0xe696,0x4aae,0x2988,0x10c4,0x39c7,0xde56,0x52ee,0x52ee,0xeef8,0x31ea,0x320b,0x29a9,0x0000,0x0000,
    0x0000,0x2147,0x8494,0x6391,0xf719,0xa4af,0x29ca,0x4acd,0xd634,0x39c7,0x0841,0x2147,0x5b30,0xeeb6,0x4aae,0x4aef,
    0xe696,0xc572,0x4aad,0x530f,0xf6f7,0xbd0f,0x4aad,0xeeb7,0xbd51,0x3a2b,0x10a3,0x83ab,0xb4ef,0xeef7,0xcdb3,0xb4ef,
    0x8bab,0x31ea,0xff38,0x2988,0x322b,0xee95,0x4ace,0x530f,0xd5d2,0xf6d6,0x52ef,0x4aee,0xee75,0x4ace,0x31ca,0x10c4,
    0x2106,0xde35,0x4ace,0x2988,0xd615,0xde55,0xeeb7,0x5b70,0x18e5,0x0000,0x0000,0x82e8,0x2167,0x2167,0x428d,0x52ee,
    0x4aef,0x39c7,0x9c4e,0x10c4,0x0862,0x3a2b,0x3a8d,0xeeb7,0x530f,0x4ace,0xe696,0xbd30,0x52ef,0x4aee,0xeeb6,0xc571,
    0x428d,0xe634,0xde55,0x3a4c,0x0883,0xf6f7,0xffbb,0xd5f3,0xc571,0xc5b3,0x8bcc,0x29a8,0xffdb,0x4a6a,0x31e9,0xd634,
    0x530e,0x4ace,0xde13,0xf6f7,0x530f,0x4aae,0xee96,0x4aef,0x29c9,0x322b,0x1083,0x942d,0x62a9,0x52ef,0x4aee,0x4aac,
    0x428d,0x2147,0x72a7,0x0000,0x7ae7,0xff18,0xff17,0xcd91,0x20e3,0x31eb,0x4aef,0xbd31,0x6aea,0x1082,0x0862,0x3a4c,
    0x3a4c,0xeeb6,0x3a2b,0x31e9,0xb531,0xb4ee,0x29a8,0x29a8,0xbd51,0xacad,0x2188,0x9c8f,0xacd0,0x1947,0x18e4,0xc573,
    0xb4f0,0xc571,0xbd51,0xc572,0xa46d,0x1905,0xcdd4,0x52cc,0x39e9,0x9c6e,0x31e9,0x3a4b,0xb510,0xbd10,0x29c9,0x428d,
    0xbd31,0x29ca,0x29a9,0x29a9,0x0862,0x83ac,0x31c9,0xeeb6,0x3a2b,0x18c2,0x20c3,0xee74,0xf6b6,0x51c4,0x7ae7,0xff39,
    0xff38,0xb510,0xf694,0x6288,0x2988,0xcd92,0x1926,0x0841,0x10c4,0x428c,0xcdd4,0x6b4d,0x530f,0xeed7,0x6b6d,0x3a2b,
    0x5b50,0xeed7,0x9c2e,0x29a8,0x426d,0xbdb4,0xe696,0x31ca,0x10c4,0xc571,0xacaf,0xff59,0xd5f3,0xb4ef,0xa4af,0x29a8,
    0x530f,0xde75,0xb512,0x5aec,0x428c,0x5b2f,0xde13,0xee95,0x4aae,0x530e,0xe655,0x4ace,0x2987,0x3a4c,0x31a6,0x1905,
    0x530f,0x2126,0xb4ce,0xd5b2,0xcd91,0xfef6,0xf6d6,0x6a86,0x8b28,0xff18,0xf6b5,0xb510,0xff17,0xf673,0xbd0f,0x2147,
    0x1905,0x0020,0x31c9,0x4aad,0xe676,0x530f,0x428d,0xeeb5,0x73af,0x31a8,0x4ace,0xf6b6,0x530f,0x2105,0x42ae,0xe655,
    0xde34,0x3a0a,0x1905,0xff79,0xbd30,0xff9a,0xcdb2,0xac8e,0x940d,0x62a8,0x42ad,0xf6d7,0xd5d3,0x3a4c,0xeed7,0x31ea,
    0xaccf,0xd5d3,0x4ace,0x428d,0xde55,0x428e,0x2967,0x3a2b,0x942d,0x10a3,0x2168,0x93cb,0xf6b5,0xde34,0xd5d2,0xee33,
    0xf6f7,0x72a7,0x0000,0x9389,0xf6d6,0xbd30,0xee95,0xc570,0xc54f,0x3123,0x0841,0x52ed,0x31e9,0x52ee,0xf6f7,0x4ace,
    0x4aee,0xb510,0x7bae,0x2167,0x426d,0xb4ef,0x428d,0x3a2b,0x42ae,0xeed7,0x4ace,0x39e7,0x942d,0xff9b,0xeed6,0xe696,
    0xc593,0xe696,0xf759,0x9c2d,0x29a9,0xf738,0xde55,0x428e,0x4aee,0xf6f7,0x6b2c,0x4aac,0x31ea,0x31ea,0xbd71,0x322d,
    0x2988,0x320b,0xaccf,0x10c5,0x20c2,0xddd1,0xcd91,0xd5f3,0xd613,0xb50f,0x6245,0x0000,0x0000,0x8b48,0x8b49,0xbcef,
    0xde13,0xd5b2,0x7b08,0x3984,0x0000,0x3a6c,0x3a2a,0x4a8b,0xd5f3,0x31ea,0x428d,0xcdf4,0x6b4d,0x31c9,0x31eb,0xcd92,
    0x428d,0x31ea,0x632d,0xbd51,0x426c,0x4a68,0x7bac,0xd5f3,0xde33,0xc592,0xc572,0xd5d3,0xcdd3,0xa4af,0x29a8,0xd5f3,
    0xc593,0x3a4c,0x426c,0xc572,0x7b8c,0x3a2a,0x31ca,0x31ea,0xaccf,0x3a4d,0x2987,0x29c9,0x944e,0x10c4,0x18a2,0x9bca,
    0xac6c,0xcdb2,0xbd0f,0x9beb,0x8308,0x0000,0x0000,0x0000,0x1061,0x8b69,0x9389,0x8328,0x51c5,0x0020,0xacf0,0x322b,
    0x320a,0xf6d7,0xf6d7,0x5b30,0x636f,0xf717,0x738e,0x3a0a,0x3a4c,0xeef7,0x4ace,0x426c,0xe654,0xe696,0x428d,0x6b09,
    0x940c,0xacaf,0xbd31,0xe6b6,0xc572,0xbd30,0xacaf,0x9c4d,0x2168,0xeed7,0xe676,0x4aad,0x4aad,0xeed7,0xbd30,0x52ee,
    0x4aad,0xeeb6,0x4a8b,0x3a0b,0x2147,0x320a,0xa48e,0x31c9,0x0000,0x4984,0x8307,0x8369,0x8328,0x59c4,0x0000,0x0000,
    0x0000,0x0000,0x0000,0x0000,0x0000,0x0000,0x0000,0x62eb,0xde54,0x3a4c,0x2188,0xc592,0xf6f8,0x530f,0x73d0,0xf6d7,
    0x6b6e,0x31e9,0x4aad,0xeeb6,0x4ace,0x4aad,0xe675,0xe696,0x426c,0x8bcc,0xaccf,0x9c4e,0x8bec,0xf759,0xcdd3,0xeef7,
    0x9c4d,0xa48e,0x29a9,0x5b0c,0xe696,0x8c50,0x52ee,0xf6d7,0xbd10,0x4aef,0x4aad,0x4aae,0xeed7,0x530e,0x3a2b,0xad33,
    0x9c4e,0x2988,0x18c4,0x0000,0x0000,0x0000,0x0000,0x0000,0x0000,0x0000,0x0000,0x0000,0x0000,0x0000,0x0000,0x0000,
    0x0000,0x8bee,0xf6f7,0x426c,0x532f,0xcdd3,0xb510,0x31ca,0x632c,0x9c2d,0x29a8,0x2147,0xa48f,0xd5f3,0x428c,0x3a6c,
    0xe675,0xe675,0x31ea,0x9c2d,0xaccf,0xeed6,0xe675,0xbd31,0xb511,0xaccf,0xde96,0xc571,0xbd30,0x2167,0xf718,0xee96,
    0x428d,0x52ee,0xc592,0xeeb6,0x52ee,0x52ee,0xcdf4,0xeeb7,0x5350,0x3a2b,0xa534,0xd613,0x3a0a,0x0000,0x0000,0x0000,
    0x0000,0x0000,0x0000,0x0000,0x0000,0x0000,0x0000,0x0000,0x0000,0x0000,0x0000,0x0883,0x8bcd,0x31ea,0x320b,0xf718,
    0xff58,0x532f,0xad34,0xf6d7,0x428c,0x320a,0xcdb3,0xaccf,0x320a,0x2987,0xc571,0xd614,0x29c9,0xbd51,0xad10,0xff59,
    0xff59,0xff5a,0xb511,0xff38,0xff7a,0xf718,0xd634,0x4207,0x10e6,0xf718,0x4ace,0x4a8d,0x4aac,0xc571,0x3a2b,0x4ace,
    0x428c,0x0000,0x10a2,0x18a2,0x20e3,0x1906,0x2188,0x0000,0x0000,0x0000,0x0000,0x0000,0x0000,0x0000,0x0000,0x0000,
    0x0000,0x0000,0x0000,0x0000,0x0000,0x0000,0x18e3,0x2104,0x18e3,0x41e6,0x5288,0x29c9,0x424b,0xbd31,0x3a2b,0x31ea,
    0xb531,0xd614,0x426c,0x7bce,0xbd31,0x5b0d,0x2167,0x5247,0x4a27,0x5268,0x5a88,0x5a88,0x5a89,0x5247,0x5288,0x5247,
    0x5227,0x3165,0x2166,0xc552,0xacf2,0x4aee,0x3a2b,0xee95,0xb4d0,0x2104,0x2924,0x2923,0x2924,0x3144,0x18c3,0x0882,
    0x0021,0x0000,0x0000,0x0000,0x0000,0x0000,0x0000,0x0000,0x0000,0x0000,0x0000,0x0000,0x0000,0x0000,0x0000,0x0000,
    0x0000,0x18a2,0x18c2,0x2103,0x2103,0x2147,0x2167,0xcdb3,0x3a2b,0x428d,0xe695,0xff18,0x4aee,0xa4f1,0xf6d7,0x530e,
    0x2168,0x2924,0x2103,0x3164,0x2924,0x2944,0x2103,0x2924,0x2924,0x3165,0x2944,0x2924,0x2124,0xde35,0xe675,0x52cd,
    0x3a2b,0x530f,0x18a2,0x20e3,0x2944,0x39a5,0x2924,0x39a6,0x2923,0x0000,0x0000,0x0000,0x0000,0x0000,0x0000,0x0000,
    0x0000,0x0000,0x0000,0x0000,0x0000,0x0000,0x0000,0x0000,0x0000,0x0000,0x0000,0x1082,0x39a5,0x4a27,0x41e7,0x3165,
    0x2944,0x2924,0x2103,0x1082,0x20e3,0x18c3,0x1926,0x2146,0x2168,0x428d,0x2103,0x41e6,0x31a5,0x4a27,0x3185,0x5268,
    0x3185,0x2964,0x4a27,0x4a28,0x41e7,0x39a6,0x3185,0x2167,0xa4b0,0xe695,0x1927,0x2103,0x2924,0x3985,0x39c6,0x41c6,
    0x3165,0x41e6,0x2924,0x0000,0x0000,0x0000,0x0000,0x0000,0x0000,0x0000,0x0000,0x0000,0x0000,0x0000,0x0000,0x0000,
    0x0000,0x0000,0x0000,0x0000,0x0000,0x18c2,0x3165,0x4a28,0x4a28,0x4a07,0x5248,0x4a48,0x41e6,0x2924,0x5248,0x41c6,
    0x3185,0x2924,0x2924,0x2924,0x39c6,0x4a07,0x39a6,0x4a27,0x3185,0x5248,0x39a6,0x3185,0x4a28,0x4a48,0x4a28,0x3185,
    0x4a28,0x3165,0x2146,0x2103,0x2103,0x3164,0x4a27,0x4a07,0x4a27,0x4207,0x2944,0x39a6,0x20c3,0x0000,0x0000,0x0000,
    0x0000,0x0000,0x0000,0x0000,0x0000,0x0000,0x0000,0x0000,0x0000,0x0000,0x0000,0x0000,0x0000,0x0000,0x0000,0x0861,
    0x2944,0x4a07,0x5248,0x5268,0x4a28,0x4a28,0x39c6,0x2965,0x5268,0x5248,0x4a28,0x4a07,0x4a27,0x4a27,0x5248,0x5248,
    0x39c6,0x4a07,0x3185,0x5289,0x39a6,0x39c6,0x4a28,0x4a28,0x4a07,0x41e6,0x4a28,0x4a07,0x3165,0x39c6,0x3165,0x41e7,
    0x4a07,0x4a48,0x4a27,0x41e6,0x3185,0x39a6,0x1061,0x0000,0x0000,0x0000,0x0000,0x0000,0x0000,0x0000,0x0000,0x0000,
    0x0000,0x0000,0x0000,0x0000,0x0000,0x0000,0x0000,0x0000,0x0000,0x0000,0x1061,0x3165,0x4a48,0x4a07,0x4a27,0x4a27,
    0x3185,0x39c6,0x4207,0x4a27,0x4207,0x41c6,0x4207,0x4a48,0x4a27,0x4a27,0x3185,0x4a07,0x3185,0x41c6,0x3185,0x4a07,
    0x4a07,0x41e7,0x41c6,0x41e6,0x4a28,0x4a07,0x4a27,0x4a07,0x39a6,0x5248,0x39a5,0x4a48,0x41e7,0x4a27,0x3165,0x3165,
    0x0840,0x0000,0x0000,0x0000,0x0000,0x0000,0x0000,0x0000,0x0000,0x0000,0x0000,0x0000,0x0000,0x0000,0x0000,0x0000,
    0x0000,0x0000,0x0000,0x0000,0x1081,0x3164,0x41c6,0x4a27,0x41e7,0x41e6,0x2964,0x39a6,0x41e6,0x4a27,0x41e6,0x39c6,
    0x41e7,0x4a27,0x41e7,0x39c6,0x39c6,0x41e7,0x3165,0x39a6,0x3185,0x4a07,0x4a07,0x41c6,0x41e7,0x39c6,0x4207,0x41c6,
    0x41e7,0x4207,0x3185,0x41e6,0x3165,0x39c6,0x41e6,0x39c6,0x2944,0x2944,0x0000,0x0000,0x0000,0x0000,0x0000,0x0000,
    0x0000,0x0000,0x0000,0x0000,0x0000,0x0000,0x0000,0x0000,0x0000,0x0000,0x0000,0x0000,0x0000,0x0000,0x1061,0x2924,
    0x39c6,0x3165,0x3185,0x4a27,0x4a07,0x3164,0x5248,0x5248,0x4a28,0x41e7,0x4a48,0x4a27,0x4a07,0x4a07,0x39a6,0x5248,
    0x3985,0x3185,0x39a6,0x4a07,0x4a07,0x5268,0x4a07,0x39c6,0x4a28,0x4a27,0x5268,0x5248,0x39c6,0x4a48,0x4a07,0x3985,
    0x3164,0x2944,0x20e3,0x18c2,0x0000,0x0000,0x0000,0x0000,0x0000,0x0000,0x0000,0x0000,0x0000,0x0000,0x0000,0x0000,
    0x0000,0x0000,0x0000,0x0000,0x0000,0x0000,0x0000,0x0000,0x0861,0x2944,0x5a89,0x4a48,0x5248,0x4a28,0x4a27,0x3165,
    0x4a27,0x41e7,0x4a27,0x41e6,0x4207,0x4a27,0x41e6,0x41c6,0x2944,0x3985,0x2103,0x18a2,0x2124,0x41e6,0x4a27,0x4a28,
    0x4a48,0x39a5,0x5248,0x5248,0x4a27,0x4a27,0x39c6,0x41e6,0x4207,0x4a28,0x5248,0x4207,0x3185,0x18a2,0x0000,0x0000,
    0x0000,0x0000,0x0000,0x0000,0x0000,0x0000,0x0000,0x0000,0x0000,0x0000,0x0000,0x0000,0x0000,0x0000,0x0000,0x0000,
    0x0000,0x0000,0x0000,0x0000,0x2103,0x4a28,0x5248,0x5aa9,0x5248,0x39a5,0x5268,0x5268,0x5268,0x3985,0x5268,0x5248,
    0x5248,0x5248,0x3185,0x4a27,0x18a2,0x1061,0x3164,0x5268,0x5248,0x5248,0x4a27,0x4207,0x5248,0x5a89,0x5268,0x4a28,
    0x4227,0x5289,0x5268,0x5248,0x41c6,0x20e3,0x0861,0x0000,0x0000,0x0000,0x0000,0x0000,0x0000,0x0000,0x0000,0x0000,
    0x0000,0x0000,0x0000,0x0000,0x0000,0x0000,0x0000,0x0000,0x0000,0x0000,0x0000,0x0000,0x0000,0x0000,0x1081,0x2944,
    0x3145,0x49e6,0x41c6,0x39a6,0x39a5,0x41c6,0x39a5,0x3185,0x39a5,0x39a5,0x41c6,0x39a5,0x3164,0x2924,0x18a2,0x1061,
    0x2124,0x3185,0x3985,0x41e6,0x39a6,0x39a5,0x39c6,0x39a5,0x41e6,0x41e6,0x39c6,0x41e6,0x41e6,0x3165,0x2103,0x18a2,
    0x0841,0x0000,0x0000,0x0000,0x0000,0x0000,0x0000,0x0000,0x0000,0x0000,0x0000,0x0000,0x0000,0x0000,0x0000,0x0000,
    0x0000,0x0000,0x0000,0x0000,0x0000,0x0000,0x0000,0x0000,0x0000,0x0000,0x20c2,0x51e5,0x3985,0x20e3,0x3185,0x39a6,
    0x39a5,0x3185,0x5248,0x4207,0x4a27,0x4a27,0x3164,0x2944,0x0000,0x0000,0x1082,0x3185,0x4a27,0x4a28,0x39c6,0x41e6,
    0x5248,0x39a5,0x39c6,0x39a5,0x18c3,0x4a06,0x51c4,0x18a2,0x0000,0x0000,0x0000,0x0000,0x0000,0x0000,0x0000,0x0000,
    0x0000,0x0000,0x0000,0x0000,0x0000,0x0000,0x0000,0x0000,0x0000,0x0000,0x0000,0x0000,0x0000,0x0000,0x0000,0x0000,
    0x0000,0x0000,0x0000,0x0000,0x0000,0x8308,0xff38,0xad10,0xff17,0xf6d6,0xf694,0xcd50,0x5227,0xa42b,0x9beb,0x5a06,
    0x51c5,0x0000,0x0000,0x0000,0x0000,0x0000,0x6205,0xa40a,0x9c0b,0x8349,0x5a67,0xee95,0xf6b5,0xfeb5,0xddf2,0xfef6,
    0x9368,0x0000,0x0000,0x0000,0x0000,0x0000,0x0000,0x0000,0x0000,0x0000,0x0000,0x0000,0x0000,0x0000,0x0000,0x0000,
    0x0000,0x0000,0x0000,0x0000,0x0000,0x0000,0x0000,0x0000,0x0000,0x0000,0x0000,0x0000,0x0000,0x0000,0x0000,0xf719,
    0x52ef,0x31ea,0x428d,0x426d,0x4aae,0x320b,0xde34,0x93ed,0x4208,0x2167,0x10a3,0x0000,0x0000,0x0000,0x0000,0x0000,
    0x2126,0x39e9,0xac8e,0xbcef,0xee95,0x4aad,0x42ad,0x428d,0x426c,0x4aae,0x530e,0x0000,0x0000,0x0000,0x0000,0x0000,
    0x0000,0x0000,0x0000,0x0000,0x0000,0x0000,0x0000,0x0000,0x0000,0x0000,0x0000,0x0000,0x0000,0x0000,0x0000,0x0000,
    0x0000,0x0000,0x0000,0x0000,0x0000,0x0000,0x0000,0x0000,0xff7a,0x3a2a,0x4ace,0x3a2b,0x4acf,0x428d,0x428d,0x3a2b,
    0x31c9,0x9c6d,0x39e7,0xa48f,0x732a,0x18a2,0x0000,0x0000,0x0000,0x0820,0x940d,0x5aca,0xa46e,0x62eb,0x428c,0x428d,
    0x42ae,0x4ace,0x426c,0x4aad,0x422b,0xff17,0x0000,0x0000,0x0000,0x0000,0x0000,0x0000,0x0000,0x0000,0x0000,0x0000,
    0x0000,0x0000,0x0000,0x0000,0x0000,0x0000,0x0000,0x0000,0x0000,0x0000,0x0000,0x0000,0x0000,0x0000,0x0000,0x0000,
    0x0000,0x0000,0xcdd3,0xf6f7,0x3a4c,0x29ea,0x21ca,0x21a9,0x2a0a,0x2168,0x2167,0xde34,0xd613,0xbd50,0x836b,0x18a2,
    0x0000,0x0000,0x0000,0x0820,0x940c,0xf6d6,0xff58,0x29a7,0x21a9,0x29c9,0x21a9,0x29ea,0x320a,0x322b,0xe696,0xbd51,
    0x0000,0x0000,0x0000,0x0000,0x0000,0x0000,0x0000,0x0000,0x0000,0x0000,0x0000,0x0000,0x0000,0x0000,0x0000,0x0000,
    0x0000,0x0000,0x0000,0x0000,0x0000,0x0000,0x0000,0x0000,0x0000,0x0000,0x0000,0x1082,0xb510,0xff17,0xff59,0xc572,
    0xf6f7,0xf6d6,0xf6f6,0xf6f7,0xde14,0x732a,0x6ae9,0x5a88,0x20e2,0x0000,0x0862,0x10a3,0x0000,0x1083,0x0000,0x730a,
    0x734a,0xddf3,0xff39,0xfef7,0xf6d6,0xf6f7,0xd634,0xf6d6,0xde55,0xacaf,0x0841,0x0000,0x0000,0x0000,0x0000,0x0000,
    0x0000,0x0000,0x0000,0x0000,0x0000,0x0000,0x0000,0x0000,0x0000,0x0000,0x0000,0x0000,0x0000,0x0000,0x0000,0x0000,
    0x0000,0x0000,0x0000,0x10a3,0x10a3,0x18c3,0x0000,0x7b4a,0x6ae9,0x6288,0x732a,0x732a,0x62c8,0x6ae9,0x6ac9,0x0000,
    0x0000,0x10a3,0x10a3,0x0000,0x10a3,0x1083,0x1062,0x10a3,0x18c4,0x0000,0x0000,0x6ae9,0x6ae9,0x6ac9,0x7309,0x7309,
    0x62a8,0x6ae9,0x732a,0x0000,0x10a3,0x1082,0x1082,0x18c4,0x0000,0x0000,0x0000,0x0000,0x0000,0x0000,0x0000,0x0000,
    0x0000,0x0000,0x0000,0x0000,0x0000,0x0000,0x0000,0x0000,0x0000,0x0000,0x0000,0x0000,0x0000,0x0000,0x18c3,0x0000,
    0x10a3,0x0000,0x0000,0x0000,0x0000,0x0000,0x0000,0x0000,0x0000,0x10a3,0x10a3,0x1083,0x1082,0x10a3,0x1082,0x10a3,
    0x1082,0x10a3,0x1083,0x10a3,0x1082,0x0020,0x0000,0x0000,0x0000,0x0000,0x0000,0x0000,0x0000,0x10c4,0x10a3,0x10a3,
    0x10a3,0x0000,0x0000,0x0000,0x0000,0x0000,0x0000,0x0000,0x0000,0x0000,0x0000,0x0000,0x0000,0x0000,0x0000,0x0000,
    0x0000,0x0000,0x0000,0x0000,0x0000,0x0000,0x0000,0x0000,0x0000,0x0000,0x0000,0x1082,0x0020,0x18c3,0x1082,0x10a3,
    0x18c3,0x0841,0x10a3,0x10a3,0x0020,0x10a3,0x10a3,0x0000,0x10a3,0x0020,0x18c3,0x0000,0x1083,0x0020,0x10a3,0x1082,
    0x10a3,0x10a3,0x0000,0x0000,0x0000,0x0000,0x10a3,0x1062,0x0000,0x0000,0x0000,0x0000,0x0000,0x0000,0x0000,0x0000,
    0x0000,0x0000,0x0000,0x0000,0x0000,0x0000,0x0000,0x0000,0x0000,0x0000,0x0000,0x0000,0x0000,0x0000,0x0000,0x0000,
    0x0000,0x0000,0x0000,0x0000,0x0000,0x0000,0x0000,0x0000,0x0000,0x0000,0x0000,0x0000,0x10a3,0x0000,0x0000,0x1083,
    0x0000,0x0000,0x18a3,0x1083,0x0000,0x10a3,0x0000,0x0000,0x1083,0x0020,0x0020,0x10a3,0x0000,0x0000,0x0000,0x0000,
    0x0000,0x0000,0x0000,0x0000,0x0000,0x0000,0x0000,0x0000,0x0000,0x0000,0x0000,0x0000,0x0000,0x0000,0x0000,0x0000,
};
/* hot-shorts.png; source sha256 fbaae0ae20b9e61e674edea35366945c0cf91209cf84070d9aa40323c13fd6af; crop (379, 411, 867, 1101) */
static const uint16_t muse_wardrobe_pixels_12[] = {
    0x0000,0x0000,0x0000,0x0000,0x0000,0x0000,0x0000,0x0000,0x0000,0x0000,0x0000,0x0000,0x0000,0x0000,0x0000,0x0000,
    0x0000,0x0000,0x0000,0x0000,0x0000,0x28c2,0x5185,0x61e5,0x59e5,0x61c5,0x59c5,0x5184,0x4964,0x5184,0x4964,0x0000,
    0x0000,0x0000,0x0000,0x0000,0x0000,0x0000,0x0000,0x0000,0x0000,0x0000,0x0000,0x0000,0x0000,0x0000,0x0000,0x0000,
    0x0000,0x0000,0x0000,0x0000,0x0000,0x0000,0x0000,0x0000,0x0000,0x0000,0x0000,0x0000,0x0000,0x0000,0x0000,0x0000,
    0x0000,0x0000,0x0000,0x0000,0x0840,0x61e5,0x6226,0x3923,0x7b0a,0xffbd,0xf719,0xffde,0xffbd,0xeeb8,0xf73a,0xe676,
    0xde34,0xf719,0x4123,0x59a4,0x4964,0x0000,0x0000,0x0000,0x0000,0x0000,0x0000,0x0000,0x0000,0x0000,0x0000,0x0000,
    0x0000,0x0000,0x0000,0x0000,0x0000,0x0000,0x0000,0x0000,0x0000,0x0000,0x0000,0x0000,0x0000,0x0000,0x0000,0x0000,
    0x0000,0x0000,0x0000,0x0000,0x0000,0x0020,0x0000,0x1060,0x7246,0x4963,0x59c4,0x832a,0xff9c,0xff7b,0xff7c,0xffbd,
    0xff7b,0xf6f8,0xf719,0xf73a,0xf719,0x5184,0x51a4,0x61e5,0x0000,0x0000,0x0000,0x0000,0x0000,0x0000,0x0000,0x0000,
    0x0000,0x0000,0x0000,0x0000,0x0000,0x0000,0x0000,0x0000,0x0000,0x0000,0x0000,0x0000,0x0000,0x0000,0x0000,0x0000,
    0x0000,0x0000,0x0000,0x0000,0x0000,0x0000,0x0000,0x0000,0x61c5,0x4984,0x4963,0xff9c,0xf75b,0xeef8,0xeeb7,0xeeb7,
    0xf6f9,0xeed7,0xeeb7,0xeed8,0xeed7,0xf6f8,0xeef8,0xeeb6,0xeef8,0xeeb7,0xe6b7,0x4944,0x5184,0x0000,0x0000,0x0000,
    0x0000,0x0000,0x0000,0x0000,0x0000,0x0000,0x0000,0x0000,0x0000,0x0000,0x0000,0x0000,0x0000,0x0000,0x0000,0x0000,
    0x0000,0x0000,0x0000,0x0000,0x0000,0x0000,0x0000,0x0000,0x0000,0x4984,0x51a4,0xf75a,0xff7b,0xf75a,0xeef9,0xeeb7,
    0xe696,0xe697,0xff7b,0xe676,0xff5a,0xff7b,0xeeb7,0xeeb7,0xe696,0xe696,0xeef8,0xf6f9,0xde55,0xde14,0xef19,0xeeb7,
    0x3903,0x4943,0x0000,0x0000,0x0000,0x0000,0x0000,0x0000,0x0000,0x0000,0x0000,0x0000,0x0000,0x0000,0x0000,0x0000,
    0x0000,0x0000,0x0000,0x0000,0x0000,0x0000,0x0000,0x0000,0x0000,0x0000,0x0000,0x59a4,0xde98,0xff5b,0xeed7,0xe696,
    0xeeb7,0xf719,0xe696,0xff5a,0xf75b,0xeeb7,0xee97,0xe696,0xe676,0xe697,0xee97,0xeeb7,0xeeb7,0xe697,0xeeb7,0xeed8,
    0xf73a,0xe676,0xe696,0xe676,0xe676,0x3903,0x4964,0x0000,0x0000,0x0000,0x0000,0x0000,0x0000,0x0000,0x0000,0x0000,
    0x0000,0x0000,0x0000,0x0000,0x0000,0x0000,0x0000,0x0000,0x0000,0x0000,0x0000,0x0000,0x4943,0x59e5,0xde77,0xf77b,
    0xeeb7,0xe676,0xe676,0xe676,0xeed8,0xf719,0xe655,0xe676,0xe675,0xeeb7,0xeed7,0xeed7,0xe676,0xeeb7,0xeed8,0xeeb7,
    0xe696,0xeeb7,0xeed8,0xee97,0xe655,0xe676,0xe676,0xe676,0x8b6a,0x72c8,0x59a5,0x0000,0x0000,0x0000,0x0000,0x0000,
    0x0000,0x0000,0x0000,0x0000,0x0000,0x0000,0x0000,0x0000,0x0000,0x0000,0x0000,0x0000,0x0000,0x0000,0x0000,0x4143,
    0x6a46,0xff5b,0xeef8,0xeeb7,0xe676,0xe696,0xe696,0xeeb7,0xff7b,0xee97,0xe676,0xe676,0xeeb7,0xff5b,0xf73a,0xe696,
    0xeeb7,0xeeb7,0xee97,0xeeb7,0xeeb7,0xeeb7,0xeed8,0xe655,0xde14,0xee96,0xe696,0xe696,0xcdd3,0x59c5,0x0000,0x0000,
    0x0000,0x0000,0x0000,0x0000,0x0000,0x0000,0x0000,0x0000,0x0000,0x0000,0x0000,0x0000,0x0000,0x0000,0x0000,0x0000,
    0x0000,0x4963,0xa470,0xff7b,0xe676,0xeed8,0xe696,0xe676,0xff5a,0xff5a,0xf75a,0xf719,0xe675,0xe676,0xeeb7,0xe696,
    0xeeb7,0xeeb7,0xe676,0xeeb7,0xe696,0xe696,0xeed8,0xeeb7,0xe696,0xe696,0xe696,0xe675,0xeeb7,0xde34,0xe675,0xe676,
    0xde13,0x5164,0x4963,0x0000,0x0000,0x0000,0x0000,0x0000,0x0000,0x0000,0x0000,0x0000,0x0000,0x0000,0x0000,0x0000,
    0x0000,0x0000,0x0000,0x4123,0xde99,0xf75b,0xeed7,0xeeb7,0xe655,0xe676,0xe6b7,0xf73a,0xeeb7,0xe676,0xeeb7,0xe696,
    0xe676,0xee96,0xe696,0xeef8,0xeed8,0xe696,0xee97,0xeeb7,0xee96,0xee96,0xe655,0xe696,0xe6b7,0xde35,0xe675,0xe676,
    0xe676,0xe676,0xd5f3,0xcdb2,0x93cb,0xa40d,0x3903,0x0000,0x0000,0x0000,0x0000,0x0000,0x0000,0x0000,0x0000,0x0000,
    0x0000,0x0000,0x0000,0x0000,0x0000,0x0000,0x5184,0xf75a,0xf75a,0xf6f9,0xe696,0xe696,0xe696,0xeeb7,0xf73a,0xf6f8,
    0xe696,0xeed8,0xeeb7,0xe696,0xeeb7,0xe696,0xeef8,0xeef8,0xeeb7,0xe696,0xeeb7,0xee96,0xeeb7,0xeeb7,0xeeb7,0xe675,
    0xde14,0xe675,0xe696,0xe676,0xe675,0xd5d3,0xcdb2,0xcd92,0xacaf,0x4964,0x0000,0x0000,0x0000,0x0000,0x0000,0x0000,
    0x0000,0x0000,0x0000,0x0000,0x0000,0x0000,0x0000,0x0000,0x0000,0x6205,0xff7b,0xe655,0xe696,0xeeb7,0xeeb7,0xe655,
    0xeed8,0xb4cf,0xb46c,0xeed7,0xac6d,0xac6d,0xac4c,0xbcce,0xbcce,0xb4ce,0xb4ae,0xb4ae,0xac8d,0xb4ae,0xb4ae,0xbcef,
    0xb4ae,0xbd0f,0xbcee,0xe696,0xcdb2,0xee96,0xe696,0xee96,0xe676,0xd5d2,0xd5f3,0xc531,0x5184,0x0000,0x0000,0x0000,
    0x0000,0x0000,0x0000,0x0000,0x0000,0x0000,0x0000,0x0000,0x0000,0x0000,0x0000,0x4964,0xf75b,0xeeb7,0xe634,0xeed8,
    0xcd50,0xc571,0xa44d,0xedf2,0xedb1,0xedd1,0xf633,0xed90,0xedf2,0xf612,0xedf1,0xedd1,0xedd1,0xee13,0xedf1,0xf5f1,
    0xedf1,0xf612,0xedf1,0xf5f1,0xedf2,0xed90,0xedf2,0xf5f1,0x93aa,0xa42c,0xcd50,0xe676,0xd5f3,0xde34,0xd5f3,0xb4cf,
    0x0000,0x0000,0x0000,0x0000,0x0000,0x0000,0x0000,0x0000,0x0000,0x0000,0x0000,0x0000,0x0000,0x0020,0x51a4,0xff9c,
    0xe675,0xe696,0xeeb7,0xcd71,0xb4ce,0xa44d,0xf612,0xedd1,0xedb0,0xf633,0xedd1,0xedf1,0xedf1,0xf633,0xf5f1,0xedf2,
    0xedf2,0xf612,0xf633,0xf633,0xf633,0xf612,0xf612,0xf612,0xf653,0xf612,0xedd1,0x9bec,0x8b6a,0xd5b2,0xe696,0xde13,
    0xcdb2,0xc551,0xcdb2,0x4143,0x0000,0x0000,0x0000,0x0000,0x0000,0x0000,0x0000,0x0000,0x0000,0x0000,0x0000,0x0000,
    0x1081,0xffde,0xee97,0xeed8,0xe696,0xde34,0x8349,0x8329,0xf653,0xf612,0xf612,0xf633,0xf653,0xfe95,0xfeb5,0xf694,
    0xf612,0xf653,0xfe95,0xfe95,0xfe95,0xf633,0xfe95,0xfe95,0xfeb5,0xfe95,0xedd1,0xedd1,0xf612,0xf695,0xfe74,0xf632,
    0xac4c,0xd5d2,0xe676,0xd5f3,0xd5d3,0xcd71,0x59a4,0x0000,0x0000,0x0000,0x0000,0x0000,0x0000,0x0000,0x0000,0x0000,
    0x0000,0x0000,0x2081,0x4123,0xf73a,0xee96,0xe697,0xe696,0xbcef,0xf654,0xf654,0xfe54,0xfe94,0xfeb6,0xfe95,0xfe94,
    0xf695,0xfe95,0xf674,0xfe95,0xfeb5,0xfeb5,0xfe95,0xfe95,0xfed6,0xf674,0xf674,0xfe95,0xfe95,0xf695,0xfe95,0xfe95,
    0xfe95,0xf633,0xf695,0xfe53,0xac6d,0xeeb7,0xcd92,0xcd92,0xcd92,0x4943,0x0000,0x0000,0x0000,0x0000,0x0000,0x0000,
    0x0000,0x0000,0x0000,0x0000,0x0000,0x1040,0x59c5,0xf719,0xe676,0xe697,0xbd51,0x9c0c,0xf632,0xedd1,0xf654,0xfe95,
    0xf695,0xf674,0xf6b5,0xfeb5,0xf674,0xf653,0xfed7,0xf6b6,0xf695,0xfe95,0xfeb5,0xf695,0xf695,0xfeb5,0xf695,0xf695,
    0xf695,0xfeb6,0xf674,0xfe95,0xf674,0xf674,0xfeb6,0xc4ad,0xc550,0xd5d2,0xcd92,0xcd91,0x4984,0x0000,0x0000,0x0000,
    0x0000,0x0000,0x0000,0x0000,0x0000,0x0000,0x0000,0x0000,0x20a1,0x5184,0xff7c,0xee97,0xe696,0xac6d,0x9c0c,0xf674,
    0xee33,0xf695,0xfe95,0xf695,0xf695,0xfeb6,0xfe95,0xfe95,0xf695,0xfef8,0xf6d6,0xfeb5,0xfed6,0xfeb5,0xf6b5,0xfeb6,
    0xfed6,0xfeb5,0xfeb5,0xfeb6,0xfeb5,0xf695,0xfe95,0xfeb5,0xf674,0xfeb5,0xdd4f,0xc571,0xddf3,0xd5b2,0xc571,0xc572,
    0x4123,0x0000,0x0000,0x0000,0x0000,0x0000,0x0000,0x0000,0x0000,0x0000,0x3923,0x7b2a,0xff9d,0xe655,0xe697,0xbcef,
    0xbcce,0xfe95,0xfe95,0xf654,0xfeb5,0xfe95,0xfe95,0xf6b6,0xf694,0xfed6,0xfed6,0xf6d7,0xfed7,0xfe95,0xfed6,0xfeb6,
    0xfeb6,0xfe95,0xfeb5,0xfeb6,0xfeb6,0xfed7,0xf695,0xfeb6,0xfeb5,0xfeb5,0xfeb5,0xf694,0xfe95,0xfeb5,0xedf2,0xcd92,
    0xc571,0xd5b2,0xd5d3,0x5164,0x0000,0x0000,0x0000,0x0000,0x0000,0x0000,0x0000,0x0000,0x0000,0x59c5,0x8b4a,0xff7b,
    0xe676,0xde55,0xff5a,0xf6b5,0xfeb5,0xfe95,0xfe95,0xfeb5,0xfeb5,0xf674,0xff37,0x0000,0x0000,0xf6b5,0xf694,0xfeb5,
    0xfeb5,0xfed6,0xfef7,0xfeb5,0xfeb6,0xfeb6,0xfe95,0xf6d6,0x0000,0x0000,0x0000,0xfeb5,0xfeb5,0xfeb5,0xfeb5,0xfeb5,
    0xfe95,0xb46d,0xe675,0xde34,0xde14,0xbcef,0x4964,0x0000,0x0000,0x0000,0x0000,0x0000,0x0000,0x0000,0x0000,0x0000,
    0x61e5,0x834a,0xeed8,0xe676,0xe676,0xb4ae,0xf654,0xf695,0xfeb5,0xf695,0xf695,0xfeb5,0x0000,0x0000,0xf79e,0x0000,
    0x0000,0x0000,0xfeb5,0xfe95,0xfeb6,0xfeb6,0xfe95,0xf6b5,0xfeb6,0xf739,0x0000,0xf7de,0x0841,0x0000,0x0000,0xf6b5,
    0xfe95,0xf695,0xfeb5,0xfe95,0xee75,0xbd0f,0xc550,0xc530,0xc551,0x4963,0x0000,0x0000,0x0000,0x0000,0x0000,0x0000,
    0x0000,0x0000,0x0000,0x59a5,0x7b09,0xf71a,0xe675,0xd5d3,0xc550,0xf653,0xf674,0xf674,0xee74,0xf674,0xf674,0x0000,
    0x0000,0x52aa,0x0000,0x0000,0x0000,0xf695,0xf695,0xf695,0xf695,0xfe95,0xf675,0xf695,0xf674,0x0000,0x4a69,0x0841,
    0x0000,0x0000,0xf674,0xf695,0xf674,0xf674,0xf674,0xbcef,0xd5b2,0xc550,0xcd71,0xc571,0x5184,0x0000,0x0000,0x0000,
    0x0000,0x0000,0x0000,0x0000,0x0000,0x0000,0x59c5,0x834a,0xff5b,0xe676,0xcd91,0xfed7,0xfe95,0xfe95,0xfeb6,0xf695,
    0xfe95,0xfeb5,0x0000,0x0000,0x0000,0x0000,0x0000,0x0020,0xfeb5,0xfe95,0xfeb6,0xfeb6,0xfeb5,0xfeb5,0xfeb5,0xf739,
    0x0000,0x0000,0x0000,0x0000,0x0000,0xf6d6,0xfe95,0xfe95,0xfeb5,0xfe95,0xac6d,0xde13,0xde14,0xde13,0xcd71,0x5164,
    0x0000,0x0000,0x0000,0x0000,0x0000,0x0000,0x0000,0x0000,0x0000,0x59c5,0x8b6b,0xe696,0xe696,0xe697,0xb4ae,0xfe94,
    0xfe94,0xfeb5,0xf695,0xfe95,0xf6b5,0xf694,0xfeb5,0x0000,0x0000,0xf6b5,0xf674,0xfeb5,0xfe95,0xfeb5,0xfeb5,0xfeb5,
    0xfe95,0xfed6,0xfe94,0xfeb5,0x0000,0x0000,0x0020,0xfeb5,0xf654,0xfeb5,0xf695,0xfe95,0xfe95,0xfe94,0xbd0f,0xc571,
    0xd5d3,0xbd0f,0x4964,0x0020,0x0000,0x0000,0x0000,0x0000,0x0000,0x0000,0x0000,0x0000,0x6205,0x8b6a,0xde14,0xde14,
    0xc551,0xfed6,0xf653,0xf695,0xfe95,0xf613,0xf4b1,0xfe95,0xf695,0xf6b6,0xf694,0xf695,0xf6b5,0xf695,0xfeb5,0xfeb5,
    0xfeb5,0xfeb6,0xf694,0xfeb5,0xfe95,0xfeb6,0xfeb5,0xfef8,0xf653,0xfef7,0xfe95,0xf4d2,0xf674,0xf695,0xfeb6,0xfe95,
    0xc50e,0xc550,0xc550,0xc551,0xc550,0x5184,0x0000,0x0000,0x0000,0x0000,0x0000,0x0000,0x0000,0x0000,0x0000,0x4964,
    0x5a06,0x9bed,0xd5f3,0xbcef,0xc50f,0xf675,0xf654,0xe490,0xe552,0xe573,0xed31,0xf633,0xee75,0xf675,0xf674,0xf695,
    0xf674,0xf695,0x934a,0xfeb6,0xf654,0xf674,0x93ab,0xf6b6,0xf695,0xf695,0xf675,0xf695,0xf654,0xec90,0xe572,0xed93,
    0xe4f0,0xf654,0xf674,0xdd70,0xc550,0xbd10,0xbd0f,0xac6d,0x59c4,0x0000,0x0000,0x0000,0x0000,0x0000,0x0000,0x0000,
    0x0000,0x0000,0x0000,0x1861,0x3902,0xde14,0xde34,0xac6d,0xfe74,0xfeb5,0xf430,0xebcf,0xfe95,0xf430,0xfe74,0xf695,
    0xfeb5,0xfeb5,0xfeb5,0xfeb5,0xfed6,0x3903,0xf718,0xfe53,0xf6b6,0x30e2,0xff58,0xfed6,0xfeb5,0xfeb6,0xf674,0xfed5,
    0xf430,0xf6d6,0xf3cf,0xf410,0xfeb5,0xf695,0xf633,0xbd0f,0xbd10,0xcd92,0x5184,0x0000,0x0000,0x0000,0x0000,0x0000,
    0x0000,0x0000,0x0000,0x0000,0x0000,0x0000,0x0000,0x4964,0xcd91,0xc571,0xd5b2,0xa42c,0xee12,0xf695,0xee13,0xf4b1,
    0xf694,0xfe95,0xf695,0xfe95,0xfeb5,0xf695,0xf694,0xfeb5,0xf695,0x4123,0x3903,0x30e2,0xfeb6,0xfeb5,0xfeb5,0xfeb5,
    0xf695,0xfeb5,0xfe95,0xf695,0xf410,0xfeb5,0xf695,0xfeb6,0xdd4f,0xb4ae,0xcdb1,0xcdb2,0xcdb2,0x5164,0x0000,0x0000,
    0x0000,0x0000,0x0000,0x0000,0x0000,0x0000,0x0000,0x0000,0x0000,0x0000,0x0000,0x51a4,0xcd71,0xd5d3,0xbd30,0xb48d,
    0xfe74,0xf674,0xf694,0xf695,0xf695,0xf695,0xfe95,0xfeb5,0xfe95,0xee11,0xfe95,0xfeb5,0xf695,0xf674,0xfed6,0xfe95,
    0xfed6,0xfeb6,0xfe95,0xf695,0xf695,0xfed6,0xfe95,0xf673,0xfeb5,0xf694,0xfeb5,0xac8d,0xc551,0xd5d3,0xac8f,0x4964,
    0x0840,0x0000,0x0000,0x0000,0x0000,0x0000,0x0000,0x0000,0x0000,0x0000,0x0000,0x0000,0x0000,0x0000,0x51a5,0xc550,
    0xd5d3,0xbd10,0xac8d,0xf612,0xf674,0xf674,0xf674,0xf695,0xf695,0xf695,0xf695,0xf674,0xf674,0xf695,0xf695,0xfe95,
    0xf695,0xfe95,0xfeb5,0xfeb6,0xfeb5,0xfe95,0xfeb5,0xf695,0xf695,0xf695,0xf694,0xf695,0xfeb5,0xedf1,0xac6d,0xcd71,
    0xd613,0xac8e,0x59c5,0x0000,0x0000,0x0000,0x0000,0x0000,0x0000,0x0000,0x0000,0x0000,0x0000,0x0000,0x0000,0x0000,
    0x0000,0x0000,0x51a4,0x59a5,0xbd10,0xc571,0xb4ad,0xac6c,0xe5b1,0xfe95,0xfeb5,0xf695,0xfe95,0xfe94,0xfeb5,0xf695,
    0xfe95,0xfeb5,0xfeb6,0xfeb6,0xfeb5,0xfeb5,0xfe95,0xfeb5,0xfe94,0xfeb6,0xfe95,0xfe94,0xfe95,0xfe95,0xe5b1,0xd52e,
    0xb4ad,0xc550,0x59e5,0x5184,0x4143,0x0000,0x0000,0x0000,0x0000,0x0000,0x0000,0x0000,0x0000,0x0000,0x0000,0x0000,
    0x0000,0x0000,0x0000,0x0000,0x59c5,0x72a7,0xf719,0xe656,0xc550,0xbd30,0xbd0f,0xc530,0xcd91,0xe590,0xe5b1,0xee12,
    0xfe74,0xf653,0xf612,0xfe74,0xfe95,0xf674,0xfe95,0xf674,0xf695,0xf633,0xf653,0xfe95,0xf612,0xedd1,0xf633,0xdd70,
    0xc550,0xbcef,0xbd10,0xc551,0xc550,0xde14,0xeeb7,0xac8e,0x61e5,0x0000,0x0000,0x0000,0x0000,0x0000,0x0000,0x0000,
    0x0000,0x0000,0x0000,0x0000,0x0000,0x59c5,0x4943,0xf75b,0xff9d,0xeeb7,0xf719,0xf719,0xee96,0xeed7,0xe634,0xd5f4,
    0xd5b2,0xd5d3,0xd5d3,0xd5b2,0xd5b2,0xd5b2,0xd5d3,0xd5b2,0xd5b2,0xcd92,0xd5b2,0xcdb2,0xd5b2,0xd5d3,0xd5b2,0xd5b2,
    0xcdb2,0xd5b2,0xd5b2,0xd5d3,0xddf4,0xde35,0xe655,0xeef8,0xf6d8,0xf6f8,0xeef8,0xf719,0xb42c,0x0000,0x0000,0x0000,
    0x0000,0x0000,0x0000,0x0000,0x0000,0x0000,0x0000,0x51a4,0xe6b9,0xde77,0xff5b,0xeed7,0xeed8,0xf719,0xeed7,0xeed7,
    0xeef8,0xee96,0xf6f8,0xe655,0xeeb7,0xde34,0xde14,0xd5f3,0xd5f3,0xd5f3,0xd5d2,0xd5d3,0xd5d3,0xd5d3,0xd5d3,0xd5d3,
    0xd5d2,0xd5d3,0xd5f3,0xde34,0xde35,0xe655,0xeed7,0xee96,0xeed7,0xeef8,0xf6f8,0xeed7,0xeed8,0xf6f8,0xf719,0xde35,
    0x93cb,0x0820,0x0000,0x0000,0x0000,0x0000,0x0000,0x0000,0x0000,0x0000,0x7a87,0xff9d,0xff5b,0xff7b,0xf6f8,0xeed8,
    0xeed7,0xeed7,0xf6f8,0xeed7,0xeeb7,0xf739,0xee75,0xeeb7,0xde35,0xde14,0xde14,0xde14,0xddf3,0xd5f3,0xd5f3,0xd5f3,
    0xd5d3,0xd5b2,0xd5d3,0xd5f3,0xde14,0xddf3,0xde34,0xe654,0xe696,0xf6f8,0xf6f8,0xf6f8,0xf6f8,0xf6f8,0xf719,0xeed7,
    0xf718,0xff7b,0xf73a,0xeed8,0x5184,0x0000,0x0000,0x0000,0x0000,0x0000,0x0000,0x0020,0x51a4,0xff9c,0xf739,0xf6f8,
    0xeed7,0xf719,0xf719,0xf718,0xeeb6,0xe676,0xde13,0xeed7,0xeed7,0xf739,0xf719,0xf73a,0xeed7,0xee96,0xee96,0xeeb7,
    0xe676,0xe634,0xe635,0xde34,0xe675,0xe655,0xe655,0xeeb7,0xe696,0xf719,0xf6f8,0xf719,0xeed8,0xde34,0xde14,0xee96,
    0xf6f8,0xeed7,0xf719,0xeed8,0xf6f8,0xf719,0xff7b,0xe675,0x4943,0x1040,0x0000,0x0000,0x0000,0x61e5,0x59a4,0xff9d,
    0xf6f8,0xf6f8,0xeed7,0xeed8,0xf6f8,0xf719,0xeeb7,0xd5f3,0xcdb2,0xcd91,0xf719,0xff7b,0xf739,0xff5b,0xf6f8,0xee96,
    0xf719,0xf719,0xf739,0xf6f8,0xf719,0xf719,0xf6f8,0xeed7,0xf6f8,0xf719,0xf719,0xeeb7,0xf6f9,0xf6d8,0xeed8,0xeed8,
    0xeeb7,0xe654,0xcd92,0xde14,0xf719,0xeed8,0xeed7,0xeed8,0xf6f8,0xf719,0xf73a,0xf719,0x4123,0x4943,0x0000,0x1881,
    0xa42d,0xa44e,0xf719,0xeed8,0xeed7,0xeed8,0xf6f8,0xeed7,0xee96,0xde14,0xcdb2,0xd5f3,0xeeb7,0xf719,0xf719,0xeef8,
    0xeef8,0xeeb7,0xeed7,0xeeb7,0xeeb6,0xeed7,0xeed7,0xeef8,0xeef8,0xeed7,0xf6f8,0xf6f8,0xf6f8,0xf719,0xeed8,0xee96,
    0xee96,0xeed7,0xeef8,0xeeb7,0xeed8,0xd5d3,0xcd91,0xe655,0xeeb6,0xeeb7,0xeed7,0xeeb7,0xeef8,0xeed7,0xeeb7,0x51c4,
    0x51a4,0x0820,0x51a4,0xff9b,0xff9c,0xeed7,0xf719,0xeed7,0xeed8,0xf719,0xf6f8,0xe635,0xd5d3,0xcd71,0xeeb7,0xeeb6,
    0xff5b,0xff7c,0xee96,0xeed7,0xeed7,0xf719,0xee96,0xee96,0xeeb7,0xeed7,0xf6f8,0xf6f8,0xf6f8,0xf6f9,0xf6f8,0xf6f8,
    0xf6f8,0xf719,0xeeb7,0xeeb7,0xf719,0xf718,0xeed7,0xeed8,0xde13,0xcd71,0xde14,0xeeb6,0xeed7,0xf6f8,0xf6f8,0xf719,
    0xee96,0xee96,0xf6f8,0xf719,0x4943,0x6a06,0xf6f8,0xeed8,0xf73a,0xf6f8,0xf719,0xeed7,0xee96,0xde13,0xd5d2,0xcd71,
    0xcdb2,0xeef8,0xf739,0xff9c,0xeed7,0xf719,0xf75a,0xff5a,0xf719,0xf719,0xf6f8,0xeed8,0xf73a,0xf719,0xf6f8,0xf73a,
    0xf719,0xeed7,0xeeb7,0xeeb7,0xeeb7,0xf739,0xf739,0xeed7,0xeeb7,0xe634,0xe675,0xeed7,0xc550,0xcd91,0xde34,0xde34,
    0xe696,0xf6f8,0xe676,0xf6f8,0xf719,0xe696,0xe675,0x59a4,0x59c5,0xf719,0xf719,0xf6d8,0xf6f8,0xe655,0xde35,0xd5b2,
    0xd5d3,0xc550,0x59c5,0xeef8,0xee97,0xe676,0xf6f8,0xf719,0xf6f8,0xf6f8,0xf6f8,0xf719,0xf719,0xf719,0xf6f8,0xeeb7,
    0xf719,0xf719,0xeed8,0xf718,0xeef8,0xf719,0xf719,0xf719,0xeeb7,0xeed7,0xf6f8,0xeef8,0xe696,0xde55,0xe675,0xd5d3,
    0x6a26,0xcd92,0xd5b2,0xd5b2,0xde14,0xf6f8,0xf6d8,0xe676,0xd5d3,0xde14,0x5164,0x61e5,0xf6f8,0xf6f8,0xeed7,0xf719,
    0xe655,0xddf3,0xd5d3,0xcd91,0x6a26,0x7a87,0xeeb7,0xe696,0xeed7,0xeed8,0xf73a,0xf719,0xf718,0xf6f8,0xeed7,0xff5a,
    0xf73a,0xf719,0xeeb7,0xf719,0xf719,0xeef8,0xeed7,0xf73a,0xf739,0xf719,0xf719,0xe696,0xee96,0xf6f8,0xf719,0xe696,
    0xe655,0xe676,0xde14,0x6206,0x9c0c,0xcd92,0xd5d2,0xd5d3,0xf6f8,0xeed8,0xde14,0xde34,0xde14,0x5164,0x0020,0x6206,
    0x61e5,0xf6f8,0xd5d2,0xe655,0xd5d3,0x6a46,0x6a26,0x4143,0xe675,0xf719,0xf6f8,0xf719,0xeed7,0xee96,0xf6f8,0xf6f8,
    0xee96,0xf719,0xf73a,0xf6f8,0xf6f9,0xf719,0xf6f8,0xeed8,0xf6f8,0xf719,0xf6f8,0xf719,0xf719,0xee96,0xf6f8,0xf6f8,
    0xf6f8,0xeeb7,0xeeb7,0xee97,0xe675,0xd5d3,0xcdb2,0x4143,0x61e5,0x6a05,0xddf3,0xd5d3,0xd5d2,0xde14,0x4964,0x5184,
    0x0020,0x0000,0x7206,0x69e5,0xeed7,0xde13,0xde34,0xd5d3,0x6226,0x59e5,0x51a4,0xe675,0xe697,0xeef8,0xeeb7,0xee96,
    0xeeb7,0xeed7,0xeed7,0xeeb7,0xf6f9,0xee96,0xee96,0xeef8,0xeef8,0xeed8,0xeef8,0xeed8,0xeef8,0xeeb7,0xeeb6,0xeeb7,
    0xee96,0xf6f8,0xf6f8,0xeeb7,0xe655,0xe675,0xe655,0xde14,0xd5d3,0xcd92,0x5184,0x6205,0x61e5,0xde13,0xd5b2,0xde14,
    0xde13,0x5184,0x51a4,0x0000,0x0000,0x0000,0x0000,0x5184,0x6205,0x51a4,0x51a4,0x28e2,0x0000,0x4143,0xeef8,0xe655,
    0xeeb7,0xeeb7,0xeed8,0xf719,0xf6f8,0xf6f8,0xf719,0xeeb7,0xeeb6,0xee96,0xf719,0xf6f8,0xf719,0xf719,0xf719,0xeed8,
    0xeeb7,0xeeb7,0xee96,0xf719,0xf6f8,0xeed7,0xeed7,0xeeb7,0xe676,0xde34,0xd5f3,0xd5d3,0xd5d3,0x59c5,0x0000,0x1060,
    0x5184,0x59a4,0x5184,0x59a4,0x1040,0x0000,0x0000,0x0000,0x0000,0x0000,0x0000,0x0000,0x0000,0x0000,0x0000,0x1060,
    0x6226,0x7ac8,0xd5f3,0xddf3,0xe675,0xeed8,0xe696,0xf719,0xf73a,0xf6f8,0xeeb6,0xeed7,0xeed7,0xeed7,0xeed7,0xeed7,
    0xeeb7,0xeef8,0xeeb7,0xeeb7,0xf719,0xf719,0xf6f8,0xee97,0xeeb6,0xe655,0xd5f3,0xd5d3,0xde13,0xde14,0xc571,0x8b08,
    0x51c5,0x61e5,0x0000,0x0000,0x0000,0x0000,0x0000,0x0000,0x0000,0x0000,0x0000,0x0000,0x0000,0x0000,0x0000,0x0000,
    0x0000,0x0000,0x6a26,0xf73a,0xe655,0x9b69,0x9b6a,0x8b8b,0xa38a,0xd5f3,0xde14,0xde35,0xe675,0xde14,0xe655,0xe696,
    0xe676,0xe696,0xeeb7,0xe696,0xe655,0xe696,0xe655,0xe634,0xeeb7,0xde14,0xddf3,0xde14,0xcdb2,0xd5f3,0xbd0f,0xbd30,
    0xb4ae,0x9b8a,0xc46c,0xd635,0x6267,0x0840,0x0000,0x0000,0x0000,0x0000,0x0000,0x0000,0x0000,0x0000,0x0000,0x0000,
    0x0000,0x0000,0x0000,0x0000,0x0000,0x4164,0xd635,0xe635,0xccce,0xff5a,0xf75b,0xd4ef,0xbc4c,0xcd91,0xcd92,0xc551,
    0xa38a,0xa40b,0x9baa,0xb48d,0xbd0f,0xc530,0xbd10,0xbcef,0xbd30,0xa40c,0xa3eb,0xbcef,0x9baa,0xbcce,0xbcce,0xd5d3,
    0xbd10,0xd530,0xdd30,0xeef8,0xccef,0xc48d,0xb510,0x7b09,0x0000,0x0000,0x0000,0x0000,0x0000,0x0000,0x0000,0x0000,
    0x0000,0x0000,0x0000,0x0000,0x0000,0x0000,0x0000,0x0820,0xc571,0xde56,0x9b8a,0xb40b,0xeef9,0xeed8,0xd52f,0xd4ce,
    0xff5b,0xf73a,0xd530,0xd4ef,0xf75b,0xf75b,0xbc6d,0xf719,0xf75b,0xcd30,0xeeb8,0xf75a,0xc4cf,0xbc4d,0xf719,0xff9c,
    0xccce,0xd50f,0xf75b,0xf73a,0xcd0f,0xc4ad,0xd635,0x9baa,0x9b49,0xd635,0xcdb3,0x938b,0x0000,0x0000,0x0000,0x0000,
    0x0000,0x0000,0x0000,0x0000,0x0000,0x0000,0x0000,0x0000,0x0000,0x3903,0x6a26,0xf73a,0xf73a,0xc48d,0xcccf,0xde35,
    0xc593,0xabcb,0xb3eb,0xeef8,0xeed8,0xd510,0xccef,0xf75b,0xf75b,0xd50f,0xff7b,0xf73a,0xddb2,0xf73b,0xf73a,0xd50f,
    0xd571,0xff5b,0xf719,0xccce,0xccce,0xd5d3,0xcdf4,0xa38a,0xa3ab,0xde35,0xbcaf,0xccad,0xde35,0xde56,0xde35,0x0820,
    0x0000,0x0000,0x0000,0x0000,0x0000,0x0000,0x0000,0x0000,0x0000,0x0000,0x0000,0x0000,0x59c5,0x5184,0xf75b,0xf75b,
    0xd50f,0xccef,0xf75a,0xff9c,0xd50f,0xa389,0xc592,0xd615,0x9baa,0xb44d,0xcdd4,0xd5f4,0xccce,0xf73a,0xf739,0xd571,
    0xeeb7,0xf71a,0xbc6d,0xb42c,0xd614,0xcdb3,0xa3ca,0x936a,0xcdd3,0xcdf4,0xd530,0xd50f,0xf719,0xd571,0xcc8d,0xe676,
    0xde97,0xcdd3,0x1881,0x0000,0x0000,0x0000,0x0000,0x0000,0x0000,0x0000,0x0000,0x0000,0x0000,0x0000,0x0000,0xa3aa,
    0xa3aa,0xf77b,0xf719,0xd4ef,0xd50f,0xff7b,0xe614,0xd4ee,0xd530,0xf75b,0xff9c,0xd530,0xcc8c,0xef19,0xeef9,0xc44c,
    0xbc4d,0xd635,0xb4ef,0xcdf4,0xc572,0xc46d,0xbc4c,0xeef8,0xe676,0xccad,0xccef,0xf75b,0xf75b,0xd4ef,0xccee,0xf73a,
    0xf75a,0xccce,0xe5d3,0xe676,0xe696,0x61e5,0x0000,0x0000,0x0000,0x0000,0x0000,0x0000,0x0000,0x0000,0x0000,0x0000,
    0x0000,0x0000,0xe675,0xde34,0xff7c,0xdd71,0xd50f,0xf719,0xf75b,0xdd91,0xd50f,0xd4ef,0xf75a,0xf77b,0xd52f,0xd551,
    0xff5b,0xff5b,0xd50f,0xdd50,0xf75b,0xc551,0xf75b,0xff5a,0xd52f,0xd4ee,0xf73a,0xf75b,0xd50f,0xd4ef,0xf75b,0xf75b,
    0xdd30,0xd50f,0xf6f9,0xff5a,0xccad,0xd4ef,0xe676,0xe696,0xc571,0x3902,0x0000,0x0000,0x0000,0x0000,0x0000,0x0000,
    0x0000,0x0000,0x0000,0x0000,0x59c5,0xee97,0xeed8,0xff5b,0xd530,0xd50f,0xf73a,0xff7b,0xd4ee,0xd50f,0xd530,0xf75a,
    0xff7b,0xd530,0xd52f,0xff7b,0xf77b,0xd50f,0xdd50,0xf75b,0xcd92,0xf77b,0xff39,0xd50f,0xd50f,0xf75b,0xf75a,0xd50f,
    0xd510,0xff5b,0xf75b,0xd4ef,0xccef,0xff5b,0xff7b,0xd50f,0xccef,0xe676,0xe697,0xc571,0x59c5,0x0000,0x0000,0x0000,
    0x0000,0x0000,0x0000,0x0000,0x0000,0x0000,0x0000,0x59c5,0xf73a,0xeed8,0xf77c,0xd550,0xd52f,0xf75b,0xf75b,0xd50f,
    0xd510,0xf6d7,0xf75a,0xff9c,0xd50f,0xd50f,0xff5b,0xff7b,0xdd30,0xdd2f,0xf75a,0xcd92,0xf719,0xff7b,0xd530,0xd50f,
    0xf73a,0xff5a,0xd50f,0xd550,0xf75b,0xf75b,0xd50f,0xd50f,0xf6f8,0xf75a,0xdd30,0xd50f,0xc4ce,0xde76,0xc551,0x61c4,
    0x0000,0x0000,0x0000,0x0000,0x0000,0x0000,0x0000,0x0000,0x0000,0x0000,0x6206,0xff7b,0xf6f8,0xffbd,0xdd2f,0xd50f,
    0xff7c,0xff5b,0xd4ee,0xdd0f,0xff5a,0xf75b,0xff7b,0xd50f,0xdd30,0xff7b,0xff9c,0xdd2f,0xdd50,0xff5a,0xc50f,0xff7b,
    0xffbc,0xd50f,0xd530,0xf75a,0xf75a,0xd50f,0xd530,0xff5b,0xf75b,0xdd0f,0xd4ef,0xf719,0xff7b,0xd4ee,0xd50f,0xc48d,
    0xe675,0xcdb2,0x61c5,0x0000,0x0000,0x0000,0x0000,0x0000,0x0000,0x0000,0x0000,0x0000,0x0000,0x9b6a,0xf75b,0xf719,
    0xff9c,0xd50f,0xd50f,0xf75a,0xf75b,0xdd2f,0xd50f,0xff7b,0xf75a,0xf759,0xdd2f,0xd550,0xff5b,0xf73a,0xd4ee,0xd50f,
    0xf73a,0xbcae,0xf739,0xf6f8,0xd530,0xd50f,0xff3a,0xf75a,0xd50f,0xd50f,0xff5a,0xff7b,0xdd2f,0xd50f,0xf6f8,0xff5a,
    0xdd50,0xd4ef,0xd4ce,0xf75a,0xde35,0x51a4,0x0000,0x0000,0x0000,0x0000,0x0000,0x0000,0x0000,0x0000,0x0000,0x0000,
    0x936a,0xffbd,0xf75b,0xf77b,0xdd0f,0xd510,0xf75b,0xf75b,0xd50f,0xd4ef,0xffbd,0xf75b,0xff9b,0xd50f,0xd50f,0xf75a,
    0xff7b,0xccad,0xbc2c,0xef19,0x9328,0xf75a,0xeeb8,0xccae,0xccce,0xff5b,0xf75b,0xd4ef,0xd52f,0xf75b,0xf75b,0xdd0f,
    0xd50f,0xf719,0xf75b,0xdd50,0xd4ee,0xd4ee,0xff7c,0xc572,0x59c4,0x0000,0x0000,0x0000,0x0000,0x0000,0x0000,0x0000,
    0x0000,0x0000,0x0000,0x9b8a,0xffbd,0xeed8,0xf77b,0xd50f,0xd530,0xf75b,0xff7b,0xd50f,0xd4ef,0xff7b,0xf75b,0xff7a,
    0xd50f,0xd530,0xf75b,0xf75a,0xd4ef,0xc46d,0xe6b7,0x82e8,0xff5a,0xe697,0xcc8d,0xd4ce,0xff5b,0xf75a,0xccee,0xdd30,
    0xf75b,0xf75b,0xd52f,0xd530,0xf719,0xff5b,0xee76,0xd50f,0xcc8d,0xe676,0xd5f4,0x6a25,0x0000,0x0000,0x0000,0x0000,
    0x0000,0x0000,0x0000,0x0000,0x0000,0x0000,0x9b69,0xf6f9,0xff3a,0xffde,0xd530,0xccce,0xf75b,0xf75a,0xd4ef,0xd4ef,
    0xff9c,0xf75b,0xf75a,0xd530,0xd530,0xf75b,0xf75b,0xd50f,0xabcb,0xef19,0x9349,0xe656,0xe656,0xd4ef,0xd4ce,0xf75a,
    0xf75a,0xd50f,0xd52f,0xf75a,0xf75a,0xd4ef,0xccef,0xf719,0xf75a,0xd4ee,0xccae,0xb3eb,0xd634,0xd5f3,0x4984,0x0000,
    0x0000,0x0000,0x0000,0x0000,0x0000,0x0000,0x0000,0x0000,0x0000,0x0000,0x6206,0x7266,0xffbd,0xd4ef,0xd4ee,0xf77b,
    0xf75b,0xd50f,0xd50f,0xff5a,0xf75a,0xf75a,0xd50f,0xd50f,0xf75a,0xf75a,0xccad,0xb3eb,0xeed8,0x4964,0xeeb8,0xe6b8,
    0xc46c,0xbc0b,0xf75b,0xff5a,0xd50f,0xd530,0xf75a,0xf75a,0xd510,0xccce,0xf6d7,0xf75a,0xdd50,0xc46c,0xbc0b,0xe697,
    0x4964,0x0000,0x0000,0x0000,0x0000,0x0000,0x0000,0x0000,0x0000,0x0000,0x0000,0x0000,0x0000,0x0000,0x1081,0x6206,
    0xd50f,0xcc8d,0xf75b,0xf73a,0xd4ce,0xd4ef,0xff9c,0xf75a,0xf73a,0xd50f,0xccee,0xf73a,0xf73a,0xbc4c,0xcdd3,0x59e5,
    0x0000,0x6a27,0xbd52,0xccce,0xccae,0xf73a,0xff7b,0xd50f,0xd50f,0xf75a,0xf75a,0xccad,0xc46d,0xee75,0xf719,0xbc4d,
    0xcc6c,0x82a8,0x5184,0x0000,0x0000,0x0000,0x0000,0x0000,0x0000,0x0000,0x0000,0x0000,0x0000,0x0000,0x0000,0x0000,
    0x0000,0x0000,0x0840,0x59c5,0x7246,0x72c8,0x6a67,0x6a26,0x6a26,0xddf3,0xe676,0xde55,0xd4ef,0xc4ae,0xde56,0xe676,
    0xbc6c,0xd5f3,0x59a5,0x0000,0x4143,0xeeb7,0xcc8d,0xc44c,0xf75a,0xff5a,0xcc8c,0xccce,0xe676,0xde55,0x51a4,0x6205,
    0x59c5,0x72c8,0x61c4,0x5184,0x1041,0x0000,0x0000,0x0000,0x0000,0x0000,0x0000,0x0000,0x0000,0x0000,0x0000,0x0000,
    0x0000,0x0000,0x0000,0x0000,0x0000,0x0000,0x3923,0x6205,0x7287,0x82c7,0x7a87,0x59e4,0xc592,0xcdf4,0xde56,0xc46d,
    0xabeb,0xe6b7,0xd5f4,0xb42c,0xd614,0x3923,0x0000,0x3923,0xf6f9,0xc46c,0xc46d,0xf75a,0xf6b6,0xa369,0xccce,0xcd92,
    0xcd92,0x51a4,0x4143,0x7266,0x7266,0x7a86,0x4143,0x0000,0x0000,0x0000,0x0000,0x0000,0x0000,0x0000,0x0000,0x0000,
    0x0000,0x0000,0x0000,0x0000,0x0000,0x0000,0x0000,0x0000,0x0000,0x3943,0xbc8e,0xd52e,0xfed6,0xdd4f,0xf633,0xd50f,
    0x6a05,0x4964,0x5184,0x59a4,0x4984,0x6205,0x4943,0x5184,0x0000,0x0000,0x0000,0x3923,0x59a4,0x4964,0x4984,0x51a4,
    0x51a4,0x4984,0x59c4,0xac0b,0xfed6,0xdd2e,0xfef6,0xfe53,0xfeb5,0x51a4,0x0020,0x0000,0x0000,0x0000,0x0000,0x0000,
    0x0000,0x0000,0x0000,0x0000,0x0000,0x0000,0x0000,0x0000,0x0000,0x0000,0x0000,0x0000,0xe5d2,0x69e2,0x5982,0xd50d,
    0x61a2,0x69e3,0x7203,0xfe74,0xfe95,0xe56f,0xdd2f,0x4984,0x0000,0x0000,0x0000,0x0000,0x0000,0x0000,0x0000,0x0000,
    0x0000,0x28c2,0x4144,0xdd2f,0xf5d1,0xfe54,0xfed7,0x7203,0x5962,0x61a2,0x7224,0x59a2,0x61a3,0x1881,0x0000,0x0000,
    0x0000,0x0000,0x0000,0x0000,0x0000,0x0000,0x0000,0x0000,0x0000,0x0000,0x0000,0x0000,0x0000,0x0000,0x7a64,0x61c3,
    0xa3aa,0xfe74,0xfe53,0xfe53,0xfef6,0x5140,0x69e2,0xf613,0xcc8c,0x5162,0x6a25,0x0000,0x0000,0x0000,0x0000,0x0000,
    0x0000,0x0000,0x0000,0x0000,0x0820,0x5183,0x5182,0xe590,0xfe95,0x69e2,0xfeb6,0xfed6,0xd4ac,0xff17,0xfe95,0x7204,
    0x6a04,0x0000,0x0000,0x0000,0x0000,0x0000,0x0000,0x0000,0x0000,0x0000,0x0000,0x0000,0x0000,0x0000,0x0000,0x0000,
    0x0000,0x61e5,0xedad,0x8aa5,0x69c2,0x61c2,0x69e2,0x5981,0x69c2,0x69e2,0x6a03,0xd4aa,0xccaa,0x4144,0x18a3,0x1083,
    0x0000,0x18c4,0x18a3,0x1062,0x18a3,0x0000,0x0000,0x1062,0xdd2b,0xbc4a,0x6a03,0x61c2,0x69c2,0x69c2,0x5961,0x61a2,
    0x59a2,0x69c2,0xe54c,0x9347,0x0000,0x0000,0x0000,0x0000,0x0000,0x0000,0x0000,0x0000,0x0000,0x0000,0x0000,0x0000,
    0x0000,0x0000,0x0000,0x0000,0x59a4,0xc4aa,0xdd2c,0xf5cd,0xe56c,0xe58d,0xe54c,0xe58c,0xe58d,0xc468,0xc449,0x9b27,
    0x51a5,0x1083,0x10a3,0x18a3,0x18a3,0x18a3,0x18a3,0x18a3,0x1083,0x1062,0x2924,0x61e5,0xb3c8,0xdd2c,0xe58d,0xedae,
    0xedae,0xdd6c,0xe5ad,0xe58d,0xedac,0xd50b,0x6a25,0x0000,0x0000,0x0000,0x0000,0x0000,0x0000,0x0000,0x0000,0x0000,
    0x0000,0x0000,0x0000,0x0000,0x0000,0x18a3,0x0000,0x1083,0x1061,0x49a4,0x59c4,0x6204,0x61e4,0x7266,0x59e4,0x51a3,
    0x6205,0x2904,0x18a3,0x18a3,0x18a3,0x18a3,0x18a3,0x18a3,0x18a3,0x18c4,0x18a3,0x18a3,0x18a3,0x18a3,0x1082,0x20e3,
    0x3124,0x7aa6,0x6205,0x6205,0x6225,0x6a25,0x59c4,0x6205,0x20c4,0x10a3,0x1062,0x18a3,0x20e4,0x0000,0x0000,0x0000,
    0x0000,0x0000,0x0000,0x0000,0x0000,0x0000,0x0000,0x0000,0x0000,0x0841,0x1062,0x0821,0x0861,0x28c2,0x30e2,0x28c2,
    0x18a3,0x20c2,0x1040,0x1082,0x0841,0x10a3,0x1062,0x1062,0x18a3,0x18a3,0x18a3,0x18a3,0x18a3,0x10a3,0x18c4,0x18a3,
    0x0862,0x1082,0x1083,0x18e4,0x1082,0x18a3,0x20c2,0x1881,0x1061,0x2104,0x0000,0x0021,0x0020,0x18a3,0x0000,0x0000,
    0x0000,0x0000,0x0000,0x0000,0x0000,0x0000,0x0000,0x0000,0x0000,0x0000,0x0000,0x0000,0x0000,0x0000,0x0000,0x0000,
    0x0000,0x0000,0x0841,0x18a4,0x0000,0x0000,0x0000,0x0000,0x18a3,0x0000,0x0000,0x18a3,0x18a3,0x18a4,0x18c4,0x18c4,
    0x0000,0x20e4,0x18c4,0x0000,0x1083,0x0021,0x0000,0x1083,0x1083,0x0000,0x0841,0x0000,0x1083,0x0000,0x0000,0x0000,
    0x0000,0x0000,0x0000,0x0000,0x0000,0x0000,0x0000,0x0000,
};
static const muse_wardrobe_asset_t muse_wardrobe_assets[] = {
    {"mild-knit", 60, 72, muse_wardrobe_pixels_0},
    {"warm-crochet", 63, 72, muse_wardrobe_pixels_1},
    {"cool-suede", 58, 72, muse_wardrobe_pixels_2},
    {"cold-layers", 57, 72, muse_wardrobe_pixels_3},
    {"wind-shell", 60, 72, muse_wardrobe_pixels_4},
    {"rain-shell", 58, 72, muse_wardrobe_pixels_5},
    {"heatwave-linen", 58, 72, muse_wardrobe_pixels_6},
    {"freezing-puffer", 58, 72, muse_wardrobe_pixels_7},
    {"cold-rain-parka", 54, 72, muse_wardrobe_pixels_8},
    {"fog-overshirt", 57, 72, muse_wardrobe_pixels_9},
    {"warm-rain-shell", 57, 72, muse_wardrobe_pixels_10},
    {"hot-wind-stripes", 58, 72, muse_wardrobe_pixels_11},
    {"hot-shorts", 51, 72, muse_wardrobe_pixels_12},
};
